<?xml version="1.0" encoding="UTF-8"?>
<kml xmlns="http://www.opengis.net/kml/2.2" xmlns:gx="http://www.google.com/kml/ext/2.2" xmlns:kml="http://www.opengis.net/kml/2.2" xmlns:atom="http://www.w3.org/2005/Atom">
<Document>
	<name>Coverage Desnarum</name>
	<open>1</open>
	<atom:link rel="app" href="https://www.google.com/earth/about/versions/#earth-pro" title="Google Earth Pro 7.3.7.1327"></atom:link>
	<Schema name="polygon_kelurahan" id="polygon_kelurahan111">
		<SimpleField type="string" name="Name">
		</SimpleField>
		<SimpleField type="int" name="id">
		</SimpleField>
		<SimpleField type="string" name="provinsi">
		</SimpleField>
		<SimpleField type="string" name="kota">
		</SimpleField>
		<SimpleField type="string" name="kecamatan">
		</SimpleField>
		<SimpleField type="int" name="NUM_FIELD">
		</SimpleField>
	</Schema>
	<StyleMap id="m_ylw-pushpin">
		<Pair>
			<key>normal</key>
			<styleUrl>#s_ylw-pushpin</styleUrl>
		</Pair>
		<Pair>
			<key>highlight</key>
			<styleUrl>#s_ylw-pushpin_hl</styleUrl>
		</Pair>
	</StyleMap>
	<Style id="s_ylw-pushpin">
		<IconStyle>
			<scale>1.1</scale>
			<Icon>
				<href>http://maps.google.com/mapfiles/kml/pushpin/ylw-pushpin.png</href>
			</Icon>
			<hotSpot x="20" y="2" xunits="pixels" yunits="pixels"/>
		</IconStyle>
		<PolyStyle>
			<color>66ff00aa</color>
		</PolyStyle>
	</Style>
	<Style id="s_ylw-pushpin_hl">
		<IconStyle>
			<scale>1.3</scale>
			<Icon>
				<href>http://maps.google.com/mapfiles/kml/pushpin/ylw-pushpin.png</href>
			</Icon>
			<hotSpot x="20" y="2" xunits="pixels" yunits="pixels"/>
		</IconStyle>
		<PolyStyle>
			<color>66ff00aa</color>
		</PolyStyle>
	</Style>
	<Placemark>
		<name>DESNARUM JAYA AKASHA_KENDAL_ST-KALIWUNGU</name>
		<description>ST: DESNARUM JAYA AKASHA_KENDAL_ST-KALIWUNGU | Partner: DESNARUM JAYA AKASHA</description>
		<styleUrl>#m_ylw-pushpin</styleUrl>
		<Polygon>
			<outerBoundaryIs>
				<LinearRing>
					<coordinates>
						110.2328266934532,-6.969935037669353,0 110.2399763311038,-6.971850766435217,0 110.2396495971242,-6.968389135991594,0 110.2429317048819,-6.968367968521127,0 110.2452501484821,-6.967436216350044,0 110.2453117483671,-6.969700677869928,0 110.2456530985013,-6.973222323124397,0 110.2450698763707,-6.974836381199872,0 110.2467731179446,-6.975691117607301,0 110.2497229001491,-6.974799429774312,0 110.2506239139999,-6.974081235973083,0 110.2497224159886,-6.969674608937773,0 110.2489411077696,-6.967265674938469,0 110.2505167154534,-6.966587976122176,0 110.253393243272,-6.965476221506948,0 110.2576466776727,-6.964820636913227,0 110.2608910393414,-6.964688733369854,0 110.2619332851324,-6.964116025711903,0 110.2623335043854,-6.963205658446784,0 110.2653427690483,-6.963739305549453,0 110.2694239067964,-6.96444597191128,0 110.2716769666882,-6.965081851216388,0 110.272367126815,-6.965212828509699,0 110.2726630364596,-6.963893504335206,0 110.2705569616911,-6.962471233811964,0 110.2690574799181,-6.961649887126892,0 110.2657816014132,-6.960417470669238,0 110.2619676040859,-6.959383324164808,0 110.2607793032688,-6.959494213170804,0 110.2596458733706,-6.958214130504395,0 110.2607065797802,-6.957554784665415,0 110.2624319866,-6.955414670525262,0 110.2624780831169,-6.954701061254124,0 110.2617855103704,-6.953079108639653,0 110.2608116096656,-6.952516310319429,0 110.2588142915553,-6.954184724223139,0 110.2564901368719,-6.956918778628807,0 110.2552102357444,-6.958572001238337,0 110.2543517193759,-6.958536816938583,0 110.2565442947362,-6.953437967516474,0 110.2597295926383,-6.946267255644983,0 110.2556620710091,-6.944726445977344,0 110.2542218232035,-6.94447116252619,0 110.2533616725536,-6.943022920638001,0 110.2505389001061,-6.942242321438759,0 110.2487884956414,-6.948097817985939,0 110.2515050073762,-6.949225354884422,0 110.2501531008398,-6.952539838448304,0 110.2491013185616,-6.95243092917759,0 110.2482512954542,-6.954433036087473,0 110.2468055973755,-6.953931408949471,0 110.2476722154343,-6.951936941221218,0 110.2440840946916,-6.950783346070058,0 110.2426700216612,-6.950874306699633,0 110.2415279336232,-6.951815858914589,0 110.2411914773689,-6.953317188916894,0 110.2397433422606,-6.95362129482637,0 110.2378330361383,-6.954441875822799,0 110.2375398445564,-6.956486349489875,0 110.2396287899059,-6.95731253475413,0 110.241060512904,-6.958051706742972,0 110.2414914227435,-6.958558233891253,0 110.2403580843182,-6.961035462470594,0 110.2402546795658,-6.961872035198702,0 110.238490630784,-6.961902464519059,0 110.2386509029648,-6.960735479833486,0 110.2365283255263,-6.960631632970188,0 110.2361425842991,-6.960642077537551,0 110.2356029890936,-6.962965069752118,0 110.2334020168,-6.965410063484074,0 110.2328266934532,-6.969935037669353,0 
					</coordinates>
				</LinearRing>
			</outerBoundaryIs>
		</Polygon>
	</Placemark>
	<Placemark>
		<name>DESNARUM JAYA AKASHA_KENDAL_ST-WELERI</name>
		<description>ST: DESNARUM JAYA AKASHA_KENDAL_ST-WELERI | Partner: WELERI</description>
		<styleUrl>#m_ylw-pushpin</styleUrl>
		<Polygon>
			<outerBoundaryIs>
				<LinearRing>
					<coordinates>
						110.066730196702,-6.971289986545806,0 110.0676522669393,-6.971192496111773,0 110.0677604029734,-6.970757174466781,0 110.0693621588327,-6.971393016566393,0 110.0717015389405,-6.972149466222877,0 110.0734452887082,-6.97262917427778,0 110.0746736020466,-6.97291646168672,0 110.07606807249,-6.973225251895378,0 110.0766518800329,-6.973273139464737,0 110.076975200431,-6.973186758497218,0 110.0770458110214,-6.973005145689156,0 110.0775576167351,-6.973047951361353,0 110.0779289115812,-6.97302430949424,0 110.0783059415222,-6.972972608339883,0 110.0787289670979,-6.972895984080628,0 110.0803308146942,-6.972469728196284,0 110.0814741689348,-6.972123735471074,0 110.0814763652569,-6.972123690884231,0 110.0826345213718,-6.971926129997938,0 110.0836885319259,-6.971758245292615,0 110.0845102687925,-6.971675258055099,0 110.0854259314746,-6.971590129122167,0 110.0856770254472,-6.971563240618183,0 110.0856745700865,-6.971692553772986,0 110.0856835146667,-6.971692372152289,0 110.0866718402976,-6.971707593942093,0 110.087260179358,-6.971629565561265,0 110.0881470183301,-6.971407604801792,0 110.0893457432885,-6.971283003762919,0 110.0904712786072,-6.971125288218074,0 110.0905295020522,-6.970875276746189,0 110.0906534347227,-6.970834696211214,0 110.0906652938311,-6.97083190716987,0 110.090682057147,-6.970826466334675,0 110.0907055586027,-6.970823436844901,0 110.0912717785212,-6.970745106884804,0 110.0919004992918,-6.970640911949288,0 110.093586053085,-6.970401332479677,0 110.0953452653474,-6.97014794461743,0 110.0954749495209,-6.970240108547258,0 110.0960086349046,-6.97029123292248,0 110.0965503711556,-6.970171126473004,0 110.0977736784111,-6.969936580250649,0 110.0986622654763,-6.969799385425263,0 110.0997674085989,-6.969580493814176,0 110.0998414397146,-6.969115449005478,0 110.0957592453061,-6.969507450279768,0 110.0958586805087,-6.969614757526273,0 110.0958037084131,-6.969828102887456,0 110.0956428288427,-6.969968273363645,0 110.0948330409943,-6.970137348498762,0 110.0922714993199,-6.970489395819073,0 110.0904499231541,-6.970728459188108,0 110.0879356504785,-6.97111257704686,0 110.0879152542544,-6.970920705986343,0 110.0868043438453,-6.971017195384065,0 110.0855064132851,-6.971211485049457,0 110.0853475151519,-6.97139645516193,0 110.0825862851566,-6.971733043967798,0 110.0816514421265,-6.971897431531989,0 110.080734029083,-6.97209344806391,0 110.0795396967207,-6.972498403186369,0 110.0788281831478,-6.972696794399242,0 110.0782050761897,-6.972727468002316,0 110.0784353471161,-6.97232441273733,0 110.078127247465,-6.972271951025454,0 110.0774195188784,-6.972479467614268,0 110.0771854717108,-6.972625801275727,0 110.0771033042689,-6.972569164452484,0 110.0771021962412,-6.972561185520577,0 110.0771007161599,-6.972550527425166,0 110.076970386942,-6.9724204012428,0 110.076960741678,-6.972409606089927,0 110.0769533317459,-6.972395985116691,0 110.076950243944,-6.972393289052305,0 110.0768551077045,-6.97226671562807,0 110.0768442857125,-6.972266934978826,0 110.0768280527131,-6.972267264003372,0 110.0768118197001,-6.972267593025988,0 110.0767928811677,-6.972267976883276,0 110.0767604150688,-6.972268634918255,0 110.0763777705098,-6.972170692852604,0 110.0761551198234,-6.972303472401344,0 110.0754893980691,-6.97205133213227,0 110.074548645248,-6.971797191851278,0 110.0705713039818,-6.970391010882644,0 110.0702965239224,-6.970590665520399,0 110.0680019622035,-6.969910592100502,0 110.0679564802496,-6.969922838903472,0 110.067690463534,-6.969845192879555,0 110.0676883000183,-6.96976814406324,0 110.0677127952663,-6.969501768410026,0 110.0675582361949,-6.968878808683361,0 110.0669609255154,-6.968608902183691,0 110.0660461171434,-6.968188339416137,0 110.0660211810577,-6.968379752238057,0 110.0659695370667,-6.968630437412207,0 110.0658504285292,-6.969110827131773,0 110.065718959336,-6.969203291793503,0 110.0647154587755,-6.968780937514792,0 110.0643347486477,-6.969807883268149,0 110.066730196702,-6.971289986545806,0 
					</coordinates>
				</LinearRing>
			</outerBoundaryIs>
		</Polygon>
	</Placemark>
	<Placemark>
		<name>Boundary Sulur 1&amp;2</name>
		<styleUrl>#m_ylw-pushpin</styleUrl>
		<Polygon>
			<tessellate>1</tessellate>
			<outerBoundaryIs>
				<LinearRing>
					<coordinates>
						111.2122656971155,-7.186156942679936,0 111.2137667860616,-7.186897997814307,0 111.2147817023776,-7.185923148288056,0 111.2174080407848,-7.181376627965432,0 111.2195605307319,-7.181926321733608,0 111.2193087363861,-7.183474878652013,0 111.2197720258313,-7.183756422596618,0 111.2197778092584,-7.187739639649571,0 111.2209885236946,-7.188053832469916,0 111.2210075555764,-7.186855721510531,0 111.2217665637155,-7.186707801208817,0 111.221875949403,-7.185986916062035,0 111.2223336043668,-7.185731511079121,0 111.2224256457026,-7.184274574033869,0 111.2234324782565,-7.184360723236389,0 111.2241347319046,-7.186369045507274,0 111.2257019416162,-7.186178096415401,0 111.2243365873974,-7.181706680390914,0 111.2256523568897,-7.179601844644491,0 111.2270508668161,-7.181174068981818,0 111.2278362504422,-7.180480494542014,0 111.2282522464047,-7.180066921450329,0 111.2264688373979,-7.178222628361064,0 111.2276185556544,-7.174431380563611,0 111.2289244326494,-7.17463602994389,0 111.2297824041525,-7.171973513343948,0 111.2271885690545,-7.171485815125999,0 111.2275429200806,-7.168998139456032,0 111.2266456123419,-7.168639022827271,0 111.2267814842336,-7.166577668250799,0 111.2229555245816,-7.165913931327601,0 111.2229330280079,-7.164317267795418,0 111.2256872508547,-7.164541802288984,0 111.2261719051046,-7.162164929966419,0 111.2232174984713,-7.162142072628443,0 111.2231815604295,-7.16252987954503,0 111.2223045832787,-7.162575415750332,0 111.2218773761736,-7.160209022319778,0 111.2225353475789,-7.157516477982045,0 111.2275276912594,-7.159418640253186,0 111.2273062074217,-7.160209080732798,0 111.231140522996,-7.160902572301107,0 111.2312398180543,-7.159604954927445,0 111.2248040809497,-7.15728976749531,0 111.2250817653268,-7.155908107505331,0 111.2258321719907,-7.155867317521654,0 111.2256110441206,-7.153879913642766,0 111.2223110425182,-7.154086873271024,0 111.2226622478571,-7.155753901853091,0 111.2195554919388,-7.155594897268085,0 111.2195115082816,-7.154934358095817,0 111.2179262756804,-7.154751500403657,0 111.2174817318271,-7.156590774573386,0 111.2184850149093,-7.156455437468314,0 111.2187995815909,-7.157735862778319,0 111.2212657467657,-7.157355328929444,0 111.2207314688949,-7.159776504001858,0 111.2212147259386,-7.162929106326215,0 111.220305184292,-7.163934705344341,0 111.2201439288252,-7.162950594426179,0 111.2171411712625,-7.163293774971658,0 111.2169354869348,-7.164083846075984,0 111.2174663207299,-7.164805584020292,0 111.2191647676449,-7.16495364539263,0 111.2187426276496,-7.166282332293333,0 111.2165985223299,-7.166107525448866,0 111.2163605209428,-7.168254194134127,0 111.2154376224819,-7.168146626078276,0 111.2151097990388,-7.171273870812997,0 111.2142299626265,-7.171361228029753,0 111.2138084473382,-7.172815947705585,0 111.2144549002127,-7.173225524816715,0 111.2140645758849,-7.17426055650229,0 111.2133963694272,-7.17408403450733,0 111.2117354897082,-7.174986109565228,0 111.2103983136167,-7.178062876675559,0 111.2117078824225,-7.17885267831571,0 111.211437735264,-7.179724533985429,0 111.2115936241299,-7.17976856829922,0 111.2102506237453,-7.181756346923488,0 111.2093389668072,-7.183607276216898,0 111.209712773901,-7.183714079561733,0 111.2084374044268,-7.185347649620643,0 111.2082447969444,-7.186150156177536,0 111.2089313498721,-7.186366004938274,0 111.2086879873752,-7.187653483645005,0 111.2093644975409,-7.187674840604154,0 111.2097969333865,-7.187546697124391,0 111.2098841787642,-7.187546698084651,0 111.2104508663068,-7.18666759288902,0 111.2108661856264,-7.186646081301273,0 111.2114611093733,-7.185804124344051,0 111.2122656971155,-7.186156942679936,0 
					</coordinates>
				</LinearRing>
			</outerBoundaryIs>
		</Polygon>
	</Placemark>
	<Placemark>
		<name>DESNARUM JAYA AKASHA_SEMARANG_ST-SEMARANG TAWANG</name>
		<description>ST: DESNARUM JAYA AKASHA_SEMARANG_ST-SEMARANG TAWANG | Partner: Poligon Tanpa Nama</description>
		<styleUrl>#m_ylw-pushpin</styleUrl>
		<Polygon>
			<outerBoundaryIs>
				<LinearRing>
					<coordinates>
						110.4367674405715,-6.956724938929549,0 110.4355809395059,-6.957313513646197,0 110.4364330011571,-6.960336337433195,0 110.4355884470561,-6.962652176201619,0 110.4310221478816,-6.964740937265481,0 110.4311303240284,-6.969774192644682,0 110.4387765543373,-6.970491854746591,0 110.4372258270306,-6.975049132975321,0 110.4349154461096,-6.975913938808056,0 110.4347295768219,-6.985202839184788,0 110.4402974461472,-6.985643426938447,0 110.4436380786764,-6.96582364989419,0 110.44251903405,-6.960070516824727,0 110.441789560078,-6.958022302036577,0 110.4411823204536,-6.955868443525916,0 110.4406128873431,-6.955330692775517,0 110.4401995651829,-6.952480345297343,0 110.4406061638351,-6.95053251331016,0 110.4420137356359,-6.947154989091008,0 110.4402687266265,-6.94636410479398,0 110.4393331232535,-6.944747414164236,0 110.4383187732603,-6.941571403333636,0 110.4364516241972,-6.942505536593671,0 110.4374118962874,-6.951146202024168,0 110.4366409892975,-6.953009791782207,0 110.4378638440449,-6.955660302027255,0 110.4374380149113,-6.956231656396199,0 110.4367674405715,-6.956724938929549,0 
					</coordinates>
				</LinearRing>
			</outerBoundaryIs>
		</Polygon>
	</Placemark>
	<Placemark>
		<name>DESNARUM JAYA AKASHA_GROBOGAN_ST-KRADENAN</name>
		<description>ST: DESNARUM JAYA AKASHA_GROBOGAN_ST-KRADENAN | Partner: DESNARUM JAYA AKASHA</description>
		<styleUrl>#m_ylw-pushpin</styleUrl>
		<Polygon>
			<outerBoundaryIs>
				<LinearRing>
					<coordinates>
						111.1787988382722,-7.160339807228883,0 111.1863054838308,-7.1633759536241,0 111.1859024509892,-7.165276125746137,0 111.1857910221174,-7.165873847393057,0 111.185703857612,-7.166743394318465,0 111.1854652017882,-7.167582054356943,0 111.185526719677,-7.168305282686807,0 111.1855741394442,-7.16958489011184,0 111.1854757375063,-7.17052569278759,0 111.1866135526981,-7.17065586737829,0 111.1871026680743,-7.171075654401797,0 111.1883658561641,-7.171513846685941,0 111.189030660403,-7.171229230979971,0 111.190019739082,-7.171408256614503,0 111.1904584770998,-7.171262387919055,0 111.1906672034282,-7.170324968047595,0 111.1906755553774,-7.170304144278605,0 111.1907136645711,-7.170262436577971,0 111.191110203123,-7.16902565712648,0 111.1908568759336,-7.168127025464848,0 111.1908914130731,-7.167429711133531,0 111.1901002834348,-7.167327355849309,0 111.1898370796897,-7.167656752380616,0 111.1883781082458,-7.167129282728181,0 111.1884635523413,-7.166121245651123,0 111.1922910756452,-7.167193194066765,0 111.1928411279537,-7.166055843456602,0 111.1941457208682,-7.166399383511765,0 111.1939443848304,-7.167669674094558,0 111.1958703483993,-7.168024033837627,0 111.1959719275745,-7.167447470384416,0 111.1955347080504,-7.167205329585471,0 111.1961373015737,-7.165665234140606,0 111.1956306908313,-7.165495758534337,0 111.1958756368446,-7.163877875148752,0 111.1953432256547,-7.163821779818733,0 111.1952239035189,-7.164526278077775,0 111.193368392731,-7.163849874833712,0 111.1934719014163,-7.163466063208385,0 111.193258335913,-7.163366476576468,0 111.1935307357816,-7.162355433081459,0 111.1946180915177,-7.162680136725988,0 111.1948044357551,-7.161980790395896,0 111.1954799976467,-7.162075463498453,0 111.1960688665059,-7.159922154017268,0 111.1952059701941,-7.159792425649323,0 111.1947512656446,-7.160609938269171,0 111.1931970519021,-7.160237143290404,0 111.1930220219105,-7.161066058424591,0 111.191781784338,-7.161153417281478,0 111.1914131452125,-7.161407758436868,0 111.1912686635282,-7.161898780696052,0 111.1906305812178,-7.161794182413814,0 111.1903783458935,-7.163059045014466,0 111.1883897406055,-7.162420527627179,0 111.1887150532667,-7.160785976660064,0 111.1883601870356,-7.160631922150842,0 111.1886903600454,-7.156116208083987,0 111.1892442547641,-7.156270847566883,0 111.1895028931517,-7.155532997603458,0 111.1945901249794,-7.156429472108641,0 111.1947131301931,-7.155514055091977,0 111.1942617895364,-7.155329741030939,0 111.1943329194284,-7.154469717911594,0 111.1934918988019,-7.154384247697781,0 111.19341247006,-7.153760585032236,0 111.1898868589512,-7.152882031872174,0 111.1898622394441,-7.152619293417818,0 111.189691429032,-7.151686718419826,0 111.1897796802913,-7.151203665347579,0 111.1887014032697,-7.151005512039259,0 111.1888715002455,-7.146560759303761,0 111.1908540172894,-7.146063703360848,0 111.1908575508109,-7.146768635829003,0 111.1957325252167,-7.146128866907886,0 111.1976112649189,-7.146134834703685,0 111.20036683087,-7.146879985638445,0 111.200753903168,-7.145684501031599,0 111.2020106050288,-7.14581600483407,0 111.2022035028753,-7.144166524998055,0 111.2018905685476,-7.142055067591341,0 111.1924580667918,-7.144224072632217,0 111.1900858132092,-7.144319564656619,0 111.1898976732911,-7.143782921294137,0 111.188685420493,-7.143917317285271,0 111.1871389892862,-7.138833187843339,0 111.1871986179156,-7.137129121387136,0 111.1869958137548,-7.136002547907694,0 111.1871035521252,-7.13597446459119,0 111.1875008273766,-7.134365784243728,0 111.1880173549613,-7.13442861521531,0 111.188331409594,-7.134312030111695,0 111.1922039764118,-7.133753464646623,0 111.1926851506252,-7.133674119766602,0 111.1940224639445,-7.133713108613096,0 111.1947478623946,-7.132841351414716,0 111.1957707313545,-7.132776744726462,0 111.1963488607343,-7.133282212374059,0 111.196857313047,-7.133259259928659,0 111.1971119928851,-7.132654733765309,0 111.1988948295334,-7.132139311156698,0 111.1989510985157,-7.131746973343761,0 111.2000856921353,-7.131395494554985,0 111.2008166753089,-7.13135082241146,0 111.2010144942984,-7.131181180058175,0 111.2018678485375,-7.131155655748199,0 111.2025781754128,-7.131788004100602,0 111.2038304584892,-7.13194297074405,0 111.2039135736776,-7.130507994676557,0 111.1993363464918,-7.1304611643363,0 111.1993094761097,-7.130282601761437,0 111.1984442893373,-7.130352623222991,0 111.1984693052531,-7.130592308587038,0 111.1949024469435,-7.130913307312184,0 111.1948323724947,-7.130661427627005,0 111.1926641601804,-7.130592270910458,0 111.1906887626598,-7.130882847903599,0 111.1907608488076,-7.129983029100704,0 111.1910094430775,-7.130035997479877,0 111.1911608940166,-7.12894637757837,0 111.190856817643,-7.128946368083764,0 111.1909605841545,-7.128626053092256,0 111.1904931110994,-7.128557346248316,0 111.1905516778385,-7.128038476642115,0 111.1903130698949,-7.127979709158669,0 111.19112931433,-7.123841009682628,0 111.1932862772418,-7.12450651431744,0 111.193332084974,-7.124845808764755,0 111.1941417423163,-7.125095325243964,0 111.1941784140023,-7.125326949196604,0 111.194570247319,-7.125426646394581,0 111.1944894358503,-7.12616526082058,0 111.1961215628368,-7.126460349134795,0 111.1961661283663,-7.12582891295661,0 111.1972501385703,-7.126018530750513,0 111.1973986615997,-7.124980352569555,0 111.1958327263875,-7.12470031518418,0 111.1958103428846,-7.124700314942289,0 111.1958642187691,-7.123958379632018,0 111.1961892732892,-7.122085118618349,0 111.1963017584402,-7.121692333639252,0 111.1967800825694,-7.121722833303584,0 111.1967763470227,-7.122108339232284,0 111.1975608727444,-7.122175737424698,0 111.1975853984258,-7.121844440101077,0 111.1981122909953,-7.121942796022627,0 111.1981400325325,-7.121238024488299,0 111.196252922268,-7.121121159981045,0 111.1963013389149,-7.120885762940304,0 111.1959982080285,-7.120909400814868,0 111.1961847426096,-7.120400104562867,0 111.196373552882,-7.120372987601677,0 111.1966281687206,-7.119588645093884,0 111.1964039016207,-7.119463296349998,0 111.1963033282895,-7.119234470692939,0 111.1975811654735,-7.116312804115974,0 111.1955723935068,-7.115970632310016,0 111.1942950626611,-7.118697547496194,0 111.1939598135177,-7.118648888321174,0 111.1938498016203,-7.119131137735974,0 111.1936636513192,-7.119099269160198,0 111.1934962188052,-7.119868286691002,0 111.1936150403658,-7.120083659974688,0 111.1938772884791,-7.120167759239696,0 111.1943310967385,-7.120144866249537,0 111.1943540266719,-7.120060696410911,0 111.1948933101129,-7.120167784662234,0 111.1954795048248,-7.120350262781033,0 111.195820041541,-7.120456075979295,0 111.1956825838248,-7.121044577584175,0 111.1951281678604,-7.120874716457251,0 111.1949882859361,-7.121081333442371,0 111.194698423715,-7.121029841024076,0 111.1944262086232,-7.122051264518732,0 111.1935328545877,-7.121897970524781,0 111.1933494659525,-7.122289156341325,0 111.1931312411413,-7.122715490870274,0 111.193002549784,-7.123154518601391,0 111.192564722779,-7.12314092065797,0 111.1925435687183,-7.123140920452892,0 111.1925109408841,-7.122819133359699,0 111.1925942024929,-7.122527740638875,0 111.1927357060476,-7.121948114994003,0 111.1926125631035,-7.121811742620146,0 111.1928025089626,-7.12080457278543,0 111.1919276155587,-7.120464292620056,0 111.1918066335891,-7.120441434526921,0 111.1919304419906,-7.11974030599758,0 111.1916065264709,-7.119221659146372,0 111.1911988446243,-7.119127945132694,0 111.1912811480391,-7.118488187417029,0 111.1888533947499,-7.117846439403181,0 111.1887517718954,-7.118359609342047,0 111.1895525853169,-7.118600959525556,0 111.1894049811961,-7.119054381088025,0 111.189706410071,-7.119157254313339,0 111.1892139163335,-7.121307711667014,0 111.1895839668858,-7.12149764265048,0 111.1893582439678,-7.122730724241633,0 111.1910767081787,-7.123173436959987,0 111.1905333775459,-7.125486784556978,0 111.1899166811132,-7.125356650058346,0 111.189747850793,-7.126105754135106,0 111.1888854102136,-7.125879955497586,0 111.188717683676,-7.126658879557564,0 111.1892542799535,-7.126830965954164,0 111.189243944285,-7.127451320039425,0 111.189496606576,-7.12753465388495,0 111.1894946414341,-7.128259678253364,0 111.189490340841,-7.128743546476711,0 111.1894849478106,-7.128792793966281,0 111.1894808166604,-7.129072229560972,0 111.189473833888,-7.129219232954896,0 111.1894908495025,-7.130386853782908,0 111.1895142487626,-7.130821651506603,0 111.1892563022142,-7.130849962361099,0 111.1892278551957,-7.131201047928223,0 111.1889348125482,-7.131194071933831,0 111.1888803601032,-7.131676986319987,0 111.1882299794445,-7.131679181199376,0 111.1881820002546,-7.13233294488183,0 111.1862321574467,-7.132466772267805,0 111.1851591881744,-7.132613820933249,0 111.1842173473972,-7.132375196894253,0 111.1830358389432,-7.132141231769963,0 111.1825015496755,-7.132158129245459,0 111.1822060612076,-7.132398765160241,0 111.1795873896872,-7.132253099761701,0 111.1794910822448,-7.132615325667367,0 111.1788998559082,-7.132572121453091,0 111.1788843294349,-7.132398622720578,0 111.1786068180859,-7.132391351920638,0 111.1796999288033,-7.129852467558352,0 111.1798452242446,-7.129050049398106,0 111.180753987223,-7.129002510572055,0 111.1810495173236,-7.128857589023633,0 111.1820471781837,-7.128988110204125,0 111.1822628837142,-7.128930215902014,0 111.1824069531322,-7.128321019114146,0 111.1827995405503,-7.128380433459937,0 111.1829141787476,-7.128183477900486,0 111.1832184173117,-7.128197767364761,0 111.1832473161712,-7.128197768371478,0 111.1832834396462,-7.128197769625664,0 111.1835688296464,-7.127939431520419,0 111.1836235425677,-7.127495139254082,0 111.1836764317449,-7.12734764842464,0 111.1843667717718,-7.127397649745848,0 111.1847555735101,-7.125701417442157,0 111.1838747079179,-7.125411756508503,0 111.1834769610326,-7.125296807726453,0 111.1842491751638,-7.121961338715595,0 111.1800133046752,-7.121188788276353,0 111.1793565159569,-7.12365606696391,0 111.1793099430795,-7.12376909191333,0 111.1789470524417,-7.123663128553419,0 111.1788004613932,-7.124281174108065,0 111.1791147383785,-7.124405501558975,0 111.1787840332996,-7.125765773056294,0 111.1783551962732,-7.125637671736149,0 111.177716736309,-7.127114457768062,0 111.1780381635136,-7.127254959402734,0 111.1778961914206,-7.127779932773996,0 111.1774442301941,-7.129247303752002,0 111.1779826161184,-7.129655133089982,0 111.177712596643,-7.130636148041279,0 111.1772080315986,-7.130542704336202,0 111.1770327421805,-7.131293803323484,0 111.1785553044936,-7.131653674149923,0 111.1783033739498,-7.132318680899255,0 111.176403579293,-7.131792872475656,0 111.1751857531971,-7.131561038485682,0 111.174913336537,-7.133669722055369,0 111.1758090848486,-7.133833276310697,0 111.175758464645,-7.13433893622186,0 111.1768491550794,-7.134490777571395,0 111.1767919501115,-7.135074270333138,0 111.1765335428057,-7.135067229172756,0 111.1762451215146,-7.135651004567766,0 111.1772665406876,-7.136034898038548,0 111.1776815418306,-7.135924825387719,0 111.1782153744472,-7.135725396194658,0 111.178605766198,-7.135261043307302,0 111.1789782581829,-7.134866804277864,0 111.1791211754196,-7.1347112966566,0 111.1790563988465,-7.132803244454127,0 111.1795702870456,-7.132827353449367,0 111.1796843244444,-7.133319950440776,0 111.1819733095429,-7.133414254407937,0 111.181977872257,-7.133903060946584,0 111.1846237566896,-7.134216082543914,0 111.1847813208931,-7.133818502705953,0 111.185651328438,-7.133864732167829,0 111.1857308195479,-7.133663867399411,0 111.1864056530444,-7.133539446378853,0 111.1867303569457,-7.133539451250225,0 111.1864937936688,-7.134429530221153,0 111.1863991957697,-7.13494577106917,0 111.1864697941404,-7.135466515126195,0 111.1866591202057,-7.136094701549137,0 111.186656627929,-7.136153680251883,0 111.1867895522565,-7.13677864032094,0 111.1868457796788,-7.137190281422803,0 111.1867892237905,-7.138810524654624,0 111.1870824160035,-7.140042902998146,0 111.187695839395,-7.142139847611597,0 111.188261376001,-7.14409178399636,0 111.1884438637601,-7.144785759510917,0 111.1880929694537,-7.144771138561485,0 111.1880473963605,-7.145773534295538,0 111.1847277090603,-7.146683105794712,0 111.1849998690611,-7.147565797793839,0 111.1854866685189,-7.147407165617333,0 111.185603038661,-7.147696051372982,0 111.1883620149132,-7.146903484756027,0 111.1883540206901,-7.147372601116903,0 111.1886318127173,-7.147358739343018,0 111.188465724249,-7.150768449068988,0 111.1883182431265,-7.152097096841298,0 111.187955976446,-7.15206180320884,0 111.1877905564683,-7.15264729125249,0 111.187852545414,-7.154084616671535,0 111.1880135235921,-7.154999655699354,0 111.1882569879049,-7.155396233707586,0 111.1883117953674,-7.155648332785042,0 111.1883328814436,-7.15605283946374,0 111.1885318556779,-7.156096493651298,0 111.1883481985613,-7.159017919295019,0 111.1875617418491,-7.158892606418298,0 111.1874622400653,-7.159507293285829,0 111.1874043485611,-7.159781563738444,0 111.1849727530895,-7.159222393759352,0 111.1843280241692,-7.160949532734215,0 111.1792563113988,-7.158912686685268,0 111.1787988382722,-7.160339807228883,0 
					</coordinates>
				</LinearRing>
			</outerBoundaryIs>
		</Polygon>
	</Placemark>
	<Placemark>
		<name>DESNARUM JAYA AKASHA_BLORA_ST-WADU</name>
		<description>ST: DESNARUM JAYA AKASHA_BLORA_ST-WADU | Partner: Wadu</description>
		<styleUrl>#m_ylw-pushpin</styleUrl>
		<Polygon>
			<outerBoundaryIs>
				<LinearRing>
					<coordinates>
						111.4944652543433,-7.178963471247714,0 111.4943469911511,-7.180156652682474,0 111.4951355875424,-7.181212917001449,0 111.4946230319144,-7.182953726234608,0 111.4937752631946,-7.186869787740398,0 111.4949778148475,-7.187602604900325,0 111.4950764376937,-7.191729734144157,0 111.4940906994277,-7.192042671248159,0 111.4939526267552,-7.193230333776973,0 111.4948792466118,-7.193954078813853,0 111.4945835417945,-7.195890486207099,0 111.4932626271905,-7.19585134027146,0 111.4930063325848,-7.196594600573101,0 111.4936766548509,-7.197592148017511,0 111.4944849129643,-7.20021887140992,0 111.4951749748105,-7.204541544106339,0 111.4953918185349,-7.208189743272819,0 111.4960227123875,-7.209069920944761,0 111.4989570461083,-7.207708022862165,0 111.5004159812436,-7.207981853134962,0 111.5036285978062,-7.208568575410944,0 111.5036616581365,-7.207951054289746,0 111.5046525352042,-7.207988498501313,0 111.5047057170296,-7.207675503179818,0 111.5054588618796,-7.207627969690654,0 111.5050418628941,-7.209567398095374,0 111.5048004520729,-7.209631358873751,0 111.5045434397928,-7.21134036647172,0 111.5056762567633,-7.212584323825598,0 111.5087366817999,-7.213077161672952,0 111.5100652497424,-7.212500311750541,0 111.5108496605043,-7.212536658319122,0 111.510783511121,-7.212982804736352,0 111.5134218655562,-7.213758391432463,0 111.5133554380193,-7.215371992452362,0 111.5131442984934,-7.215369908029666,0 111.5130689208448,-7.215742130520507,0 111.5128525583586,-7.215764232666434,0 111.5126770173919,-7.216963093624322,0 111.5136086277021,-7.216999025872377,0 111.5140245950978,-7.215468246347631,0 111.5159335330844,-7.215264905363168,0 111.5174363429845,-7.215415076875123,0 111.5187049250238,-7.215675414624593,0 111.5197847546746,-7.215636092554314,0 111.5203023129711,-7.215989312037965,0 111.5205038789949,-7.216262602906193,0 111.5213333157119,-7.215893859799629,0 111.5215692652659,-7.215307545974245,0 111.5231207554915,-7.216180354342173,0 111.5233457242725,-7.216209184846712,0 111.5241924099851,-7.214613548141684,0 111.522800260175,-7.213648743416264,0 111.5230669317851,-7.21137162848067,0 111.5236196830175,-7.211332865276654,0 111.5254388938098,-7.212052834831094,0 111.5258947393489,-7.211382326143333,0 111.5239442896444,-7.209680117386625,0 111.5238055849896,-7.207887965630791,0 111.5218978087895,-7.206598362605517,0 111.5189338435464,-7.2063367956383,0 111.5173062763877,-7.206240287039118,0 111.517060218686,-7.207079240807088,0 111.5169030413272,-7.208203755424173,0 111.5156903642445,-7.208247132523937,0 111.5149036125088,-7.20796951134179,0 111.514828427522,-7.208928202595001,0 111.5144965040923,-7.210063211371683,0 111.5127005450423,-7.210175561401435,0 111.5126213932309,-7.209750304069227,0 111.511611229553,-7.209724252682542,0 111.5114612134238,-7.210537432287828,0 111.5111655263557,-7.210510587443828,0 111.5108492870404,-7.210334795938378,0 111.5105704753092,-7.210051824048586,0 111.5092364513658,-7.206646361945071,0 111.5066830896523,-7.203300337184051,0 111.5069345751263,-7.203191438414819,0 111.5062068294121,-7.202077754682506,0 111.5058564187706,-7.202336455045723,0 111.5057586358255,-7.202116939422249,0 111.5053643062996,-7.200161028207609,0 111.5046545473845,-7.198126871142299,0 111.5049699583656,-7.197094980423056,0 111.5045715192711,-7.195814515403611,0 111.504551786279,-7.194875669922334,0 111.503782905993,-7.19379992521706,0 111.5037828858506,-7.192489462037561,0 111.5030139947216,-7.189927216641942,0 111.5031322597339,-7.188382020700699,0 111.5037236713461,-7.187110632550538,0 111.5035856605738,-7.186191318985513,0 111.5016733437942,-7.184450474057586,0 111.500294643948,-7.180698383938186,0 111.4998830229251,-7.180205922639409,0 111.4983939599656,-7.180085812933878,0 111.49719545474,-7.179341121906959,0 111.4948710903339,-7.178668493201616,0 111.4944652543433,-7.178963471247714,0 
					</coordinates>
				</LinearRing>
			</outerBoundaryIs>
		</Polygon>
	</Placemark>
	<Placemark>
		<name>DESNARUM JAYA AKASHA_BLORA_ST-WADU</name>
		<description>ST: DESNARUM JAYA AKASHA_BLORA_ST-WADU | Partner: Dsn Tanduran</description>
		<styleUrl>#m_ylw-pushpin</styleUrl>
		<Polygon>
			<outerBoundaryIs>
				<LinearRing>
					<coordinates>
						111.5133645342865,-7.196102473726018,0 111.5135068189037,-7.196102476763173,0 111.5136228698936,-7.196116544592221,0 111.513630635397,-7.196165664313884,0 111.5135879918069,-7.196298133248859,0 111.5135864923638,-7.196332787679941,0 111.5135498828476,-7.196497948128533,0 111.5135486992847,-7.196789059866799,0 111.5136831863774,-7.196783985923007,0 111.5136489660136,-7.197021573919773,0 111.5138560587442,-7.197032141947838,0 111.5140158636194,-7.197151435594178,0 111.5145129106929,-7.197328881812549,0 111.5143611101508,-7.197549043160915,0 111.5146714029517,-7.197593431201707,0 111.5147111078843,-7.19753194660714,0 111.5147179957799,-7.197528524464472,0 111.5147229664327,-7.197473678232525,0 111.5147823372371,-7.197463376127957,0 111.5148986650846,-7.197473680419247,0 111.5149058031928,-7.197477113375913,0 111.5150644838313,-7.197497698779342,0 111.51528234629,-7.197504557105464,0 111.5153806502228,-7.197504558248645,0 111.51547193242,-7.197504559298936,0 111.5155021318109,-7.197175916642872,0 111.5158000852253,-7.19721777313449,0 111.5160797200297,-7.197214292261205,0 111.5161577889426,-7.197161950970767,0 111.5162052477663,-7.196883699725432,0 111.5167095576244,-7.196957380861157,0 111.5169360589985,-7.19700238955289,0 111.5167978545722,-7.197742924052134,0 111.5169081355655,-7.197763864019627,0 111.5169650619502,-7.197777810023609,0 111.5170535701957,-7.197777810799886,0 111.517054519181,-7.197836956454609,0 111.5170486890663,-7.197913204110105,0 111.5170487452427,-7.197916662109496,0 111.5170181320995,-7.197982234114884,0 111.517022004063,-7.198002890396186,0 111.517166676265,-7.198037264621268,0 111.5172616324643,-7.198044131861416,0 111.5172908695057,-7.19778826468688,0 111.5170992860519,-7.197756888801258,0 111.5172003363941,-7.197311715704574,0 111.5173800266524,-7.197361734696765,0 111.5175304913385,-7.197368869825108,0 111.5176265580686,-7.197123292810415,0 111.5176265580797,-7.19709990295527,0 111.5176344166295,-7.197045326677355,0 111.5176501336959,-7.197006343691543,0 111.5177444360265,-7.19669447896559,0 111.5177885103423,-7.196559203661468,0 111.5172840249151,-7.196262138868582,0 111.5173272488648,-7.19612515976116,0 111.5173121379824,-7.196090755298712,0 111.517247997358,-7.195983307420421,0 111.5172254294553,-7.195960201557638,0 111.5172142192246,-7.195956347639585,0 111.5171804832563,-7.195937066495157,0 111.5171693081831,-7.195937066364295,0 111.517146761386,-7.195921626985968,0 111.5170682739342,-7.195906174163747,0 111.5170382674509,-7.195894576388351,0 111.5170082422213,-7.19588297135844,0 111.5169857934911,-7.195879101197119,0 111.5169178344797,-7.195836478985577,0 111.5168826050369,-7.195754838498456,0 111.5169039433946,-7.195696304992959,0 111.5172339122443,-7.195700217242977,0 111.5173612900149,-7.195688492258867,0 111.5178076538343,-7.195665021037454,0 111.5178264370785,-7.195661105877661,0 111.5178602115053,-7.195661106066495,0 111.5178752223624,-7.1956611061468,0 111.5180140728197,-7.195661106783828,0 111.5180740687101,-7.195665022270692,0 111.5180965906464,-7.195956354190556,0 111.5184259721443,-7.195937076065653,0 111.5186123456449,-7.195921637787355,0 111.5186907587815,-7.195906186195471,0 111.5187168556354,-7.195906186267268,0 111.5190076525005,-7.195917776423583,0 111.5191189991721,-7.19588685428174,0 111.5191624805733,-7.195793775476525,0 111.5192739519415,-7.195727562614042,0 111.5193151208929,-7.195723660608309,0 111.5193375642902,-7.195719757648629,0 111.5193450579524,-7.195719757697815,0 111.5193862730908,-7.195719757958586,0 111.5193938254759,-7.195727563408073,0 111.5194051481334,-7.195739265350504,0 111.5194127473549,-7.195754856409723,0 111.5194241604381,-7.195782109586081,0 111.5194242127198,-7.195789888827025,0 111.519424473802,-7.195828736588579,0 111.5194246301887,-7.19585200625204,0 111.5194247343384,-7.195867503314505,0 111.5193619090731,-7.195940937754245,0 111.5192991756216,-7.195998707691595,0 111.5192917776745,-7.196002552640783,0 111.5192807449273,-7.196014082664101,0 111.5192623295166,-7.196029444769511,0 111.5192445089005,-7.196094592473044,0 111.519215595335,-7.196155698841188,0 111.5191536119087,-7.196224202047827,0 111.5191538804507,-7.196243185715659,0 111.519153987791,-7.196250773791079,0 111.5191471986346,-7.196292451858873,0 111.5191473614733,-7.196303802250403,0 111.5191702694064,-7.196360449330766,0 111.5192737512703,-7.196394354435326,0 111.5193070521831,-7.196413163330734,0 111.5193075418446,-7.196461975812809,0 111.5193194324368,-7.196551750356488,0 111.5193345377394,-7.196600194609061,0 111.5193200485987,-7.196615074558459,0 111.5192982986691,-7.196633657386954,0 111.519245179907,-7.196777956419272,0 111.5192857405632,-7.196825802639395,0 111.5193366423841,-7.196825802902919,0 111.5194093592533,-7.196825803253562,0 111.5194566252087,-7.196825803465193,0 111.5195293273085,-7.196822127800787,0 111.5195764785103,-7.196777957963218,0 111.5196564932495,-7.196618794115427,0 111.5197770465798,-7.196659643692996,0 111.5199371270041,-7.196235597935541,0 111.5200115022491,-7.196244943179206,0 111.5201471641219,-7.196120427818282,0 111.520217313372,-7.195939460266157,0 111.5203892438638,-7.195961717244925,0 111.5204417044213,-7.195670244545145,0 111.5205521606652,-7.195677776845012,0 111.5206514381126,-7.195675045252298,0 111.5206647618898,-7.19562018414237,0 111.5206680796214,-7.195605526361158,0 111.5206751872036,-7.195598193033789,0 111.5206853200828,-7.195561481648014,0 111.5206886515415,-7.195546776239039,0 111.5207057963439,-7.195495213125043,0 111.520709290353,-7.195487834997415,0 111.5207266372128,-7.195443503144737,0 111.5207477485642,-7.195402770337011,0 111.5207790001629,-7.195313581097443,0 111.5208778294771,-7.195313581428425,0 111.5209582100572,-7.195302402224124,0 111.5209489737599,-7.195432403896678,0 111.5209314533672,-7.195484145479441,0 111.5209580290188,-7.195565156911514,0 111.520973370287,-7.195627509430038,0 111.5209563960065,-7.195715171874986,0 111.5209459829886,-7.195747935821282,0 111.5209072160128,-7.195816909047307,0 111.5209473194848,-7.195845871586585,0 111.5210957545336,-7.19590365700121,0 111.5211715388599,-7.195925278636907,0 111.5212462704911,-7.195766112597286,0 111.5212242792934,-7.195715172150926,0 111.5211734117127,-7.195689647847122,0 111.5211732779931,-7.19567139410252,0 111.5211838944598,-7.195634831157606,0 111.5212526784513,-7.19560552748034,0 111.5213470855821,-7.195605527482438,0 111.5214414937934,-7.195594526291519,0 111.5214596898608,-7.195535740391765,0 111.5214779247776,-7.195495214161278,0 111.5215217067619,-7.195461988864556,0 111.5215581734493,-7.195458293380582,0 111.5216744786171,-7.195513646086241,0 111.5216851232129,-7.195554131148289,0 111.5216850479947,-7.195565156858512,0 111.5216848226155,-7.195598193739219,0 111.5216847725872,-7.1956055270833,0 111.5216845726768,-7.195634830790387,0 111.5216548451522,-7.195751572525622,0 111.5218817373991,-7.195827774869251,0 111.5220879659782,-7.195844623761409,0 111.522216861489,-7.195575675100655,0 111.5223609870195,-7.195568447349015,0 111.522465545818,-7.195568447113919,0 111.5225558096256,-7.195604555362979,0 111.5226350597899,-7.195611768106842,0 111.5227179037502,-7.195593729903089,0 111.5228350281055,-7.195159010696943,0 111.5228318235664,-7.195051470799756,0 111.5200279805005,-7.195254027359095,0 111.5201730427101,-7.194973822509909,0 111.5202034172363,-7.194800628646692,0 111.5203480363703,-7.194756143914769,0 111.5203829389489,-7.194700383665683,0 111.5203828298495,-7.194696660244646,0 111.5203921863746,-7.194640717390277,0 111.5203953115372,-7.194622031573363,0 111.5203828890038,-7.194573358770576,0 111.5203561751778,-7.194539586093263,0 111.5203298725507,-7.194520796402548,0 111.5202775478386,-7.194494458326327,0 111.5203305467196,-7.194296174599641,0 111.5202173253398,-7.194252948077175,0 111.5202179726481,-7.194086278222496,0 111.5202084299886,-7.194027942587527,0 111.5201750742489,-7.194009673767584,0 111.5201271738263,-7.193991386340972,0 111.5201013133072,-7.193980405028308,0 111.5200152050762,-7.194002360010625,0 111.5199796699622,-7.194097193601228,0 111.5199384913871,-7.194144423844353,0 111.5199312664513,-7.194144423792805,0 111.5198915297096,-7.194144423504717,0 111.5198617360336,-7.194126272332859,0 111.5198382255092,-7.194016980903585,0 111.5198511013472,-7.193984064155989,0 111.5198610883838,-7.193965751175648,0 111.5199078867727,-7.193881272030077,0 111.5199181055543,-7.19386653971435,0 111.519954272371,-7.193703690098545,0 111.5200482110409,-7.193677648148082,0 111.5201000678721,-7.193692534790823,0 111.5201840480651,-7.193688815128044,0 111.5202462053474,-7.193591817863814,0 111.5202720722417,-7.19341412274095,0 111.5201900501415,-7.193348811885271,0 111.520141689347,-7.193316067336663,0 111.5201258408807,-7.193283263411114,0 111.5201249244376,-7.193261361032839,0 111.5200233123377,-7.193177154288153,0 111.519985644772,-7.193147772812798,0 111.5199848071232,-7.193129385371389,0 111.5199819527281,-7.193066728137355,0 111.5199814479841,-7.193055648479339,0 111.5199790884244,-7.193003853886085,0 111.5199784130259,-7.192989028302862,0 111.5198855969204,-7.192881179362363,0 111.519844392405,-7.19286251974337,0 111.5198370633195,-7.192862519662481,0 111.519811038699,-7.192855050399613,0 111.5197890470994,-7.192855050149742,0 111.5197493081706,-7.192866252008229,0 111.5197462237666,-7.192877447474246,0 111.5197358173933,-7.192888635992302,0 111.5197188793179,-7.192914715947288,0 111.51970947524,-7.192944476152475,0 111.5196998892819,-7.192970476463416,0 111.5196828155868,-7.192992732790738,0 111.5196726615791,-7.193007555317119,0 111.5196131430207,-7.193118340365908,0 111.519618830037,-7.193155119178456,0 111.5196192391793,-7.193162465976419,0 111.5196182649637,-7.193210147593766,0 111.5196092234724,-7.193243084411311,0 111.5196098385427,-7.193254050060007,0 111.5195600800102,-7.193334261358713,0 111.5195536862332,-7.19334880701292,0 111.519511369249,-7.193366972248572,0 111.519450106982,-7.19325039395749,0 111.5194624104721,-7.193213808608458,0 111.5194690107672,-7.19320281857809,0 111.5194747388879,-7.193177149094321,0 111.519514871564,-7.193055643665081,0 111.519517654798,-7.193040860247543,0 111.5195264481188,-7.193003849065537,0 111.5195417132206,-7.192951906617103,0 111.5195483853879,-7.19294075682152,0 111.519529890422,-7.192873713754937,0 111.5194923799477,-7.192858781335132,0 111.5193208394482,-7.192869979051371,0 111.519291049612,-7.192862512615104,0 111.5192683360896,-7.192851307572774,0 111.5192485423428,-7.192828877217082,0 111.5192189087075,-7.192768928425166,0 111.5192215925088,-7.192753910643032,0 111.5191663594859,-7.19273136060877,0 111.5191150601218,-7.192712547706833,0 111.5191734936854,-7.192516988203777,0 111.5191454920107,-7.192436809034061,0 111.5189948253336,-7.192381935370847,0 111.5188848295574,-7.192444110497332,0 111.5188872054028,-7.192502434322986,0 111.5188876500174,-7.192513349064663,0 111.5188886864037,-7.192538791125449,0 111.5188855168674,-7.192549683848927,0 111.5188641349665,-7.192643812188598,0 111.5188650343352,-7.192665464315704,0 111.5188620331201,-7.192679884538745,0 111.5188629317138,-7.192787668155233,0 111.5188641267735,-7.192816301180351,0 111.5188656179041,-7.19285202805565,0 111.518869497806,-7.192859164881931,0 111.5188934748818,-7.192919712861054,0 111.5189153619458,-7.19293037660827,0 111.518996586301,-7.19299776528587,0 111.5189982081523,-7.193040195046101,0 111.5189984780847,-7.193047256851946,0 111.5189921650861,-7.193068425314967,0 111.5189825733247,-7.193096610726419,0 111.5189671257865,-7.193156356351533,0 111.518952146738,-7.19322638812993,0 111.5189130289144,-7.193310061317686,0 111.5189025617645,-7.193313539046862,0 111.5188607139581,-7.193327443155505,0 111.5188498117382,-7.193320492349505,0 111.5188058532546,-7.19328569702755,0 111.5187801446916,-7.193264786815982,0 111.5187050764655,-7.193173888851747,0 111.5187007062528,-7.193156354848454,0 111.5186964960677,-7.193142315114568,0 111.5186919526474,-7.193121234606831,0 111.5186831818166,-7.19308604461239,0 111.5186821846349,-7.193064897091208,0 111.5186764538022,-7.193018990785998,0 111.5186725528502,-7.193011917720218,0 111.5186540416921,-7.192997763036435,0 111.5186356870908,-7.192987139620114,0 111.5185659105952,-7.192948132595187,0 111.5185321158559,-7.19291615423759,0 111.5185315697845,-7.192905482093334,0 111.5185301119915,-7.192876991792541,0 111.5185411704333,-7.192812721945019,0 111.5185472579548,-7.192791247202571,0 111.5185529917012,-7.192762574013768,0 111.5185576524133,-7.192712285122091,0 111.5185567496983,-7.192694290516494,0 111.5185185497504,-7.192651029302302,0 111.518496557964,-7.192643808790354,0 111.5184563441668,-7.192632972492178,0 111.5184419249723,-7.192632972342443,0 111.5183838514855,-7.192625744168688,0 111.5183394137316,-7.192669065502216,0 111.5183332275344,-7.192687085377123,0 111.5183236538179,-7.192708685332399,0 111.5183180953991,-7.192737444918246,0 111.5183157286171,-7.192758984360656,0 111.5183127507696,-7.192769744352802,0 111.5182994165861,-7.192787663219863,0 111.5182506312313,-7.192933924551856,0 111.5182523094765,-7.192962324086372,0 111.5182095124047,-7.19302252265685,0 111.5181355153311,-7.193036656928757,0 111.5180195984005,-7.193008374851981,0 111.5180084297982,-7.193001297451387,0 111.5179308489518,-7.192962321094103,0 111.517837849224,-7.192859155431069,0 111.5178460875366,-7.192823442678521,0 111.517855594192,-7.192805559557552,0 111.5178646114232,-7.192780493055202,0 111.5178831796934,-7.192737440074764,0 111.5178829317094,-7.192733847623205,0 111.5178725046261,-7.192687080058931,0 111.5178571032368,-7.192672665303376,0 111.5178424472665,-7.192669059664935,0 111.5178031006177,-7.192622122255029,0 111.5178000150813,-7.192578686734998,0 111.517809563637,-7.192560557751588,0 111.5178299635035,-7.192542410631042,0 111.5178501313275,-7.192520609873177,0 111.5178602243925,-7.192509699601932,0 111.5178794283907,-7.192473284043015,0 111.5178954368321,-7.192389247992676,0 111.5178980705996,-7.19237459306086,0 111.5178973234502,-7.192363594010724,0 111.5178461114327,-7.192253233883774,0 111.5178378617194,-7.192186694496533,0 111.5178365790441,-7.192168168002967,0 111.5178392048977,-7.192153333307615,0 111.5178408071108,-7.192123627533384,0 111.5178400372241,-7.19211247532601,0 111.5178453020988,-7.192082702865174,0 111.5178419647095,-7.192034218459375,0 111.5178184182025,-7.192011797106725,0 111.517790385366,-7.191978113525125,0 111.5176456841907,-7.191944177341692,0 111.5175979128311,-7.191929453387502,0 111.5175052460241,-7.191881518568771,0 111.5174353249387,-7.191863047856442,0 111.5173911499645,-7.191851956351249,0 111.517299802986,-7.191936812744765,0 111.5173005559534,-7.191955207663877,0 111.5173034102585,-7.192024938441497,0 111.5173043093326,-7.19204690298137,0 111.5173052073131,-7.192068840859915,0 111.5173058053593,-7.192083451306985,0 111.5173033792526,-7.192112636742248,0 111.5172902541981,-7.192145413898901,0 111.5172779123047,-7.192196282480199,0 111.5172749083319,-7.192210790015961,0 111.5172695172851,-7.192254242581981,0 111.517269822008,-7.192261474489285,0 111.5172668267208,-7.192275929536393,0 111.5172573951235,-7.192308410878351,0 111.5171282526945,-7.192319223423009,0 111.5170951357442,-7.192380380080078,0 111.5170607513494,-7.192412672604489,0 111.517057679505,-7.192423423945245,0 111.5170447144886,-7.192452062581185,0 111.5170344794031,-7.192462790179207,0 111.5170181409216,-7.192494934572523,0 111.5170154423129,-7.192512767667397,0 111.5170036096074,-7.192562605632986,0 111.5170048519637,-7.192587472530472,0 111.5170064467277,-7.192619393301456,0 111.5170075083137,-7.192640642058076,0 111.5170099804105,-7.19269012388851,0 111.5170106854587,-7.192704236287003,0 111.5170142022867,-7.192774630245419,0 111.517015079312,-7.192792185159997,0 111.517015955464,-7.192809722633565,0 111.517017180618,-7.192834245959762,0 111.51701043486,-7.192841246337546,0 111.5169926944803,-7.192911098266823,0 111.5169650875503,-7.192925035322517,0 111.5168943014841,-7.192925034679375,0 111.5168868481523,-7.192918067305685,0 111.5168719328172,-7.19290412434551,0 111.5168532720973,-7.192886680148162,0 111.5167678376821,-7.192879696852476,0 111.5167422231564,-7.192865723416672,0 111.5166738194572,-7.192848240646941,0 111.5166598154127,-7.192792181518241,0 111.5166646100563,-7.192753537707951,0 111.5166828221745,-7.192700705668288,0 111.5166817777177,-7.192683059884128,0 111.5166807322197,-7.192665396547528,0 111.5166832924019,-7.192466360264493,0 111.5166824515657,-7.192452058022317,0 111.5166816100538,-7.192437744312607,0 111.5166757001159,-7.192398322395073,0 111.5166680917624,-7.192391145340732,0 111.5164731486975,-7.192376780010656,0 111.5164658698881,-7.192541256805409,0 111.5164473553893,-7.192640635502801,0 111.5164485177066,-7.192658323492599,0 111.5164501430048,-7.192683057129067,0 111.5164503750059,-7.192686587706476,0 111.5164638325079,-7.192728899947554,0 111.5164692301026,-7.192757052098107,0 111.5164748481976,-7.192788669849634,0 111.5164826384841,-7.192799196650086,0 111.5164929208004,-7.192848238746604,0 111.5165928103275,-7.192914579822352,0 111.5166141555213,-7.192973726164792,0 111.5166079447804,-7.192987614029792,0 111.516591360104,-7.193004958427312,0 111.516581850809,-7.193022285765441,0 111.516575176787,-7.193084523493957,0 111.5165837373365,-7.193108667720792,0 111.5165991085577,-7.193129336440561,0 111.5167289992162,-7.193269617435802,0 111.5168180763779,-7.19329573637088,0 111.5167742831322,-7.193381287660046,0 111.5167719542385,-7.193410950860805,0 111.5167724503128,-7.193422062136941,0 111.5167696291337,-7.193440565812263,0 111.5167644927876,-7.193488587298316,0 111.5167654870527,-7.193510708333048,0 111.51676631468,-7.193529121954955,0 111.5167876091978,-7.193598923839964,0 111.5168970082474,-7.193609922136539,0 111.5168497855783,-7.193694008212684,0 111.5169493312261,-7.193737725902634,0 111.5170176465795,-7.193726807638081,0 111.5170569103621,-7.193712238982577,0 111.5171435387962,-7.193704951083913,0 111.5171526644797,-7.193759546931145,0 111.5171211554724,-7.193788596768906,0 111.5170863514647,-7.193824843322179,0 111.5170490960897,-7.193889903819588,0 111.5170456296124,-7.193893511374111,0 111.5170294055288,-7.193940344029777,0 111.5170234509353,-7.193972695176552,0 111.5170238636905,-7.193983465948293,0 111.5170525151257,-7.194076542257233,0 111.5170563664643,-7.194083681959088,0 111.5172094529794,-7.194162031683595,0 111.5172655573746,-7.194240037250053,0 111.5173811006928,-7.194333740745527,0 111.51742584974,-7.194374193540884,0 111.5174408730142,-7.194392551291826,0 111.5174534913388,-7.194458484925328,0 111.5174617836633,-7.194498659585997,0 111.517462161188,-7.194513246394193,0 111.5174642321195,-7.19459326355132,0 111.5174718302574,-7.194607774082201,0 111.517479329945,-7.194618649326047,0 111.5175015317778,-7.194640380183786,0 111.5176791908108,-7.194683764460527,0 111.5177405848741,-7.19469098526103,0 111.5178915024794,-7.194662088105544,0 111.5179499140037,-7.194719838980519,0 111.5179535584906,-7.194723442245791,0 111.5180294830798,-7.194755839414126,0 111.5180788462409,-7.19464400440615,0 111.518122193134,-7.194651240962433,0 111.5181294606382,-7.194658474342327,0 111.5181549223823,-7.194690988508579,0 111.5181515898099,-7.19473064799627,0 111.5181480406719,-7.194737849381368,0 111.5181410490442,-7.194766626075259,0 111.5181376869867,-7.194798944726285,0 111.5181378681393,-7.194824041191857,0 111.5181310605686,-7.194874128670049,0 111.5181492055668,-7.194906253903666,0 111.5181995798544,-7.19494899796523,0 111.51829273773,-7.195002284418065,0 111.5183463429423,-7.195023554529186,0 111.5183927512785,-7.195066018187496,0 111.5184069994956,-7.195108380406578,0 111.5182614511675,-7.195227858960926,0 111.5184315153952,-7.195516178870636,0 111.5178766202364,-7.195417943150303,0 111.5177204105917,-7.195484211404419,0 111.5177240168501,-7.195542863775801,0 111.517559624998,-7.195579399992616,0 111.5174095919668,-7.195608562434148,0 111.5172358835737,-7.195608561068081,0 111.51700427179,-7.195608558970132,0 111.5163962871735,-7.195608551959414,0 111.5145821697857,-7.195586672482887,0 111.5137673605591,-7.19565941751599,0 111.5132581222944,-7.195724578383488,0 111.5132095877817,-7.195904076216624,0 111.5133645342865,-7.196102473726018,0 
					</coordinates>
				</LinearRing>
			</outerBoundaryIs>
		</Polygon>
	</Placemark>
	<Placemark>
		<name>DESNARUM JAYA AKASHA_GROBOGAN_ST-KRADENAN</name>
		<description>ST: DESNARUM JAYA AKASHA_GROBOGAN_ST-KRADENAN | Partner: ST. KRADENAN</description>
		<styleUrl>#m_ylw-pushpin</styleUrl>
		<Polygon>
			<outerBoundaryIs>
				<LinearRing>
					<coordinates>
						111.1348480172907,-7.16515453025525,0 111.1359482666221,-7.165265186078901,0 111.1359796845616,-7.164567420975462,0 111.1375799931894,-7.164605731686543,0 111.1376110476698,-7.16447532805366,0 111.1389288403679,-7.164689625929505,0 111.1393650729752,-7.164825967981777,0 111.1386466466704,-7.166497395058685,0 111.1395881666399,-7.166817349564091,0 111.1416350401617,-7.162323856247451,0 111.1434018066575,-7.161082497247492,0 111.143969180428,-7.15850252182541,0 111.1481490200138,-7.159320401860729,0 111.1490852878811,-7.159787392791137,0 111.1489553417915,-7.160329123406893,0 111.1479205816336,-7.160051512498407,0 111.1479410684933,-7.160619482201553,0 111.1479013083955,-7.161301037882353,0 111.147687522695,-7.161848790331273,0 111.1476468100796,-7.163578983008303,0 111.1478888809162,-7.163578986340379,0 111.147801338557,-7.164761098545005,0 111.1490120705691,-7.165019887822664,0 111.148957321097,-7.165441033837114,0 111.1498827425278,-7.165631056309229,0 111.1502376211533,-7.161155791153301,0 111.1533016181166,-7.162700100051276,0 111.1531643402642,-7.163103002471906,0 111.1535474387206,-7.163256369004267,0 111.1540507899546,-7.164295550125862,0 111.1536437818386,-7.164690118583902,0 111.1532542149667,-7.164690119461986,0 111.1532502083365,-7.165327618600566,0 111.1533966389817,-7.166163013770533,0 111.1540726127395,-7.166758935027089,0 111.1543535231229,-7.166758931399507,0 111.1543385013346,-7.167272274299093,0 111.1560178037362,-7.167366854963963,0 111.1557783117432,-7.168667593200275,0 111.1563908533448,-7.168859820088351,0 111.1563162973319,-7.169577609445042,0 111.1570140778391,-7.170126495964494,0 111.1573510876854,-7.170192946028193,0 111.1576607044671,-7.1698279242574,0 111.1587012328472,-7.16998531260103,0 111.1588256168399,-7.168194147573602,0 111.1603152325538,-7.168334195999373,0 111.1603907980735,-7.167950750533947,0 111.1653380737442,-7.169064150939093,0 111.1655481270012,-7.169414595323895,0 111.1700922777792,-7.170240192644141,0 111.1703574706485,-7.169377258600876,0 111.1736922061802,-7.169576125398398,0 111.1738071466658,-7.167866410648139,0 111.1715210166272,-7.16772385905472,0 111.1714601703491,-7.167161881712278,0 111.1719039995181,-7.164754123900449,0 111.1728094477126,-7.163324688944146,0 111.1728117474426,-7.162294417129437,0 111.1733627655358,-7.160712526727108,0 111.173766209547,-7.159514322709984,0 111.1747867402867,-7.159616916534574,0 111.1748429418814,-7.158866905988046,0 111.1777925200723,-7.15982140014134,0 111.178338988054,-7.160012174233304,0 111.17887777636,-7.158591917654005,0 111.1759231847592,-7.157635032356118,0 111.1763868786703,-7.154967324559052,0 111.1776340851923,-7.155173743095557,0 111.1779782440079,-7.154210133094456,0 111.1764845921409,-7.153945800648729,0 111.1769251234357,-7.15186259645628,0 111.1748912165577,-7.151730556876927,0 111.1746947758869,-7.150956254558238,0 111.1781319483442,-7.149835740076187,0 111.1804648080253,-7.149349347074316,0 111.1817518515918,-7.149208359650966,0 111.1831956111979,-7.149053985870369,0 111.1827051069958,-7.147316859270025,0 111.1787597651299,-7.147864387351794,0 111.1775865991194,-7.147370694435862,0 111.1778467409507,-7.146884647177091,0 111.1761594760325,-7.146461536507211,0 111.1759365190739,-7.146925402638438,0 111.1746841257076,-7.146516406733698,0 111.1750310056512,-7.145476227511239,0 111.1731996789189,-7.145049984607914,0 111.1729233299571,-7.145737553690253,0 111.1727129421705,-7.145643847897768,0 111.1729053377509,-7.144831923596166,0 111.1725481255496,-7.144722464115071,0 111.1729181473872,-7.143654196211746,0 111.1717321268518,-7.143244769120804,0 111.1719546022983,-7.142892206461418,0 111.1725277430495,-7.142851282706833,0 111.1728785444563,-7.141210349009829,0 111.1707447533778,-7.14102737386101,0 111.1703263111135,-7.140989129799413,0 111.1697871077355,-7.139877365092437,0 111.1694022236789,-7.139864251198562,0 111.1694694835751,-7.139243502973884,0 111.1698112501974,-7.139363100867357,0 111.1702567745872,-7.137508872568581,0 111.1695519169751,-7.137469703671575,0 111.1705447582697,-7.132663354419309,0 111.1696487526864,-7.132473027020163,0 111.1694022483656,-7.132500259795734,0 111.1691688284232,-7.132960638937798,0 111.1688330795449,-7.132987553351157,0 111.1671772622417,-7.133202264487707,0 111.1670650406404,-7.133853174659722,0 111.1640437248077,-7.133455891512839,0 111.1639275593142,-7.133905939621534,0 111.1629865128741,-7.133800477250759,0 111.1556431631092,-7.132404673817104,0 111.1559649539059,-7.131633474877601,0 111.1533731166825,-7.131446907376469,0 111.1523643563668,-7.129824536038079,0 111.1516405095197,-7.127684390692291,0 111.1504441271022,-7.1257804887614,0 111.1503526955494,-7.125134038272814,0 111.1501803828786,-7.123891729837851,0 111.1501115761236,-7.123617108636506,0 111.1450804917011,-7.123020609506074,0 111.1447926746906,-7.124156616777412,0 111.1457339452196,-7.126648944514317,0 111.1472558569181,-7.127089807607611,0 111.1472466771962,-7.127919409825419,0 111.14720896283,-7.127919407741199,0 111.1467369666626,-7.128058110927909,0 111.1465108155491,-7.129286956673712,0 111.1470674179799,-7.129431300353597,0 111.1470380956525,-7.130363528577044,0 111.1401670693627,-7.129172486736352,0 111.1404472960785,-7.127366068164023,0 111.1399642640889,-7.126966376692765,0 111.1399201498726,-7.123887989364244,0 111.1380035347933,-7.123635991830787,0 111.1377119901126,-7.128366916843883,0 111.1374665298921,-7.129172292999151,0 111.1377683913334,-7.13045959606819,0 111.1364997599959,-7.130576764227857,0 111.1367340717655,-7.131311893656901,0 111.1378201830491,-7.131693617915325,0 111.1379205879159,-7.132096768357195,0 111.1373966407347,-7.132309266501336,0 111.1377447989539,-7.132984802748063,0 111.138567008785,-7.13303725914157,0 111.1401558159434,-7.138146993155804,0 111.140008650702,-7.140016166891389,0 111.140643535628,-7.140069613820743,0 111.1406443386948,-7.14057350084609,0 111.1402295240636,-7.140849320249337,0 111.14031087543,-7.142110161794761,0 111.1400785648771,-7.142524720462284,0 111.1400970490571,-7.143445862116635,0 111.1403860636623,-7.144129822325477,0 111.1411184408919,-7.144638548079898,0 111.1412169332001,-7.145140908917964,0 111.1413143109367,-7.145749132538141,0 111.1412056233296,-7.147234083592974,0 111.1411703783142,-7.147913661290623,0 111.1404328508927,-7.148084765588187,0 111.1398203450613,-7.148218686225661,0 111.1399949866158,-7.14894151529839,0 111.1401926471929,-7.149357119910647,0 111.1405269355464,-7.149557417839771,0 111.1413853044672,-7.149427996043379,0 111.1421509969778,-7.149486945937622,0 111.1421843293697,-7.150029351135993,0 111.1429914800829,-7.150422078625188,0 111.1433396908773,-7.151035093925946,0 111.1430139654121,-7.152137077314358,0 111.142570139091,-7.151809646605486,0 111.1416790032342,-7.152449736724868,0 111.1414204844523,-7.153393582621645,0 111.1419484872956,-7.154106438369777,0 111.1419728977439,-7.1540433023772,0 111.1422664038949,-7.154595566099204,0 111.1426288050623,-7.154670309618544,0 111.1426674207911,-7.155091125507265,0 111.1421445401732,-7.154918354405853,0 111.1415960522323,-7.155604835982303,0 111.141764652703,-7.156183976777319,0 111.142401792182,-7.156279714532725,0 111.141914683068,-7.158546635794427,0 111.141542196632,-7.158436672086378,0 111.1410781263775,-7.159235884439777,0 111.1405439061763,-7.159391388630596,0 111.1404185555451,-7.160027145113654,0 111.1407340884482,-7.16050739189946,0 111.1396221645137,-7.160293181412043,0 111.138489633532,-7.160039711993369,0 111.1379502789946,-7.160293052667736,0 111.1372919010084,-7.160406505608309,0 111.1363480566576,-7.160532171182389,0 111.1355903553959,-7.160330718907375,0 111.1353730935771,-7.160694971080484,0 111.1352814718513,-7.161191890124353,0 111.1354866082593,-7.161469181848115,0 111.1357753738115,-7.161692310891409,0 111.136386044063,-7.162290041761709,0 111.1362511713841,-7.162815462468579,0 111.1363030664826,-7.163296453764509,0 111.1361558127691,-7.163784193017886,0 111.135743131975,-7.163771724488249,0 111.1354303745787,-7.163895852305515,0 111.1353513380608,-7.164376401177667,0 111.1348462302652,-7.164400846736654,0 111.1348480172907,-7.16515453025525,0 
					</coordinates>
				</LinearRing>
			</outerBoundaryIs>
		</Polygon>
	</Placemark>
	<Placemark>
		<name>DESNARUM JAYA AKASHA_BATANG_ST-KRENGSENG</name>
		<description>ST: DESNARUM JAYA AKASHA_BATANG_ST-KRENGSENG | Partner: DESNARUM JAYA AKASHA</description>
		<styleUrl>#m_ylw-pushpin</styleUrl>
		<Polygon>
			<outerBoundaryIs>
				<LinearRing>
					<coordinates>
						110.0334635296467,-6.956352407946191,0 110.0338704858126,-6.957231198288271,0 110.0338490631023,-6.958046199622697,0 110.034084667291,-6.958450157654321,0 110.0342988515514,-6.958974594111292,0 110.0346558287342,-6.959328943515919,0 110.035127040696,-6.960162180973788,0 110.0355911109145,-6.960807094890279,0 110.0355554105616,-6.961494533309367,0 110.0351984260675,-6.962118193147109,0 110.0346843677969,-6.962444200531705,0 110.0341631676714,-6.962621380767496,0 110.0341417484503,-6.962628468090479,0 110.033513450307,-6.96268516940881,0 110.0334920306861,-6.962692256796569,0 110.0327922731141,-6.963486391687418,0 110.0327351424236,-6.964159665244718,0 110.0325280687892,-6.964995951836788,0 110.0324709719891,-6.965165864331708,0 110.0356695568233,-6.966186398461116,0 110.0365608050761,-6.966441534514592,0 110.0371105568426,-6.965087907833393,0 110.038095836281,-6.965647783733662,0 110.0390657737296,-6.965250905189754,0 110.0396940649976,-6.964988684984931,0 110.0403509026813,-6.963592544203212,0 110.0419121848432,-6.963670484085862,0 110.042076399501,-6.96376261317713,0 110.0420550023211,-6.96503827347756,0 110.0422906137975,-6.965009924190974,0 110.04267613926,-6.963854738240832,0 110.0439987109185,-6.964210609936763,0 110.0450532545164,-6.964307513481741,0 110.046810825105,-6.964326863264999,0 110.0470939317181,-6.961651794823393,0 110.0475040112898,-6.9605080867477,0 110.0485519321142,-6.958630745980438,0 110.0494307118834,-6.958436871281734,0 110.0509832549603,-6.958717891889578,0 110.051325001949,-6.958213872490202,0 110.0513347513232,-6.957351242219934,0 110.0513347511769,-6.957341549611473,0 110.0518132098115,-6.956915053456985,0 110.051832739209,-6.95691505241494,0 110.0521647340511,-6.956624255826198,0 110.0525206011665,-6.956206075995686,0 110.0531161978322,-6.955418688487108,0 110.0532138261867,-6.954759599778846,0 110.0529892284434,-6.954032676171085,0 110.0504309508508,-6.953200936121969,0 110.049679103838,-6.952726038546043,0 110.0491518332121,-6.95227051739576,0 110.049366569378,-6.949657758331055,0 110.0496204144382,-6.948921135498614,0 110.047804291452,-6.948097333304877,0 110.0467447153243,-6.947751466769186,0 110.0466329294058,-6.946742720703734,0 110.0466759580581,-6.946139080733024,0 110.0471042853465,-6.945035211232629,0 110.0476891643,-6.94297898691776,0 110.0452196977056,-6.942263705512548,0 110.0440019031737,-6.942068367440744,0 110.0428816079843,-6.942226010355979,0 110.0420603822948,-6.942800067378611,0 110.0417551058752,-6.94323059857923,0 110.0406611635906,-6.943480315743162,0 110.0402911607084,-6.943144935225516,0 110.039633779952,-6.94128090227491,0 110.0398108563899,-6.940102709028328,0 110.0395711164366,-6.93970572494805,0 110.0385258608068,-6.939042818320402,0 110.0366692215385,-6.939095255058523,0 110.0350262172875,-6.939224694800371,0 110.0343811575366,-6.938888923410276,0 110.0339038864187,-6.937987581817689,0 110.0338321415014,-6.936884324166926,0 110.0340742093438,-6.935702148702303,0 110.0344217840179,-6.93481418443856,0 110.0344220377468,-6.934784381882687,0 110.0346045573318,-6.933859696008417,0 110.0340955125384,-6.933079208652959,0 110.0340833541857,-6.933072943921144,0 110.0340407918849,-6.933047874044554,0 110.0336255076354,-6.932726654397217,0 110.0335641278327,-6.93268233551537,0 110.033539521965,-6.932656985427636,0 110.0335087397362,-6.932625272100554,0 110.0314308617024,-6.931346050629358,0 110.030478891614,-6.930595657962041,0 110.0301469512007,-6.930363702413622,0 110.0299145319398,-6.929684697764402,0 110.0298044730717,-6.928836101267225,0 110.0300269750916,-6.928300099648354,0 110.031123070502,-6.927827285523176,0 110.0319903004964,-6.927716592525154,0 110.0330383145108,-6.927699736683111,0 110.033895034598,-6.927364850386212,0 110.0354756878657,-6.926795659616316,0 110.0379046448729,-6.925445355860308,0 110.0402257472317,-6.923969495186829,0 110.0411973152507,-6.923367172103872,0 110.0420361293069,-6.923303926046016,0 110.0427748146816,-6.923644210986964,0 110.043212663325,-6.924570381263304,0 110.0438676541212,-6.925291329053232,0 110.0452930356343,-6.925604677360659,0 110.0463289787709,-6.925365213498849,0 110.0466127852848,-6.923666555010121,0 110.0463423039892,-6.921730703148623,0 110.0451894919259,-6.922341053755885,0 110.0457236586858,-6.920821209581697,0 110.0461686452795,-6.920489826581614,0 110.0468186714025,-6.919404673273664,0 110.0479454561679,-6.917389128324224,0 110.0497454989177,-6.915887777657661,0 110.0510908888012,-6.914529496476352,0 110.051797083181,-6.91287553165759,0 110.0510727917934,-6.911697014003187,0 110.0497899345141,-6.911099707535051,0 110.0477828433805,-6.913388001976973,0 110.0465938462908,-6.913357165065453,0 110.0455302782627,-6.914872844702885,0 110.045700981333,-6.915695481711648,0 110.0464341015691,-6.915637998172078,0 110.0462908210732,-6.916389573281123,0 110.045101198381,-6.916963454577491,0 110.0444957322706,-6.918336755309008,0 110.0434442133388,-6.918780187346938,0 110.0436295178431,-6.919224420683247,0 110.0447556886105,-6.919366783470451,0 110.0450946765113,-6.920918129256556,0 110.0448037736583,-6.921853234708627,0 110.0443326298668,-6.92228751326314,0 110.0429064151059,-6.921853196904343,0 110.0423538570825,-6.921584577927597,0 110.0423854873795,-6.921175651499404,0 110.0424844246458,-6.920400786119779,0 110.0417890968701,-6.919729220420479,0 110.0395101659913,-6.919983524474031,0 110.0394704310151,-6.922085448100695,0 110.0375118206857,-6.922598027170825,0 110.0351904087649,-6.923414855579916,0 110.03072349307,-6.925755088812151,0 110.0289672583918,-6.927519981671676,0 110.0286168395737,-6.929157714802835,0 110.0289007874794,-6.930300889684048,0 110.0280825904996,-6.930237930522604,0 110.0274400209139,-6.930237910448065,0 110.0269169728045,-6.930332244528412,0 110.0265000005136,-6.930651099761457,0 110.0266282792722,-6.931650920924432,0 110.027605835447,-6.932349095704678,0 110.0283622643539,-6.932612941225186,0 110.0287416388155,-6.932552345158593,0 110.0285363494403,-6.934077995492689,0 110.0285437582035,-6.934077995658425,0 110.028095027357,-6.93479337135374,0 110.0278424330135,-6.935262949033628,0 110.0283345860034,-6.935761135858911,0 110.0306068951196,-6.93603953506009,0 110.0304744741738,-6.937996369791325,0 110.031574281254,-6.937744625840153,0 110.0328804349416,-6.937429326367532,0 110.0329975205979,-6.937613108936068,0 110.0331857705429,-6.938632838837987,0 110.0331929176301,-6.93863283884865,0 110.0339059699402,-6.939127807319458,0 110.03472726655,-6.939784207619264,0 110.0349611909851,-6.940202083683587,0 110.0356588996801,-6.940230652294869,0 110.0358101362586,-6.940934674806053,0 110.0368680586339,-6.940830306463653,0 110.0372180558238,-6.943194497952767,0 110.0372243496927,-6.943229643861854,0 110.0372375974923,-6.943271754554655,0 110.0372629324723,-6.943682152991839,0 110.0385464896166,-6.944118542223977,0 110.0387677923521,-6.944529368241075,0 110.0391256846409,-6.943959794231207,0 110.0402863416996,-6.944260266442079,0 110.0402938848893,-6.944420396060657,0 110.0404342993586,-6.944568739676126,0 110.0404391161053,-6.944573655174912,0 110.0409747842753,-6.944700797127926,0 110.040979678067,-6.944700797037929,0 110.0414555512693,-6.944681307789882,0 110.0415350243507,-6.944430315724471,0 110.0426909632729,-6.944558864132408,0 110.0432909967646,-6.944563769221893,0 110.043305756649,-6.944563768847386,0 110.0435759885513,-6.944568679348896,0 110.0435922140048,-6.944548997579744,0 110.0437613335287,-6.944405399119547,0 110.0437860843148,-6.944405398411261,0 110.0445021324435,-6.944450120007927,0 110.0445218989008,-6.944450119445875,0 110.0449278237602,-6.944563730616746,0 110.0450784975151,-6.944754128915839,0 110.0454761786248,-6.944922611855836,0 110.0458930620907,-6.945046337124189,0 110.0465840482868,-6.945286050801623,0 110.0462846209959,-6.94624523178925,0 110.0462225587303,-6.946784220171293,0 110.0463091586777,-6.94731164922622,0 110.0461583098039,-6.948613057204483,0 110.0460682309692,-6.949111966291719,0 110.0456821257486,-6.949092962110363,0 110.0456321762994,-6.949546173111759,0 110.0457994369385,-6.950348881655363,0 110.0458137356118,-6.950843598294874,0 110.0459398916538,-6.951174155172376,0 110.0460190293496,-6.951514709529107,0 110.0460280755616,-6.951523910574676,0 110.0481892927807,-6.952385719198054,0 110.0478637377245,-6.953277004377735,0 110.0474554386053,-6.955247220837041,0 110.0473640102137,-6.956385044332908,0 110.0471087300086,-6.956635158913908,0 110.046850283255,-6.957308227042901,0 110.0466710675043,-6.958494700644819,0 110.0464363792432,-6.958716506482936,0 110.045327843027,-6.9585690930974,0 110.0451937184691,-6.959233675485058,0 110.0451784195711,-6.959415340697037,0 110.0447783026575,-6.959629091981905,0 110.0404295636262,-6.95828054997647,0 110.040030862742,-6.957377875422685,0 110.0394185541235,-6.956909232216069,0 110.0369743117836,-6.956463568820082,0 110.0361901708675,-6.95672425328965,0 110.0352291136915,-6.955998877388941,0 110.0338854038156,-6.95545230886523,0 110.033862254121,-6.955452308164673,0 110.0337125989286,-6.955398543512913,0 110.0334635296467,-6.956352407946191,0 
					</coordinates>
				</LinearRing>
			</outerBoundaryIs>
		</Polygon>
	</Placemark>
	<Placemark>
		<name>DESNARUM JAYA AKASHA_BATANG_ST-KRENGSENG</name>
		<description>ST: DESNARUM JAYA AKASHA_BATANG_ST-KRENGSENG | Partner: DESNARUM JAYA AKASHA</description>
		<styleUrl>#m_ylw-pushpin</styleUrl>
		<Polygon>
			<outerBoundaryIs>
				<LinearRing>
					<coordinates>
						110.02791,-6.95254,0 110.02788,-6.95285,0 110.02796,-6.952910000000001,0 110.0279373125608,-6.95303088915914,0 110.0281258390144,-6.95315663978092,0 110.0283452256841,-6.953181099759607,0 110.0281498314218,-6.954104476596343,0 110.0283200018359,-6.954520683005376,0 110.0284727720138,-6.954737078397781,0 110.0285985655766,-6.954761992899873,0 110.02878,-6.95477,0 110.02903,-6.95478,0 110.02904,-6.9549,0 110.0292156419475,-6.955083336320404,0 110.0294742324087,-6.955028593879768,0 110.0295592859993,-6.954893168376741,0 110.0296426082614,-6.954743463666569,0 110.0296,-6.954549999999999,0 110.0296188630685,-6.954347913358736,0 110.0296222669913,-6.954211366459473,0 110.0296528130932,-6.953735459537707,0 110.0305737538183,-6.954226780456837,0 110.0308951599004,-6.954427162788747,0 110.03108,-6.95417,0 110.03138,-6.95334,0 110.03043,-6.953139999999999,0 110.0301,-6.952970000000001,0 110.02983,-6.95294,0 110.0293654131162,-6.952838760934362,0 110.02833,-6.95263,0 110.02791,-6.95254,0 
					</coordinates>
				</LinearRing>
			</outerBoundaryIs>
		</Polygon>
	</Placemark>
	<Placemark>
		<name>DESNARUM JAYA AKASHA_DEMAK_ST-BRUMBUNG</name>
		<description>ST: DESNARUM JAYA AKASHA_DEMAK_ST-BRUMBUNG | Partner: Desnarum Jaya Akasha [2:Polygon]</description>
		<styleUrl>#m_ylw-pushpin</styleUrl>
		<Polygon>
			<outerBoundaryIs>
				<LinearRing>
					<coordinates>
						110.5533649793136,-7.019512041025406,0 110.5537462138228,-7.018593094661506,0 110.5540555668039,-7.01854806610993,0 110.5546414679098,-7.016641794040321,0 110.5551867504553,-7.016847886320223,0 110.5566145396875,-7.013066364433228,0 110.5573774077139,-7.013292320423902,0 110.5577678586331,-7.012221831645678,0 110.5572118947345,-7.011917551227205,0 110.5579142178276,-7.009838841289886,0 110.5634053410727,-6.996489318623486,0 110.559368271643,-6.994596820071843,0 110.5565079867544,-7.003154003112155,0 110.5528692625332,-7.000935799572575,0 110.5503736446488,-7.00814801651628,0 110.5533190414981,-7.008909743165121,0 110.5519621579814,-7.012789477593559,0 110.5505258891914,-7.016593609439035,0 110.5475882177725,-7.015971208873779,0 110.545242594483,-7.015106718216476,0 110.5402399170109,-7.02383637108502,0 110.5385754347508,-7.031339195265345,0 110.5450203259096,-7.033628509379306,0 110.5481590623098,-7.026222019700239,0 110.5498418373101,-7.025454838949658,0 110.5523517832212,-7.021444561790492,0 110.5528598273006,-7.020163766804426,0 110.5533649793136,-7.019512041025406,0 
					</coordinates>
				</LinearRing>
			</outerBoundaryIs>
		</Polygon>
	</Placemark>
	<Placemark>
		<name>DESNARUM JAYA AKASHA_DEMAK_ST-BRUMBUNG</name>
		<description>ST: DESNARUM JAYA AKASHA_DEMAK_ST-BRUMBUNG | Partner: Kel. Menur</description>
		<styleUrl>#m_ylw-pushpin</styleUrl>
		<Polygon>
			<outerBoundaryIs>
				<LinearRing>
					<coordinates>
						110.521300154251,-7.017171964155073,0 110.5215335188613,-7.016778248178042,0 110.521908458338,-7.01591256157569,0 110.5217652866422,-7.015761583115332,0 110.5218622036591,-7.015130899520588,0 110.5220406911914,-7.014791865271516,0 110.5224950289199,-7.014983964868817,0 110.5225875353076,-7.014841835506435,0 110.5227653844038,-7.014608651970631,0 110.5229232659805,-7.014428356600335,0 110.522979692945,-7.014222904469904,0 110.5237402067437,-7.012289875913955,0 110.523911307856,-7.01236197423819,0 110.5240917232206,-7.011912366397328,0 110.5243868002977,-7.012053859368108,0 110.5246874052488,-7.011488758884132,0 110.5243409181783,-7.011325071662082,0 110.5244474860604,-7.01108149278921,0 110.5241764410312,-7.010918152059143,0 110.5242736752161,-7.010590862722987,0 110.5244355342236,-7.010708438837915,0 110.5245668918963,-7.010464485447708,0 110.5243427882337,-7.010313788507426,0 110.524858901452,-7.009270335029842,0 110.5254382294499,-7.009510170391206,0 110.5257390364819,-7.008607190081475,0 110.5259605059644,-7.008571663663308,0 110.5261051484244,-7.008446397353037,0 110.5265870622154,-7.008099333373591,0 110.5274978520401,-7.008428437065554,0 110.5273776583389,-7.008739553468826,0 110.5281251739743,-7.009059438863266,0 110.528065858298,-7.009278821088983,0 110.5285412408342,-7.009477552830925,0 110.528306978501,-7.010321544736373,0 110.5281378284197,-7.010275938372206,0 110.527922170339,-7.010781390289937,0 110.5301948699161,-7.011542943490865,0 110.5307848839374,-7.010041015444482,0 110.5308959027431,-7.009796712341607,0 110.5306382834674,-7.009682864828326,0 110.5316938108109,-7.007093225248329,0 110.5312226173713,-7.006929440684886,0 110.5312798153313,-7.006489451240238,0 110.5307847088462,-7.006231612009328,0 110.5306360003276,-7.006549170793548,0 110.5294680468697,-7.006045701558391,0 110.5295620915587,-7.005647771313572,0 110.5288785301515,-7.005360261185944,0 110.5285307218912,-7.00600655597634,0 110.5283549846835,-7.006069100823091,0 110.5281877356726,-7.006346089096787,0 110.5282445370652,-7.007135459097811,0 110.5283055408415,-7.007906821726226,0 110.5279000395353,-7.007802116895492,0 110.5276833116357,-7.008245731728992,0 110.5264832066315,-7.007775695548339,0 110.5262577180846,-7.00784143140326,0 110.5261604186717,-7.007851000973351,0 110.5253744912686,-7.007579664402709,0 110.5253859990411,-7.007182356628449,0 110.5246286798766,-7.007018626996739,0 110.5247580518965,-7.006682648867808,0 110.5257604624472,-7.006929352594145,0 110.5258872807342,-7.00657028622817,0 110.5258153972072,-7.006536978074893,0 110.5259499604873,-7.006121377170378,0 110.5256111948637,-7.00602386834812,0 110.52577099167,-7.005172186466275,0 110.5252896757309,-7.004980649575672,0 110.525141183173,-7.005341329977254,0 110.5246382066858,-7.005278984634386,0 110.5240206024121,-7.004980584711348,0 110.52378858902,-7.004632703798452,0 110.5233318566789,-7.004327365211705,0 110.5234864535815,-7.003962560887114,0 110.5231435190486,-7.003760538746745,0 110.5232841822935,-7.003442419187065,0 110.5222079711413,-7.002950269673479,0 110.5223056626362,-7.002695385646986,0 110.5217044385815,-7.002376445365775,0 110.5215422571272,-7.00257380598682,0 110.5211826684568,-7.002429586860076,0 110.5205920736918,-7.004051468929751,0 110.5210766790431,-7.004224022496924,0 110.5211324783027,-7.004025362106274,0 110.5216612056686,-7.004172539065064,0 110.520941471018,-7.006300904555086,0 110.5208201198711,-7.006652283153241,0 110.5211364277013,-7.006764279246065,0 110.5208123194882,-7.007568624301635,0 110.5206336481588,-7.007494615330004,0 110.5204924866749,-7.007758585083551,0 110.5197993546084,-7.007397554319611,0 110.5190227736356,-7.007206440179809,0 110.5186331386261,-7.007075218857856,0 110.5181646290597,-7.006920923513425,0 110.5179227548103,-7.006927421218434,0 110.5179420501424,-7.006758783378655,0 110.5172615106636,-7.006343755036288,0 110.516203039282,-7.006424527398591,0 110.5160907857749,-7.006811670077016,0 110.5157498459567,-7.006898426257179,0 110.5152469806083,-7.006843253807273,0 110.5154301181877,-7.00641625513305,0 110.5150601488655,-7.00617531669052,0 110.5150739283555,-7.006014537561614,0 110.5142251696424,-7.005508984978851,0 110.5139321630263,-7.006192001327196,0 110.5137549154542,-7.006308785935279,0 110.513713197155,-7.006514296086102,0 110.512543999798,-7.006350142892508,0 110.5123643340508,-7.006707937418225,0 110.511343532712,-7.006432425556845,0 110.5114077318755,-7.005737626421238,0 110.511583206944,-7.004983801959508,0 110.5120118568941,-7.003397140775421,0 110.5122535453036,-7.00210676926351,0 110.513275881555,-7.00059309007047,0 110.5133095614248,-7.00060151032628,0 110.5134903894955,-6.99989252094702,0 110.5115305843287,-6.996156378086361,0 110.5116721268048,-6.995586714138203,0 110.5134151551031,-6.993213976015458,0 110.5143352940592,-6.992367686274264,0 110.5143521733352,-6.992367686147701,0 110.515088399816,-6.992036294057521,0 110.5170072828757,-6.992638988904851,0 110.5193852517246,-6.993853788210196,0 110.5209556344925,-6.993610743546412,0 110.5212747842176,-6.992505123388495,0 110.5198978172694,-6.992196078422126,0 110.5194344093615,-6.991668303910451,0 110.5194249789671,-6.990986900249275,0 110.518493924161,-6.990632343826107,0 110.517836396083,-6.990742198158167,0 110.5177081177298,-6.99114705574538,0 110.5172373837937,-6.991121791448886,0 110.5167837114875,-6.990911037948615,0 110.5167254267473,-6.990513986829684,0 110.5165994957482,-6.990107370857315,0 110.516777793584,-6.989461238432422,0 110.5164907649251,-6.988820805717069,0 110.5150882696915,-6.987887043112746,0 110.5143849289188,-6.988484664704844,0 110.513793952384,-6.988977994231677,0 110.5134803397722,-6.988544292302046,0 110.5127857062969,-6.988280036709651,0 110.5123872114581,-6.988160536319866,0 110.5114753462333,-6.989266395618594,0 110.510760448941,-6.990111400965638,0 110.5112089405764,-6.990304157918696,0 110.5105841055169,-6.990372165496331,0 110.5099868347967,-6.990745669449272,0 110.5093979592644,-6.991936203276947,0 110.5088996122841,-6.992498525132377,0 110.5084084846025,-6.992799769468758,0 110.5075490978679,-6.992607371693962,0 110.506980945989,-6.992774675183131,0 110.5066945861375,-6.993358757099216,0 110.5080218294146,-6.994255350252391,0 110.5092313970842,-6.994643809073924,0 110.5099556344207,-6.994998289246752,0 110.5100056782163,-6.995598086017036,0 110.5093341899617,-6.995761974875385,0 110.5091126421719,-6.996440144081816,0 110.5095409477494,-6.996776748791739,0 110.5100719933718,-6.997671846248015,0 110.5105700164192,-6.998091099800964,0 110.5103620302216,-6.998599139265322,0 110.5106444547072,-6.99978174452336,0 110.5107525258588,-7.001236715600254,0 110.5113243927185,-7.001417155106279,0 110.510500969808,-7.005503587265979,0 110.5103618567599,-7.005736800322039,0 110.5100056539411,-7.00539316946063,0 110.5099574964507,-7.005734560232527,0 110.5097852156956,-7.006454298557285,0 110.5109062817514,-7.006838741213103,0 110.5108429289263,-7.008002542428628,0 110.5104363330095,-7.007905730643403,0 110.5100212357812,-7.009005464204676,0 110.510305590391,-7.009128863873826,0 110.5100767574616,-7.009839160381478,0 110.5093489065309,-7.009587199215636,0 110.5089941770858,-7.010416257598959,0 110.5097735591498,-7.010751034303533,0 110.5112307595195,-7.009669643641317,0 110.5124840223918,-7.011803588998538,0 110.5145234324289,-7.010257828093808,0 110.5150949195643,-7.008139927695052,0 110.5168404868832,-7.007892062442345,0 110.5190411871493,-7.007987616020753,0 110.5190505535988,-7.007997156301727,0 110.5186932511759,-7.010795984440819,0 110.5181980622681,-7.011229526276115,0 110.5172952708697,-7.011045251996465,0 110.5172400602796,-7.011045249560586,0 110.5172308584227,-7.011045249153189,0 110.516803417515,-7.011422506479752,0 110.516785918458,-7.011486759350283,0 110.5167590063006,-7.011532625207199,0 110.5167323603171,-7.011596798222644,0 110.5171025578164,-7.012653572926547,0 110.5185371001048,-7.013437993509362,0 110.5190006885288,-7.014001669735428,0 110.5184963703899,-7.014623724583489,0 110.5174288612903,-7.014277647425113,0 110.5171515531959,-7.0145173482623,0 110.5171263600039,-7.01467679109663,0 110.518411048898,-7.015454970650101,0 110.521300154251,-7.017171964155073,0 
					</coordinates>
				</LinearRing>
			</outerBoundaryIs>
		</Polygon>
	</Placemark>
	<Placemark>
		<name>DESNARUM JAYA AKASHA_DEMAK_ST-BRUMBUNG</name>
		<description>ST: DESNARUM JAYA AKASHA_DEMAK_ST-BRUMBUNG | Partner: Desa Kalitengah</description>
		<styleUrl>#m_ylw-pushpin</styleUrl>
		<Polygon>
			<outerBoundaryIs>
				<LinearRing>
					<coordinates>
						110.5426672558624,-7.044196522021586,0 110.5426672560868,-7.044268450668577,0 110.5426672569205,-7.044656864981687,0 110.5426527618049,-7.044728793040541,0 110.5429281713794,-7.045505622895199,0 110.5430006476623,-7.045563166537387,0 110.5430296382094,-7.045591938094765,0 110.543160094632,-7.04573579601518,0 110.5432180753306,-7.045764568065612,0 110.5433775219752,-7.045894040532951,0 110.5434644930146,-7.045922812877103,0 110.5439283368896,-7.046124216175076,0 110.5440008120237,-7.046181759046247,0 110.5440442971827,-7.046224916098201,0 110.5442182366627,-7.046541398520279,0 110.5442182363919,-7.046598940420104,0 110.5442037386299,-7.04710243158495,0 110.5441022726905,-7.047145587123353,0 110.5440587872329,-7.047159972220117,0 110.5434934750859,-7.047346978381674,0 110.5433630176249,-7.047404519132948,0 110.5432325600077,-7.047490830908598,0 110.5431890729721,-7.047620300050236,0 110.5433050282037,-7.04822449218021,0 110.5434789630681,-7.048871841312581,0 110.5443486638507,-7.04976374652527,0 110.54469654183,-7.050252855835698,0 110.5452155067647,-7.050070036481828,0 110.5454070225899,-7.05002645680968,0 110.5457198979434,-7.050173149468349,0 110.5459586511926,-7.050291847977438,0 110.5460011050429,-7.049950759341447,0 110.5460445931543,-7.049461652445147,0 110.546175049157,-7.049317797835776,0 110.5465519203209,-7.049015703747298,0 110.5465954053148,-7.048986932910148,0 110.5467838406527,-7.048742380797083,0 110.546827325669,-7.048684839142625,0 110.5468418206774,-7.048656068311972,0 110.5469142958103,-7.048483443368246,0 110.5469432857278,-7.048454672570461,0 110.5470302560673,-7.0480087251859,0 110.5470302561497,-7.047951183587328,0 110.5471027313459,-7.04746208025849,0 110.5471897013457,-7.046785966762402,0 110.5470592479842,-7.046066695782974,0 110.5470592480057,-7.046037924913523,0 110.5470882380463,-7.045577590685396,0 110.5469577846641,-7.044584990389643,0 110.5466388972339,-7.043693081294349,0 110.5454358174711,-7.043031327685748,0 110.5446385918156,-7.042916229209703,0 110.5431745840868,-7.043060055898932,0 110.5426672535993,-7.043678633945751,0 110.5426672558624,-7.044196522021586,0 
					</coordinates>
				</LinearRing>
			</outerBoundaryIs>
		</Polygon>
	</Placemark>
	<Placemark>
		<name>DESNARUM JAYA AKASHA_DEMAK_ST-BRUMBUNG</name>
		<description>ST: DESNARUM JAYA AKASHA_DEMAK_ST-BRUMBUNG | Partner: Kel.Tamansari</description>
		<styleUrl>#m_ylw-pushpin</styleUrl>
		<Polygon>
			<outerBoundaryIs>
				<LinearRing>
					<coordinates>
						110.5317109100866,-7.007104394117535,0 110.5306455604425,-7.009679002472481,0 110.5308948724316,-7.009787705157635,0 110.5302077982875,-7.011536387397157,0 110.5323517619532,-7.012831135549846,0 110.5313572033702,-7.014555536891414,0 110.5311334294445,-7.014545741534966,0 110.5310197322447,-7.015061291735549,0 110.5331792883962,-7.016120347111129,0 110.5337920139643,-7.016433565091844,0 110.5335104884841,-7.017241980250351,0 110.5346216992118,-7.017679660943166,0 110.5350369000493,-7.016907469687023,0 110.5356295032583,-7.017094012682421,0 110.5361004991542,-7.01613426589268,0 110.5370920669293,-7.016134276843538,0 110.5384197406869,-7.015439590937417,0 110.5393940284665,-7.014250995823946,0 110.5398714124653,-7.013408407696281,0 110.5391250799859,-7.013313461823999,0 110.539942352761,-7.01179007170776,0 110.5424487527653,-7.006948238412038,0 110.5430947287284,-7.004237032886382,0 110.5424439388572,-7.004147702210138,0 110.5426890383756,-7.002308634508796,0 110.5421306326796,-7.002266329654343,0 110.5422027205631,-7.000947556035995,0 110.5424258546308,-7.000004960519113,0 110.5431755210515,-6.998627066658431,0 110.543473419458,-6.99763008360233,0 110.5438012867366,-6.997738094234126,0 110.5439492262953,-6.996144187932963,0 110.543012790045,-6.995791312886274,0 110.5423814656707,-6.995764911978177,0 110.5415458373751,-6.995804432152913,0 110.5407992822435,-6.995419966310223,0 110.5402788977097,-6.995199071870093,0 110.5395753282044,-6.994859758641539,0 110.5390373889808,-6.996199610242164,0 110.5391553846293,-6.996729727710241,0 110.5388619522795,-6.998453369007184,0 110.5389338136473,-6.999472142197714,0 110.5389115188159,-6.999984499249384,0 110.5384167105559,-6.99982793620084,0 110.5382576472109,-7.000404715811353,0 110.5387081165623,-7.000576697504239,0 110.538090258245,-7.003535708358878,0 110.5380844601156,-7.003770579961336,0 110.5381630053589,-7.004024349889879,0 110.5386893788622,-7.004690928841576,0 110.5388025405591,-7.00480660368832,0 110.5383993135048,-7.006147166460303,0 110.5378473693537,-7.007867039780552,0 110.5365634268268,-7.008768255350087,0 110.5363798662435,-7.009041445892838,0 110.5317109100866,-7.007104394117535,0 
					</coordinates>
				</LinearRing>
			</outerBoundaryIs>
		</Polygon>
	</Placemark>
	<Placemark>
		<name>DESNARUM JAYA AKASHA_DEMAK_ST-BRUMBUNG</name>
		<description>ST: DESNARUM JAYA AKASHA_DEMAK_ST-BRUMBUNG | Partner: Desnarum Jaya Akasha</description>
		<styleUrl>#m_ylw-pushpin</styleUrl>
		<Polygon>
			<outerBoundaryIs>
				<LinearRing>
					<coordinates>
						110.5262052940487,-7.020046303877457,0 110.52566459886,-7.021062700857232,0 110.5249950410391,-7.0245583611866,0 110.5236860862379,-7.024401936127566,0 110.5234427364007,-7.027381639461628,0 110.5302188220775,-7.033361838810563,0 110.5308927795921,-7.029579258721783,0 110.5285343267971,-7.029189415237497,0 110.5262344421504,-7.028643560670897,0 110.5246020831496,-7.027610055845911,0 110.5294186859025,-7.028526552362415,0 110.5298412201669,-7.027180929369226,0 110.5308144004383,-7.027122407963351,0 110.5334614684758,-7.021734128876239,0 110.5317794101171,-7.02046383195739,0 110.5314152519949,-7.02078635379184,0 110.5279611256445,-7.019867579047949,0 110.5262052940487,-7.020046303877457,0 
					</coordinates>
				</LinearRing>
			</outerBoundaryIs>
		</Polygon>
	</Placemark>
	<Placemark>
		<name>DESNARUM JAYA AKASHA_DEMAK_ST-BRUMBUNG</name>
		<description>ST: DESNARUM JAYA AKASHA_DEMAK_ST-BRUMBUNG | Partner: DESNARUM JAYA AKASHA</description>
		<styleUrl>#m_ylw-pushpin</styleUrl>
		<Polygon>
			<outerBoundaryIs>
				<LinearRing>
					<coordinates>
						110.5114305230379,-7.015578541917456,0 110.5113620089102,-7.015657876667492,0 110.5113306066659,-7.015793879023888,0 110.5112849306316,-7.015932714792966,0 110.5111164998825,-7.015748544963389,0 110.5108881194361,-7.015581375404325,0 110.5108852646822,-7.015575708641042,0 110.5106768675303,-7.015368871497449,0 110.5105997890791,-7.01530937030229,0 110.5104855987027,-7.015159200542422,0 110.5104541963626,-7.015179034190905,0 110.510382827252,-7.015281035941785,0 110.5104541963261,-7.015351870800226,0 110.5105969342429,-7.015482206743182,0 110.510788202949,-7.015609709166507,0 110.5108966836382,-7.015748544935506,0 110.5111193546594,-7.015924214658327,0 110.5113220426527,-7.01610555122646,0 110.511330606941,-7.016111218000724,0 110.5115704073382,-7.016269887748075,0 110.5117331297127,-7.016451224972297,0 110.511927254994,-7.016561727745285,0 110.5120350199007,-7.016337888850186,0 110.5121520658743,-7.016374723034222,0 110.5122291449148,-7.016386056581091,0 110.5122519826799,-7.016298221349198,0 110.512454672668,-7.016363389601651,0 110.5126173963015,-7.01641439091552,0 110.512728733747,-7.01645689215863,0 110.5127943945024,-7.016479559538607,0 110.512825796655,-7.016394557319844,0 110.5128400700054,-7.016318055425018,0 110.5128771820343,-7.016264220774949,0 110.5130941486358,-7.0163293892862,0 110.5131541003052,-7.016352056657605,0 110.5132882778921,-7.016400224856453,0 110.5133111156363,-7.016312389030355,0 110.5133625013876,-7.016170718354736,0 110.5133682109763,-7.016167884938785,0 110.5134224519858,-7.016054548398097,0 110.5134433482099,-7.015952546195972,0 110.513426218903,-7.015873210975368,0 110.5133605578824,-7.015816543145226,0 110.5133691217804,-7.015694706940085,0 110.5134062340465,-7.01563520540291,0 110.5134433463246,-7.015564370224474,0 110.513446200874,-7.01548786837254,0 110.5133948142096,-7.01543970083152,0 110.5131692846635,-7.015397201078538,0 110.5131607202328,-7.015391534347263,0 110.5128352744743,-7.015320701088726,0 110.512644004444,-7.015255533921434,0 110.5124498801693,-7.015179033137527,0 110.5122957229484,-7.015122365871014,0 110.5122814492108,-7.015230034650183,0 110.5122214993151,-7.015346203638861,0 110.5121758233048,-7.015504873245843,0 110.5121158735217,-7.015643709101959,0 110.5120759070038,-7.015728710625004,0 110.5120016834059,-7.015830712465518,0 110.5117647384586,-7.01571737733595,0 110.5117590289435,-7.015711710577395,0 110.5115506317454,-7.015626709186029,0 110.5114305230379,-7.015578541917456,0 
					</coordinates>
				</LinearRing>
			</outerBoundaryIs>
		</Polygon>
	</Placemark>
	<Placemark>
		<name>DESNARUM JAYA AKASHA_DEMAK_ST-BRUMBUNG</name>
		<description>ST: DESNARUM JAYA AKASHA_DEMAK_ST-BRUMBUNG | Partner: Desa Teluk</description>
		<styleUrl>#m_ylw-pushpin</styleUrl>
		<Polygon>
			<outerBoundaryIs>
				<LinearRing>
					<coordinates>
						110.5443682016853,-7.050731174942548,0 110.5442366614907,-7.051129332374488,0 110.5442279647993,-7.052789502466196,0 110.5440530227082,-7.053768736083985,0 110.5439773835973,-7.054785959740147,0 110.5438721472205,-7.055846911450059,0 110.5436949675712,-7.05696960386455,0 110.5433792673747,-7.057733280566152,0 110.5430668526784,-7.058960340568336,0 110.5429320165624,-7.060023629676388,0 110.5428695218459,-7.061986552866602,0 110.5427807239435,-7.062939520086838,0 110.542593265771,-7.064426842140389,0 110.5427083535479,-7.066417154579897,0 110.5433088224063,-7.067090938991767,0 110.5441143492096,-7.067015998312829,0 110.5446731825987,-7.066546858217375,0 110.5451514623574,-7.066357000507321,0 110.5457153298485,-7.066232093521492,0 110.5461331977917,-7.065957296648261,0 110.5463647863597,-7.065042754893222,0 110.5464856173212,-7.064473174986409,0 110.546540999456,-7.064068471731397,0 110.5467021064277,-7.064008514123333,0 110.5471451520644,-7.064013505382477,0 110.5477344486287,-7.064118433317748,0 110.5480078589266,-7.063693411146969,0 110.5481035138661,-7.063193779602313,0 110.5481186122815,-7.062559538960332,0 110.5477460549567,-7.061485434401204,0 110.5471922614495,-7.061194020373989,0 110.5468398482915,-7.060814304272119,0 110.5468197098641,-7.060559493979774,0 110.5472073629104,-7.060524518894767,0 110.547645361754,-7.060754346075393,0 110.5479625336671,-7.060779325809014,0 110.5482394301166,-7.060724364909512,0 110.5492825250721,-7.061067115191303,0 110.5505584068791,-7.061157543124241,0 110.5511457212435,-7.061207779965294,0 110.5511659817928,-7.062353395155354,0 110.551490022495,-7.062715163184064,0 110.5517128013616,-7.06294629266045,0 110.5522697468137,-7.063117122395977,0 110.5529482100402,-7.063066866003435,0 110.5535051510125,-7.06211216977517,0 110.5536165343528,-7.06107708049367,0 110.5536266599468,-7.060142480136666,0 110.5534342578168,-7.059770654755852,0 110.5528266768464,-7.058976760143421,0 110.5518444241111,-7.059278279576262,0 110.5514798801178,-7.059449131052552,0 110.5512368520096,-7.059680274835243,0 110.5512773573679,-7.060263140076081,0 110.5511862227052,-7.060504326670606,0 110.5508419349556,-7.060604826712073,0 110.5500014702964,-7.060514395990246,0 110.5494951677676,-7.060373711530335,0 110.5489584875356,-7.060182779307964,0 110.548674957908,-7.059991843655439,0 110.5480066380938,-7.059670266040577,0 110.5478920453436,-7.059482370433761,0 110.5478366632696,-7.058921898376191,0 110.5477712144261,-7.058672084582711,0 110.5476705248162,-7.058472233733506,0 110.5474389402832,-7.058377305384389,0 110.5471167361286,-7.058272384673934,0 110.546839842154,-7.05819244482327,0 110.5466384647893,-7.058162467399061,0 110.5464068805624,-7.058067538075654,0 110.5465579132604,-7.057927641667616,0 110.5468499103483,-7.057917648666989,0 110.547106666294,-7.057862688604275,0 110.5472728025297,-7.057817721237559,0 110.5475950066724,-7.057857690011613,0 110.5477913500616,-7.05786768131984,0 110.5480783139508,-7.057862682836721,0 110.5481487961611,-7.057732778082737,0 110.5483048603878,-7.057389858404631,0 110.5485062332745,-7.056119544857495,0 110.5487378122893,-7.055456397834178,0 110.5487931862456,-7.05467197849697,0 110.54885863046,-7.054158035804642,0 110.5487457966939,-7.053343708702537,0 110.5477433352572,-7.05293169208587,0 110.5472269129515,-7.052549817374944,0 110.5472269098265,-7.052188039879235,0 110.5468826255519,-7.05182625892978,0 110.5461895378644,-7.0504254823067,0 110.5454068061365,-7.050022686763311,0 110.5445788589837,-7.050288979334026,0 110.5443682016853,-7.050731174942548,0 
					</coordinates>
				</LinearRing>
			</outerBoundaryIs>
		</Polygon>
	</Placemark>
	<Placemark>
		<name>DESNARUM JAYA AKASHA_DEMAK_ST-BRUMBUNG</name>
		<description>ST: DESNARUM JAYA AKASHA_DEMAK_ST-BRUMBUNG | Partner: Desnarum Jaya Akasha</description>
		<styleUrl>#m_ylw-pushpin</styleUrl>
		<Polygon>
			<outerBoundaryIs>
				<LinearRing>
					<coordinates>
						110.5543481621307,-7.03455988486936,0 110.5526672442723,-7.033323708621419,0 110.5495183048725,-7.032319877815137,0 110.5466052634566,-7.034908559257006,0 110.5488149676098,-7.036111296345301,0 110.548519661574,-7.03713984629404,0 110.5528541187783,-7.039333727005307,0 110.5551467709418,-7.038816486841514,0 110.5588414424189,-7.040109124695182,0 110.5594111707403,-7.038763657945553,0 110.5580829018656,-7.038200160135563,0 110.5584419915521,-7.037474118577758,0 110.5570038459625,-7.036944138897177,0 110.5590531210795,-7.032715273358506,0 110.5599819520776,-7.031273095503446,0 110.5606792894942,-7.03076856171325,0 110.5607692636487,-7.030189906639859,0 110.5586754795299,-7.029693213723142,0 110.5570995687458,-7.029234557007726,0 110.556438368289,-7.031216952681254,0 110.5543481621307,-7.03455988486936,0 
					</coordinates>
				</LinearRing>
			</outerBoundaryIs>
		</Polygon>
	</Placemark>
	<Placemark>
		<name>DESNARUM JAYA AKASHA_BLORA_ST-RANDUBLATUNG</name>
		<description>ST: DESNARUM JAYA AKASHA_BLORA_ST-RANDUBLATUNG | Partner: Dsn Beran</description>
		<styleUrl>#m_ylw-pushpin</styleUrl>
		<Polygon>
			<outerBoundaryIs>
				<LinearRing>
					<coordinates>
						111.4199998963165,-7.217810360997285,0 111.4202400508215,-7.2178433596367,0 111.4201746413104,-7.218391037338821,0 111.4199203700942,-7.218366917939797,0 111.4197818895565,-7.218786023340881,0 111.4196472100593,-7.218947502573289,0 111.419644358052,-7.218954465782418,0 111.4196319727322,-7.219054899549584,0 111.4196333455139,-7.219072115570355,0 111.4196344420569,-7.219085867302329,0 111.4196352634846,-7.219096168825916,0 111.419640174495,-7.219157757961302,0 111.4196404464501,-7.219161168566765,0 111.4197289002054,-7.219262953256731,0 111.4197818249439,-7.219300017101546,0 111.4197983546892,-7.219343642494484,0 111.4198105242252,-7.219373733274526,0 111.4198264560371,-7.219410387823492,0 111.4198340461612,-7.219423683326145,0 111.4198598381985,-7.219460154485314,0 111.4198652256386,-7.21948989478757,0 111.4198452828369,-7.219581851650721,0 111.4198130546366,-7.219591653011456,0 111.4197824524985,-7.219578581167353,0 111.4196965350573,-7.219575309255661,0 111.4196677714089,-7.219627507796476,0 111.4196660531387,-7.219647011142615,0 111.4196605347114,-7.219659991879865,0 111.4196583025483,-7.219672955473047,0 111.4196266351014,-7.219804851431896,0 111.419614944742,-7.219820814900246,0 111.4196059881504,-7.219830380418959,0 111.4197337195105,-7.219906485318409,0 111.4197727663725,-7.220023456064783,0 111.4197928987454,-7.220115387058992,0 111.4198288285181,-7.220196402542878,0 111.4198790451921,-7.220246706216197,0 111.4200334690337,-7.220320029641576,0 111.4200207587421,-7.220382919272708,0 111.4200462105437,-7.220474876745414,0 111.4201024637369,-7.220540970152986,0 111.4200471338466,-7.220721212218579,0 111.4201253018579,-7.220850313808036,0 111.4201351907065,-7.22085031406055,0 111.4201914532505,-7.220813703570934,0 111.420270164061,-7.220890341048923,0 111.420160393854,-7.220987486052832,0 111.4201303695913,-7.221015975756216,0 111.4201215835394,-7.221026625184736,0 111.4201095827884,-7.221072558786905,0 111.4200722093583,-7.221121638709431,0 111.4200671069149,-7.22113558871453,0 111.4200587998477,-7.221149506435443,0 111.4200501719994,-7.221159923581888,0 111.4198889851093,-7.221184156725252,0 111.4198196456812,-7.221194512404333,0 111.4197843431808,-7.221273329217945,0 111.4197859927086,-7.22128693107812,0 111.4198159143364,-7.221351118656244,0 111.419881739899,-7.22140130711476,0 111.41989269843,-7.221414618742321,0 111.4199173102459,-7.221437842005216,0 111.419944958288,-7.221460973906907,0 111.4198551307768,-7.221549345591379,0 111.4198500664038,-7.22155908264793,0 111.4197499599142,-7.22167466821996,0 111.4197036908989,-7.221696876244451,0 111.4197006207754,-7.221696876169909,0 111.4196335010031,-7.221655560517006,0 111.4196029371918,-7.221591416422654,0 111.4194544489505,-7.221626784599569,0 111.419311677567,-7.221620366983232,0 111.4191888063753,-7.221626778235537,0 111.4191127753553,-7.221636384406688,0 111.4190408057453,-7.221533065615258,0 111.4188943590468,-7.221562312196103,0 111.4187321801622,-7.221681008212865,0 111.41872980231,-7.221690526327259,0 111.4187219362863,-7.221791082078136,0 111.4186555304284,-7.221947756397327,0 111.4185675740112,-7.222005028216616,0 111.4183606275329,-7.222187923955766,0 111.4183124378979,-7.222266033290321,0 111.4181884523099,-7.222366090262699,0 111.4181745613426,-7.222388446736874,0 111.4181631313084,-7.222401182989072,0 111.4181358137207,-7.222448694660939,0 111.4181341272346,-7.222467589967316,0 111.4181345854606,-7.222473874622597,0 111.4181359571214,-7.222492687220452,0 111.4181314584508,-7.222514557071436,0 111.4179257374541,-7.223126990046952,0 111.4179182987573,-7.22321975085347,0 111.4179135245422,-7.22323616194749,0 111.4179066889694,-7.223298107029378,0 111.4179019628173,-7.22331429934498,0 111.4178947489844,-7.223336892961509,0 111.4178953457818,-7.223343332209325,0 111.4178793642369,-7.223435903143676,0 111.4178719675004,-7.223454871246615,0 111.4178737752613,-7.22347377705202,0 111.4178272476845,-7.223467480846799,0 111.417733679169,-7.223536345101627,0 111.4177239385174,-7.223641162289947,0 111.4177319777193,-7.22365945979517,0 111.4177543069244,-7.223698901689787,0 111.4177672771651,-7.223707964687155,0 111.4177775517342,-7.223720025758111,0 111.4177887545975,-7.22374107019396,0 111.4177923745424,-7.223747068368124,0 111.4178565931242,-7.223762037145396,0 111.4178625178572,-7.223821507378054,0 111.4178967578624,-7.223868630063856,0 111.4179118109026,-7.223871562295217,0 111.4180368689054,-7.223918264162644,0 111.4179933061804,-7.223990445782314,0 111.4179450385689,-7.224067346375652,0 111.4179329593459,-7.224092740261127,0 111.4178830387808,-7.224143172794968,0 111.4177861543217,-7.224386925355232,0 111.4178063519185,-7.22446415470506,0 111.4178035899143,-7.22446735024147,0 111.417744860448,-7.224581223874919,0 111.4177413937068,-7.224662079486438,0 111.4177437274514,-7.224683653297676,0 111.4177269406382,-7.22475092527221,0 111.4176976280602,-7.224784261927453,0 111.4178036366808,-7.224880133245246,0 111.4178286418197,-7.224892002465055,0 111.4177673432864,-7.225064167815797,0 111.4176382351194,-7.225012207108532,0 111.4175139315921,-7.224983124873481,0 111.4167629152707,-7.226395429337823,0 111.4169855722433,-7.226501852566563,0 111.4168344374256,-7.226753061319013,0 111.4167539835745,-7.226723077303398,0 111.4166642890573,-7.226852694329789,0 111.416719414526,-7.226857663296115,0 111.4166899593236,-7.226971619466694,0 111.4164346467586,-7.227353417304212,0 111.4164014510702,-7.22746946641149,0 111.4163966378954,-7.227479107192653,0 111.416305905016,-7.227680509054845,0 111.4161034625366,-7.227565627672956,0 111.415906071433,-7.227596289049675,0 111.4159063233001,-7.227675783387606,0 111.4159065115613,-7.227735202831382,0 111.4159115534239,-7.227750030830234,0 111.4159316340041,-7.227789519725341,0 111.4158867954526,-7.227809235604347,0 111.4158618781268,-7.227814161576267,0 111.4158070203887,-7.227814161520485,0 111.4157822991569,-7.227848610414387,0 111.415698362823,-7.227941822825391,0 111.4156587719928,-7.227961392303525,0 111.4156241858688,-7.227980943017207,0 111.4156043706865,-7.227985827801101,0 111.4155749609605,-7.228019988342245,0 111.4154973766878,-7.228156059688549,0 111.4154675318395,-7.228292194538952,0 111.4155452285111,-7.228419541923697,0 111.4155109373963,-7.228510750866477,0 111.4155325005176,-7.228621686156575,0 111.4155376610949,-7.228631741748623,0 111.4155684582772,-7.22868194646521,0 111.4155794101523,-7.228762020732903,0 111.4155747237916,-7.228791968507402,0 111.4155748356111,-7.228801941430148,0 111.4155305988826,-7.228876584586378,0 111.4155159518047,-7.228906366124111,0 111.415422644538,-7.229025061645699,0 111.4154180268376,-7.229049703553793,0 111.4153742588667,-7.229118543434624,0 111.4153549991198,-7.229157776560757,0 111.4153453001845,-7.229172469571906,0 111.4152915899811,-7.229226253455536,0 111.4151368958409,-7.229415804458035,0 111.4151321690909,-7.229425477527788,0 111.4151037447944,-7.229478596854673,0 111.4151406356767,-7.229584419224943,0 111.4152004931783,-7.229622763280323,0 111.4152117955906,-7.229694461969366,0 111.4152125763387,-7.229732597189889,0 111.4152081625892,-7.229756395162836,0 111.4152038524705,-7.229784915491108,0 111.4151990539483,-7.229789664849644,0 111.4151207033106,-7.229789664729243,0 111.4150859755985,-7.229770660194016,0 111.4150709354873,-7.229756394938382,0 111.4150510985086,-7.229746879032753,0 111.4149664963711,-7.229699232425316,0 111.4147770257635,-7.229761150487255,0 111.4146986192588,-7.229761150318037,0 111.4145670378707,-7.22964668973336,0 111.4145434848988,-7.229541193723915,0 111.4145429521089,-7.229526765113107,0 111.4145404607079,-7.229459295164964,0 111.414548739697,-7.229415802668965,0 111.4145817754876,-7.229372216845388,0 111.4146708360835,-7.229372217172443,0 111.4149069819118,-7.229323679099402,0 111.415088001349,-7.229226252911736,0 111.4151017779649,-7.229177364223412,0 111.4151058562405,-7.229138168718424,0 111.4151200147275,-7.229103810821797,0 111.4151479753802,-7.229015195753043,0 111.4151476541759,-7.229000389177871,0 111.4151469037937,-7.228965798850354,0 111.41515541076,-7.228896442719221,0 111.4151549847827,-7.228876583515382,0 111.4151542383292,-7.228841783697595,0 111.4151588260767,-7.228821871636021,0 111.4151712526623,-7.228696982880515,0 111.4151703062802,-7.228651837105029,0 111.4151695687693,-7.228616655368153,0 111.4151691467688,-7.228596524592706,0 111.4151685129957,-7.228566291655914,0 111.4151631479054,-7.228551158578892,0 111.4150641586478,-7.228419540093366,0 111.4150626112918,-7.228353416808501,0 111.4150765345276,-7.228297301776999,0 111.415076299126,-7.228287082763425,0 111.4150851761577,-7.228230788514876,0 111.4150844748431,-7.228200018375073,0 111.4150012435815,-7.228128044150051,0 111.4148155600284,-7.228055820597759,0 111.4147813498075,-7.22810743315656,0 111.4146936486775,-7.228235909994631,0 111.4146502545791,-7.228307513126759,0 111.4146358800495,-7.228333026162112,0 111.4146262492931,-7.2283483189819,0 111.4145106715398,-7.228515801335261,0 111.4144233348893,-7.228737025806296,0 111.4144237261002,-7.22874702539058,0 111.4144194863112,-7.228767009980384,0 111.4143957704115,-7.22880193633231,0 111.4141085088271,-7.229304227697713,0 111.4140236732729,-7.229192038333267,0 111.4141195317618,-7.229010256381887,0 111.4140138439966,-7.22889147342159,0 111.4138873845237,-7.228866639341886,0 111.4135929933809,-7.228801929866082,0 111.4134490638746,-7.228666883855047,0 111.4135161694499,-7.228611612018021,0 111.413549941074,-7.228586439565613,0 111.4136009740362,-7.228510737467763,0 111.4135089096428,-7.228409367482625,0 111.4134778926786,-7.228399202923455,0 111.4134259507371,-7.228378858985034,0 111.4134189603275,-7.228348306621606,0 111.4133159168921,-7.228246139186508,0 111.4132674315021,-7.228205131443274,0 111.413174050214,-7.228179459636828,0 111.4131434902874,-7.228179459156737,0 111.4130198661725,-7.228230766467294,0 111.4128883135027,-7.228307492483395,0 111.4128890849968,-7.228317701606308,0 111.4128765657881,-7.228353393915324,0 111.4128496444313,-7.228399194068747,0 111.4128449682256,-7.228404276722465,0 111.4128049065576,-7.228475304038004,0 111.4128100264269,-7.228541041561782,0 111.4128298637933,-7.228601537928415,0 111.4128302539667,-7.228606571313205,0 111.4129142310382,-7.228716997275884,0 111.4129195264429,-7.228786961213496,0 111.4129206588286,-7.228801922583355,0 111.4129090149997,-7.228846741459323,0 111.4128827054747,-7.228960836385925,0 111.4129017770901,-7.229079219363021,0 111.4129982938575,-7.229103797422319,0 111.4130516456917,-7.229084138580982,0 111.4130982960051,-7.22903983644905,0 111.413136108364,-7.229010248342833,0 111.4132105333136,-7.228931136969823,0 111.4132994809059,-7.229064462673808,0 111.4133051235595,-7.229074304208099,0 111.4133668609964,-7.229103800718542,0 111.413484176383,-7.2291479658401,0 111.4135182608721,-7.229216476516681,0 111.413534361296,-7.229236008873892,0 111.41356710703,-7.229284757736266,0 111.4137002226766,-7.22935766305662,0 111.4137922452795,-7.229231129273133,0 111.4138859971605,-7.229313952832485,0 111.414005304657,-7.229420637510105,0 111.4140664876837,-7.229459293248909,0 111.4139709276579,-7.229617970697803,0 111.4142207014478,-7.229704000298794,0 111.4143016386805,-7.229861220120775,0 111.4144746916178,-7.230238441099742,0 111.4145733646621,-7.23037474878307,0 111.4145768122265,-7.230381035831943,0 111.4146106097088,-7.230431164893931,0 111.4148302424164,-7.230496513059039,0 111.4148582575999,-7.23048720906849,0 111.4148641959371,-7.230474787496228,0 111.4149319150373,-7.230412404316802,0 111.4149380826711,-7.230406140590931,0 111.4149658244138,-7.230374752383546,0 111.4149720863821,-7.230371607205985,0 111.4150127549592,-7.230346403535912,0 111.4150955439909,-7.230371608192989,0 111.415140634807,-7.230437414728816,0 111.4151533852292,-7.230449891519928,0 111.415169234177,-7.23045923709252,0 111.4151977337754,-7.230477897229209,0 111.4155728617301,-7.230866379957028,0 111.4156486366249,-7.230922525412327,0 111.415632741533,-7.231004507175525,0 111.4155967343718,-7.231040342364521,0 111.4155900618933,-7.231056582071429,0 111.4155734135235,-7.231098662599776,0 111.4155569278088,-7.231134109030263,0 111.4155503683527,-7.231146962429556,0 111.4155338307246,-7.231194991749564,0 111.4155234715972,-7.231268116476789,0 111.4155233346453,-7.231280770026788,0 111.4155263340269,-7.231296560548675,0 111.4155480607842,-7.231334338640459,0 111.4155541881724,-7.231350029952419,0 111.4156228229199,-7.231403164260659,0 111.415625920438,-7.23140627945922,0 111.4156383542265,-7.23141561809238,0 111.4156816069531,-7.231455966332129,0 111.4157587324205,-7.231511515903154,0 111.4157741442956,-7.231520738566032,0 111.4159326100116,-7.231551408192352,0 111.4160790491402,-7.231581965910703,0 111.4162758618395,-7.231597203656102,0 111.4163031477796,-7.231569757801785,0 111.4163090604291,-7.231557530563311,0 111.4163181855926,-7.231548348442013,0 111.4163510636143,-7.231486875789761,0 111.4163648741976,-7.23140628332173,0 111.4163740423868,-7.231393815874487,0 111.4175773222052,-7.231557534642644,0 111.4176212642956,-7.231569762002945,0 111.4175916472554,-7.231786836954752,0 111.4179180668998,-7.231819506447232,0 111.4179456872717,-7.231633663411943,0 111.4191756656896,-7.231760011254949,0 111.4193448777232,-7.231786836661618,0 111.4193832478913,-7.2319108812918,0 111.4194454541963,-7.231951816164255,0 111.4198071676747,-7.232003600511735,0 111.4211543063253,-7.232096106849585,0 111.4218767657839,-7.232197031070125,0 111.4220921653187,-7.231756313634757,0 111.4223107919343,-7.231229211622308,0 111.4224332090289,-7.231264179288683,0 111.4225940883996,-7.231009308219425,0 111.422943235954,-7.231179646596679,0 111.4235977414878,-7.230131283136312,0 111.4234482810633,-7.229994948742154,0 111.4238173874891,-7.229388238593247,0 111.4244886395681,-7.229727141906483,0 111.4246863667709,-7.229298255954515,0 111.4246100494903,-7.229202271628473,0 111.4244937807837,-7.229119639038863,0 111.4244841773499,-7.229105185400379,0 111.4244008076007,-7.229036193964936,0 111.4243807789377,-7.229017945084495,0 111.424364025536,-7.229003317888955,0 111.4242993985774,-7.228962963941949,0 111.4242678436548,-7.228962964467817,0 111.4242573254039,-7.228962964641303,0 111.4242362888232,-7.228962964985566,0 111.4242152522463,-7.228962965326216,0 111.4242117461095,-7.228962965382646,0 111.424176966556,-7.22895560816186,0 111.4241703693249,-7.228944559804089,0 111.4241639017022,-7.228929806412494,0 111.424157833817,-7.228903926784238,0 111.4241389855838,-7.228840750375153,0 111.4241395199505,-7.228825817756485,0 111.4241378526636,-7.228773349517485,0 111.4241429775153,-7.228629315806423,0 111.4241432496054,-7.228621668760887,0 111.4241475106995,-7.228602521661258,0 111.4240911073984,-7.228575646206817,0 111.4240361144958,-7.228494520339726,0 111.4240870548149,-7.228365506038844,0 111.4241253497572,-7.228306235767274,0 111.424133312361,-7.228286390996507,0 111.4241410159946,-7.228274462800554,0 111.42415645425,-7.228250558421266,0 111.424171642883,-7.228234586508841,0 111.4241757371329,-7.228222588876099,0 111.4241833485882,-7.22821458144927,0 111.4242539717881,-7.228097662610686,0 111.4242824394143,-7.228029932833147,0 111.424324036766,-7.227999976648153,0 111.4243308146469,-7.227988716349583,0 111.4243445940899,-7.227973679784063,0 111.4243827921544,-7.227939751761668,0 111.4243931876409,-7.227928412911833,0 111.4244390982632,-7.227913271099225,0 111.4244534836793,-7.227920844958581,0 111.4244680724169,-7.22793975091663,0 111.4244720519721,-7.227962384051271,0 111.4244722646614,-7.227973678533195,0 111.424441123103,-7.22801122110141,0 111.4244293677481,-7.228122878766001,0 111.4244929826099,-7.22814134770636,0 111.4245035823674,-7.228145036761277,0 111.4245212583777,-7.228152410126101,0 111.4245914997776,-7.228156093726673,0 111.424619302774,-7.228130269287821,0 111.4246542289384,-7.228104366888335,0 111.4246645856746,-7.228078386556959,0 111.4247209686465,-7.228074667985019,0 111.4247668583878,-7.228104365480081,0 111.424865109084,-7.228181836861073,0 111.4248685381081,-7.228200179976773,0 111.424892756783,-7.228251332113468,0 111.4249687658905,-7.228327488831585,0 111.4249824667686,-7.228345521318301,0 111.4250031152598,-7.228359919624158,0 111.4250375359563,-7.228377883037934,0 111.4251852475125,-7.228431544799353,0 111.4257924161247,-7.228629055336296,0 111.4259153157436,-7.228640083181184,0 111.425925829482,-7.228640083031665,0 111.4259503615371,-7.228640082679293,0 111.4259538661164,-7.228640082628557,0 111.4259959571894,-7.228643755348723,0 111.4260237163225,-7.228610637948211,0 111.4260305362147,-7.228584791518205,0 111.4260478146363,-7.228540301667688,0 111.4261146821359,-7.228503049645942,0 111.4261711994564,-7.228514240939331,0 111.4261853162144,-7.228517968200973,0 111.426213531446,-7.228525417944454,0 111.4262241155419,-7.228525417767718,0 111.4262523018536,-7.228532861044692,0 111.4263364184776,-7.228584786508979,0 111.426423362389,-7.228412981447409,0 111.4266059039858,-7.228356209981624,0 111.4266329876043,-7.228276107611551,0 111.4267117263057,-7.228276105947619,0 111.4267535135916,-7.228310524448886,0 111.4268360120818,-7.22839409154161,0 111.4268704859644,-7.228420513372163,0 111.4269627729592,-7.228420511248887,0 111.4269698719621,-7.228420511082391,0 111.4270435351462,-7.228367583434408,0 111.4270458394146,-7.228321960739978,0 111.4270501830179,-7.228306699887673,0 111.4270835880416,-7.228214571011987,0 111.427091790359,-7.228195254956658,0 111.4271040241524,-7.228168140987634,0 111.4271080411839,-7.228160378785372,0 111.4271158758677,-7.228148722535146,0 111.4271371199762,-7.228090209527251,0 111.4271458747058,-7.22806277032129,0 111.4271589474239,-7.228023423364838,0 111.4271349843412,-7.227963638324752,0 111.42707866299,-7.227901644921125,0 111.4269132391345,-7.227846570850094,0 111.4269089649898,-7.227805955229913,0 111.426908685888,-7.227791138144969,0 111.4269113752398,-7.22774653327162,0 111.4269595492832,-7.227667915145632,0 111.4269735067175,-7.227652858893596,0 111.4269877015613,-7.227652858661874,0 111.4270159970568,-7.227645320341661,0 111.4270302420883,-7.227649089875871,0 111.4270801338782,-7.22767167304378,0 111.4270943734121,-7.227679187780089,0 111.4271582664938,-7.22770543775921,0 111.4271902004859,-7.227742801040145,0 111.4272043463914,-7.227757701150217,0 111.427204358704,-7.227765141689575,0 111.4272079221406,-7.227791133034018,0 111.4272185297947,-7.227846565609512,0 111.4272255526915,-7.227857609214633,0 111.4272395713947,-7.227879653819908,0 111.4272919669091,-7.2279199214809,0 111.4273302976886,-7.227938162132737,0 111.4273651447171,-7.227945447100718,0 111.4273999620044,-7.227952725854048,0 111.4275178638012,-7.22799264952366,0 111.4275627423993,-7.228010735030777,0 111.4275764982909,-7.228017958565695,0 111.427699579382,-7.228089857665962,0 111.4277805349793,-7.228046788052309,0 111.4277723054941,-7.227978147091486,0 111.4277819606472,-7.227894307649387,0 111.4277891975355,-7.227886978075376,0 111.4277934187979,-7.227864951995532,0 111.4277977722572,-7.227839183166979,0 111.4278358573574,-7.227753965208628,0 111.4279120080612,-7.227791118031487,0 111.4279257912455,-7.227798529451934,0 111.428116866202,-7.227846548168652,0 111.4282462421519,-7.227927203952382,0 111.4282566968632,-7.22793085201602,0 111.4282775379006,-7.227945429085462,0 111.4283157728051,-7.227959980910233,0 111.4284266101005,-7.228003487773039,0 111.4284544260017,-7.228003487141173,0 111.4284683339535,-7.228003486823034,0 111.4284891234789,-7.228007102093466,0 111.4285990227669,-7.22805755899354,0 111.4286781778352,-7.228075505789875,0 111.4287236919277,-7.227853898422008,0 111.4287470511376,-7.227785283952541,0 111.4286064252082,-7.227729372833019,0 111.4285921690847,-7.227695642727937,0 111.42859261577,-7.227639118486525,0 111.4285746210972,-7.227601220902605,0 111.4285124559325,-7.227589818459721,0 111.4284355854839,-7.227601222281808,0 111.4283952176398,-7.22757077969605,0 111.428395111667,-7.227544050627164,0 111.4283061811493,-7.227455620900266,0 111.4280537977325,-7.227397444542163,0 111.4278794588898,-7.227389657944354,0 111.4277700876457,-7.22734278141634,0 111.4274444164963,-7.227240315561273,0 111.4273333803991,-7.227200573798926,0 111.427202160937,-7.227148630803542,0 111.4271859320194,-7.227132584620958,0 111.4271408344146,-7.227084264793353,0 111.4271307854378,-7.227051899791268,0 111.427118497248,-7.227039731385099,0 111.4269470774057,-7.226982716548741,0 111.4268636141043,-7.227004097788305,0 111.4269184378265,-7.2268898551995,0 111.4269284456496,-7.226873416248011,0 111.426963047051,-7.22677831046815,0 111.4270858980946,-7.226824465755203,0 111.4271154519905,-7.226824465704467,0 111.427149253865,-7.226836074471291,0 111.4272005921888,-7.226828336912198,0 111.427220904209,-7.226785653173443,0 111.4272550415225,-7.226715337372069,0 111.4272607187791,-7.22667207697528,0 111.4267121087714,-7.226456457791907,0 111.4269545469221,-7.225635016468875,0 111.4268796944373,-7.225631052772861,0 111.4267898509855,-7.225627087188461,0 111.4266719179008,-7.225575362774788,0 111.4266957614423,-7.225511268180521,0 111.4266948533488,-7.225487108400229,0 111.4265921909123,-7.225466923252888,0 111.4265715121884,-7.22542640984213,0 111.4265886562083,-7.225385704802734,0 111.4265892545693,-7.22531194851973,0 111.4265149389468,-7.225270699622994,0 111.4264026748795,-7.225241708202847,0 111.4263623405514,-7.225204291070242,0 111.4263006730845,-7.22526242583945,0 111.4262764708752,-7.225303713927836,0 111.426259985421,-7.225344806291886,0 111.4262476282539,-7.225389783462385,0 111.4262489174933,-7.225410150441645,0 111.4262432527838,-7.225499196510599,0 111.4262423209646,-7.225543375292992,0 111.4261340058252,-7.225499196155417,0 111.4261669944434,-7.225430469046001,0 111.4259895634672,-7.225367616043359,0 111.4259305664594,-7.225517134848157,0 111.4258011697995,-7.225460867873071,0 111.4258906689249,-7.225260982133394,0 111.4258204642097,-7.225240187284225,0 111.4257080599554,-7.225262863978145,0 111.4256830933518,-7.225277947360679,0 111.4256476964662,-7.225304277406432,0 111.4256116292896,-7.225311784916769,0 111.4255595399646,-7.225285478765186,0 111.4254684000049,-7.225427286616893,0 111.4251881891909,-7.225341746363768,0 111.4250912914973,-7.225552125247081,0 111.4251718536421,-7.225628288839147,0 111.4252396242496,-7.22562828896564,0 111.4253016023373,-7.225664520911192,0 111.4250790769096,-7.226188818787167,0 111.4250373535099,-7.226163983543019,0 111.4249594696284,-7.226161223968968,0 111.4249177460688,-7.226155704975706,0 111.4248871487465,-7.226186059065248,0 111.4248788039085,-7.226219172659753,0 111.4248509881761,-7.22622193208717,0 111.4248342987446,-7.226219172597409,0 111.4247814488936,-7.226208134642183,0 111.4247425066039,-7.226274361842492,0 111.4247369433992,-7.226288159185169,0 111.4247341618034,-7.226301956532429,0 111.4247369432251,-7.226335070175575,0 111.4247397247392,-7.226343348593789,0 111.424748069399,-7.226370943307543,0 111.4247647588239,-7.226381981195312,0 111.4247731035135,-7.226384740679937,0 111.4247870114215,-7.226387500148412,0 111.4248037008602,-7.226393019096488,0 111.4248092640128,-7.226393019100146,0 111.4248287349899,-7.226398538068638,0 111.4248621138575,-7.226406816501924,0 111.4249010558483,-7.226417854392768,0 111.4249316531491,-7.226426132818875,0 111.4249427793881,-7.226439930149704,0 111.4249260897605,-7.22649236008218,0 111.4248676761074,-7.226622055258784,0 111.4248036997791,-7.226813014950311,0 111.4248370787138,-7.226837850334631,0 111.4248509865679,-7.226843369305326,0 111.4248815839408,-7.226857166789112,0 111.4248954917864,-7.226862685754591,0 111.4249149628438,-7.226870964234708,0 111.4251263622415,-7.226978584078062,0 111.4251291437228,-7.227042051773315,0 111.4251263621431,-7.227083443743537,0 111.4251207989852,-7.227100000520291,0 111.4251207989653,-7.227116557307608,0 111.4251152357976,-7.22713863301497,0 111.4251124541691,-7.227157949259645,0 111.4250985462974,-7.227193822274851,0 111.4250985462803,-7.227204860133769,0 111.4250596041699,-7.227268327762276,0 111.4250262252856,-7.227273846643032,0 111.4249984095704,-7.227262808733596,0 111.4249316518459,-7.227224176092495,0 111.4246952175909,-7.22717450512391,0 111.4245867354159,-7.227260048417565,0 111.4245283215094,-7.227403540822369,0 111.4245199765915,-7.227428376057278,0 111.4245171949943,-7.227436654476437,0 111.4245144133844,-7.227447692357573,0 111.4245088497089,-7.227538754993257,0 111.4244754702683,-7.227591184984877,0 111.4244671255091,-7.227602222875246,0 111.4244587805707,-7.227621539200494,0 111.4244559989408,-7.227632577097598,0 111.4244420907277,-7.227651893427542,0 111.4244309642392,-7.227665690831902,0 111.4244226194629,-7.227676728733953,0 111.4244087112818,-7.227687766637671,0 111.4243530790543,-7.227707082988166,0 111.4242473777249,-7.227737437327812,0 111.4236085782109,-7.229030499805377,0 111.4235474542014,-7.229004560932442,0 111.4234667873268,-7.229137015019718,0 111.4235279821712,-7.229183926320315,0 111.4230634467033,-7.229959337898413,0 111.4229424995572,-7.229907126490893,0 111.4228006387281,-7.229868492977175,0 111.4225252574829,-7.230301727544573,0 111.422341666224,-7.230787394403113,0 111.4222387459898,-7.230809469936194,0 111.4221274812309,-7.230784634221501,0 111.4221163549302,-7.230768077262955,0 111.4220746308657,-7.230734963281981,0 111.422091321519,-7.230663216767589,0 111.4219468990742,-7.230635618628891,0 111.4217939107115,-7.230652174567441,0 111.4217104624906,-7.230652174076854,0 111.421660391971,-7.23077635031189,0 111.4215964137332,-7.23085361548032,0 111.4215268733668,-7.23084809621599,0 111.4215074021053,-7.230839817668829,0 111.4213877926631,-7.230809462791451,0 111.4213627581658,-7.23080118421317,0 111.4213683237512,-7.230635615204635,0 111.4212320243062,-7.230608019578082,0 111.421298786695,-7.230362426245609,0 111.4209496778413,-7.230287916570087,0 111.4210108750118,-7.230147183965624,0 111.4211137972276,-7.229907110953715,0 111.4206047614167,-7.229793966138478,0 111.4205120592384,-7.230034040106374,0 111.4203201292035,-7.230000924182657,0 111.4202533675118,-7.230249275751416,0 111.4200586555484,-7.230183046173052,0 111.4200781281944,-7.230075426924092,0 111.4196310401948,-7.229918131527101,0 111.4195698449848,-7.229934687460783,0 111.419567063278,-7.229945725279148,0 111.4195559365758,-7.229970560322215,0 111.4193779153865,-7.22990433054518,0 111.4192972495805,-7.229862937300733,0 111.4192638707237,-7.2298353420819,0 111.4192916881176,-7.229724963667537,0 111.4193028153867,-7.229655977063801,0 111.4192277119168,-7.229669773177065,0 111.4191192286184,-7.229727720339803,0 111.4190914120224,-7.229760833568145,0 111.4190329966678,-7.229873971055913,0 111.4190023979734,-7.229937438478252,0 111.4188688769623,-7.230149916057997,0 111.4188494031016,-7.230293539278526,0 111.4189690124448,-7.2303321739803,0 111.4194335392012,-7.230481192542209,0 111.4195781817563,-7.230517067641489,0 111.4195976528844,-7.230517067909527,0 111.4196393749914,-7.230649522805023,0 111.4196254665607,-7.230679876742791,0 111.4195781784406,-7.230751622249144,0 111.4195781780362,-7.230779216917399,0 111.4195781777922,-7.230795773707566,0 111.4195753959584,-7.230809571008097,0 111.4195726139002,-7.230842684578178,0 111.419580957912,-7.230892355107188,0 111.419583739333,-7.230906152462527,0 111.4195920838416,-7.230922709382556,0 111.4196421520846,-7.230955823626386,0 111.4196449332103,-7.230988937259395,0 111.4196032087476,-7.231019290914094,0 111.4195976455077,-7.231022050345858,0 111.4195614847081,-7.231024809376612,0 111.4195169772236,-7.23114070664986,0 111.4195086312355,-7.231209693427191,0 111.4194891588156,-7.231281439598227,0 111.4194835954135,-7.231292477400128,0 111.4194696867721,-7.231325591004416,0 111.4194669050523,-7.231333869415247,0 111.4194557783296,-7.231350426182023,0 111.4193834547111,-7.23144700724255,0 111.419343176257,-7.231435017814664,0 111.4192903260307,-7.231432257671953,0 111.4192764180619,-7.231432257491477,0 111.4192652917183,-7.231432257347129,0 111.4192486021525,-7.231432257130664,0 111.4192096598681,-7.231429497168566,0 111.4191401160306,-7.231661291941712,0 111.4190065995695,-7.231636455020809,0 111.419026074704,-7.231412937960853,0 111.4188313627778,-7.2313963785938,0 111.4187645998771,-7.231628173674555,0 111.4185504164779,-7.231575741039746,0 111.4185739022004,-7.231291514468758,0 111.4184693771033,-7.231199879776985,0 111.4182890123695,-7.231191249166901,0 111.4182083457918,-7.23122160199874,0 111.4181777456116,-7.231373372263093,0 111.4181554910817,-7.231472712904423,0 111.4181276740336,-7.231533420880454,0 111.4180386634697,-7.231508584228654,0 111.4180025033615,-7.231475469966362,0 111.4180303217487,-7.231345775249599,0 111.4180303222623,-7.231318180548893,0 111.4180442321031,-7.231216080434615,0 111.4180303249063,-7.231174688224692,0 111.4179314408225,-7.231177445756963,0 111.4178730262746,-7.231246431392087,0 111.4177895798028,-7.231182962275793,0 111.4175614900948,-7.231155363704766,0 111.4172805497678,-7.231133283100834,0 111.4172137870165,-7.231345761162432,0 111.4172054412977,-7.231387153142915,0 111.4170385454121,-7.231373353015283,0 111.4170079478362,-7.231370593051735,0 111.4170135141633,-7.23122985998836,0 111.4170162959759,-7.231218822154672,0 111.4170218603174,-7.231166392278198,0 111.4170218607906,-7.231144316526957,0 111.4170218619059,-7.231091886579536,0 111.4167039834499,-7.231033068798669,0 111.4164934256743,-7.231006765793012,0 111.4164294425199,-7.231279952405353,0 111.4161457203191,-7.231205441577537,0 111.4160733998624,-7.231147491265603,0 111.4162013576333,-7.230995722470568,0 111.4162653336472,-7.231037115734548,0 111.4163154031147,-7.231012281398724,0 111.4163265300395,-7.230990205848948,0 111.4161346031546,-7.230819114981212,0 111.4160010816079,-7.230992959225437,0 111.4159120721662,-7.230896375893604,0 111.4158119313157,-7.230992955686299,0 111.4155643727335,-7.230722521805372,0 111.4155949715842,-7.230689408684777,0 111.4156339144218,-7.230689409505056,0 111.415670075625,-7.230689410264755,0 111.4157201460769,-7.230645259686759,0 111.4157424000552,-7.230603868006867,0 111.4156386444853,-7.230514093344821,0 111.4154773079647,-7.230646544794426,0 111.4153437945279,-7.230486492504696,0 111.4154689702411,-7.230359559377456,0 111.4154967875192,-7.230307130034645,0 111.4155023517108,-7.23026849755824,0 111.4154661918663,-7.230224345227219,0 111.41553295309,-7.230108448961964,0 111.4154050009063,-7.230025661865134,0 111.4155468678216,-7.229811119917561,0 111.4154383873149,-7.229720054981803,0 111.4156915224802,-7.229284064518755,0 111.4158945762405,-7.229397207491338,0 111.4159529923196,-7.229264754381676,0 111.4160475665763,-7.229245440268134,0 111.4161393621165,-7.229077114733771,0 111.416384139318,-7.229162663661771,0 111.4164858847396,-7.228944128134866,0 111.4162160744472,-7.228797870601976,0 111.4163050893022,-7.228579874510412,0 111.4160797828516,-7.228483287648229,0 111.4161187269465,-7.228381187918804,0 111.4163278742569,-7.228417461195077,0 111.4163751644477,-7.228254653608132,0 111.416586563433,-7.228309847511481,0 111.4166811439721,-7.227969438640347,0 111.4165448479778,-7.22791148705964,0 111.4166672415839,-7.227685213378828,0 111.4167061857646,-7.227569316535264,0 111.4168155087362,-7.227401961183064,0 111.4170185621511,-7.227448876123778,0 111.417127047371,-7.227225361656003,0 111.4167376297571,-7.227139810179826,0 111.417029702694,-7.226676224624805,0 111.4172186955518,-7.226740286326222,0 111.4173741360221,-7.226630717276014,0 111.4174520203914,-7.226600364640597,0 111.4174714923758,-7.226539656767754,0 111.4174770557446,-7.226525859562852,0 111.4174854008048,-7.226506543461691,0 111.4174854009488,-7.226498265057676,0 111.4175020909984,-7.226459632849107,0 111.4174826211617,-7.226393405248515,0 111.4175048743742,-7.226352013628899,0 111.4175160009075,-7.226335457061124,0 111.4175215640799,-7.226332697672381,0 111.4175605061872,-7.226318901100669,0 111.4176272633796,-7.226335459204604,0 111.4176606430903,-7.226277510950465,0 111.4176662065378,-7.226258194767525,0 111.4176773330585,-7.226241638145867,0 111.4176773331516,-7.226236119227649,0 111.4176773336165,-7.226208524553013,0 111.4176550817802,-7.226169891444093,0 111.417685515869,-7.226061104811732,0 111.4177049872354,-7.226033510498378,0 111.417704987508,-7.226016953676316,0 111.4177161148419,-7.225950726623322,0 111.4178079060063,-7.225975563619027,0 111.4179302918039,-7.226143893361628,0 111.4179747967331,-7.226143894157262,0 111.4180109571646,-7.226132856905681,0 111.4180248649503,-7.226132857150972,0 111.4180665883023,-7.226132857882214,0 111.4182223545585,-7.226185290382727,0 111.4182334822457,-7.226096987730157,0 111.418247390433,-7.226072152763426,0 111.4183336187753,-7.226063875791357,0 111.4184754769855,-7.226130105227978,0 111.4186089954571,-7.22590107157561,0 111.4185167706947,-7.225844031915274,0 111.418661415927,-7.225565328429126,0 111.4183276333163,-7.225344565767037,0 111.418308162452,-7.225344565440385,0 111.4183053808999,-7.225344565393564,0 111.418274784896,-7.225278337599925,0 111.4182775675597,-7.225209350867774,0 111.4182886942141,-7.225181756363717,0 111.4182970393157,-7.225154161724459,0 111.4183053842844,-7.225134845585585,0 111.4183387633172,-7.225110010857349,0 111.4183888312205,-7.225112771115139,0 111.4185863202199,-7.22518728010458,0 111.4186169171151,-7.225198318416879,0 111.4186308248324,-7.225201078128051,0 111.4186447325044,-7.225206597259719,0 111.4186753294023,-7.225217635639675,0 111.4186892370754,-7.225223154767294,0 111.4186975817346,-7.225223154890328,0 111.4188422212427,-7.225300422166515,0 111.4189451381921,-7.225336296714359,0 111.418953482861,-7.225336296827512,0 111.4189646090869,-7.225336296977829,0 111.418992424563,-7.22534181630881,0 111.4190258032526,-7.2253418167517,0 111.4191691919624,-7.225286288565249,0 111.4191858817247,-7.225255934717953,0 111.419188663478,-7.225242137448397,0 111.4192025715608,-7.225220061944044,0 111.419216479561,-7.225203505371813,0 111.4192276060464,-7.225184189297523,0 111.4192387325295,-7.225164873222958,0 111.4192498590498,-7.225142797676808,0 111.4192582040166,-7.225120722088972,0 111.4192665488649,-7.22510692491444,0 111.4192971466592,-7.22505449554362,0 111.4193054914645,-7.22504345781875,0 111.4193110547189,-7.22503242005257,0 111.4193305264496,-7.224968952674322,0 111.4193499978678,-7.22492756096595,0 111.4193499979815,-7.224919282565926,0 111.419355561232,-7.22490824479376,0 111.4193305282665,-7.224836498292238,0 111.4193082759801,-7.22482821959308,0 111.4191441654971,-7.22477640730067,0 111.4190774091029,-7.224721217070693,0 111.4190746278359,-7.224704660249246,0 111.4189939634908,-7.224657748180537,0 111.4189578035754,-7.224641190859856,0 111.4188966095734,-7.224627392620958,0 111.4188270706141,-7.224627391569535,0 111.41879369178,-7.224635669460377,0 111.4187074631644,-7.224652224938871,0 111.4186713031207,-7.224632908112802,0 111.4186462696914,-7.224594275174566,0 111.4186379255308,-7.224558401962891,0 111.4186379257036,-7.224547364088046,0 111.4186407075156,-7.2245335667914,0 111.4186546158572,-7.224497693929571,0 111.4186573977489,-7.224478377701145,0 111.4186601794059,-7.224470099347576,0 111.4186657426997,-7.224459061563246,0 111.4186740875875,-7.224448023824564,0 111.4186852144985,-7.224403872516763,0 111.4186824333536,-7.224373518328941,0 111.418671307389,-7.224354201865333,0 111.4186629629361,-7.224340404379541,0 111.4186407107535,-7.224318328242616,0 111.4186128953538,-7.224301770938223,0 111.4185989877364,-7.224285213886803,0 111.4185350122707,-7.224243820711716,0 111.4185350130094,-7.224191390721955,0 111.4185350132397,-7.224174833875679,0 111.4185350135065,-7.224155517566114,0 111.4185350138467,-7.224130682330103,0 111.4185377956245,-7.224122403955221,0 111.4185711749836,-7.224081012437208,0 111.4186128987967,-7.224053418462391,0 111.4186574037391,-7.224058938240563,0 111.4188882703716,-7.224254864620092,0 111.4189160855648,-7.224279700272214,0 111.41892999321,-7.224290738356948,0 111.4189967498088,-7.224337650342289,0 111.4190301275167,-7.224401118567549,0 111.4190384719384,-7.224414916019881,0 111.4190662873271,-7.224423194823459,0 111.4190968842924,-7.224431473685173,0 111.4191052285502,-7.224456308989256,0 111.4191163542682,-7.224489422717453,0 111.4191274803059,-7.224500460739651,0 111.4191441693208,-7.224519777227272,0 111.4191525136057,-7.224544612516863,0 111.4191608580109,-7.224561169416376,0 111.4191803281251,-7.224610840029642,0 111.419191454118,-7.224624637504263,0 111.4192192693215,-7.224643954142686,0 111.4193778181166,-7.224602564463526,0 111.4194306686176,-7.224522540817211,0 111.4194306687341,-7.224514262427325,0 111.4194640480453,-7.224459073664367,0 111.4194401553947,-7.224373613834418,0 111.4191839652114,-7.224170284718964,0 111.4191620061871,-7.224148499514665,0 111.4190668500131,-7.224046835196955,0 111.4190448910759,-7.224017788301943,0 111.4189643742068,-7.223930647414524,0 111.4189424158104,-7.223865292249646,0 111.4190595331363,-7.223865293945078,0 111.4191180927191,-7.223799939987049,0 111.4191400526308,-7.223763632090166,0 111.4191546925852,-7.223741847376901,0 111.4192425332832,-7.223531261095234,0 111.4193450113602,-7.223465907896334,0 111.4194767680459,-7.223429601711731,0 111.4195280067903,-7.223415079222121,0 111.4195865653749,-7.22338603355546,0 111.4197402809764,-7.223342466040062,0 111.4199232767613,-7.223189974503792,0 111.4199232775799,-7.223117358194341,0 111.4199232779834,-7.223081050032846,0 111.4199232790929,-7.222979387174905,0 111.4199159604147,-7.222870462500101,0 111.4199159606417,-7.222848677570313,0 111.4199159612402,-7.222790584482139,0 111.4199306011772,-7.222747014833991,0 111.419937921301,-7.222717968393814,0 111.4199745208003,-7.222630829179887,0 111.4199745209415,-7.222616305946459,0 111.419989161125,-7.222543689683354,0 111.4199452433419,-7.222471072431452,0 111.4199086448956,-7.222449286842468,0 111.4198281282156,-7.222376668867653,0 111.4198354499393,-7.222158818918627,0 111.4198354504174,-7.222100725540374,0 111.419769579716,-7.221878843355247,0 111.4198720579554,-7.221711827341885,0 111.4199306146799,-7.221806229375078,0 111.4200770068944,-7.22199503361926,0 111.4201575232648,-7.2220386043951,0 111.4201721626084,-7.222045866198863,0 111.4202380400269,-7.222045867042314,0 111.4203990734245,-7.222060392291617,0 111.4204283523214,-7.22205313102656,0 111.4205015502346,-7.221973254154856,0 111.4205527890011,-7.221893377013487,0 111.4205747484041,-7.221864330838451,0 111.4206333071968,-7.221748145666393,0 111.4206552669585,-7.221682791394858,0 111.4207504250588,-7.221472205582742,0 111.4208163020683,-7.22148672961373,0 111.4209773341791,-7.221573870915138,0 111.4211237270912,-7.221639227110701,0 111.4212042431741,-7.22167553603875,0 111.4214823894237,-7.221820771009305,0 111.4217385845359,-7.221123657947677,0 111.4220094116142,-7.221210799631677,0 111.4219947733503,-7.221094613496195,0 111.4222910262479,-7.22113015347104,0 111.4222783061709,-7.221327493426167,0 111.4223126830429,-7.221344622093566,0 111.4223297870353,-7.221351465446458,0 111.4223574664836,-7.22137196743218,0 111.4223814945301,-7.221385612307786,0 111.4226310096982,-7.221412848397157,0 111.4226570944318,-7.221537852106669,0 111.422767361753,-7.221544565580379,0 111.4227764927665,-7.221483988847783,0 111.4228356506365,-7.221389024357371,0 111.4228826108601,-7.221375384674671,0 111.4229229237077,-7.221365142790864,0 111.422970048622,-7.221361726726903,0 111.4230003589844,-7.221361726913664,0 111.4230643469738,-7.221358309759909,0 111.4231451619998,-7.221365144096426,0 111.4231954105884,-7.221406050551864,0 111.4231678992173,-7.221531138259579,0 111.4231543369907,-7.221578063642999,0 111.4231542788109,-7.221591430461103,0 111.4231508098614,-7.221624769104043,0 111.4231506569126,-7.22166131297063,0 111.4231505875763,-7.221677879438406,0 111.423183292933,-7.221753730434392,0 111.4232227396959,-7.221776700612497,0 111.4232622240031,-7.221786528743645,0 111.4232753766997,-7.221789802594739,0 111.4233971192184,-7.221802887531112,0 111.4234339617563,-7.221770144206497,0 111.4234343274158,-7.221750445817904,0 111.4234343884297,-7.221747158945088,0 111.4234353674283,-7.221694419592799,0 111.4234357973866,-7.221671257496421,0 111.4234371552583,-7.221598108423166,0 111.4234372791983,-7.221591431747309,0 111.4234380245893,-7.221551277425512,0 111.4234383360576,-7.221534498621274,0 111.4234390231365,-7.221497485728402,0 111.423439210964,-7.221487367489208,0 111.4234667255607,-7.221450179626972,0 111.4234805561339,-7.221429837033791,0 111.4234910549511,-7.221409453115402,0 111.4234911266215,-7.221406051766781,0 111.4234984307954,-7.221378799466171,0 111.4235650556855,-7.221406051992676,0 111.4235622926899,-7.221517691995167,0 111.4236965520984,-7.221604781459327,0 111.4237559800914,-7.221618112604984,0 111.4237692799479,-7.221618112635475,0 111.4238130038413,-7.221604781726579,0 111.4238266942365,-7.221594771754016,0 111.4238401392334,-7.221591432890338,0 111.4238779859267,-7.221561332338414,0 111.4238783944257,-7.221551278591591,0 111.4238789397342,-7.221537857777148,0 111.423894656474,-7.22139924644883,0 111.4241250073768,-7.221334910566517,0 111.4241449288429,-7.221304991117542,0 111.4241549087469,-7.22129499792075,0 111.4241715843809,-7.221264957948056,0 111.4241749322781,-7.221254924437361,0 111.4241953170545,-7.221109992176087,0 111.4241953716687,-7.221089601332268,0 111.4241954995347,-7.221041861238177,0 111.4241988971159,-7.221031601707966,0 111.4241822956696,-7.220907667088018,0 111.4241823514341,-7.220879918811399,0 111.4241824704423,-7.220820700863313,0 111.4241824985453,-7.220806716998236,0 111.4241825266869,-7.220792713917001,0 111.4241827888428,-7.220662267398355,0 111.4241828388179,-7.220637400383718,0 111.4241863679308,-7.220594630741756,0 111.424186399052,-7.220580334583132,0 111.424196841276,-7.22054091771134,0 111.4242003240809,-7.220530141455339,0 111.4242003957588,-7.220504953049947,0 111.4242004470646,-7.220486923659367,0 111.4242179260226,-7.220439899904984,0 111.4242214928471,-7.220414490809592,0 111.4242319918013,-7.220396303359423,0 111.4242355339542,-7.220381730428075,0 111.4242355669066,-7.220374436267754,0 111.4242392524161,-7.220330563782958,0 111.4242288211525,-7.220323233719451,0 111.4241974636509,-7.220308558039131,0 111.4241730822036,-7.220271778464071,0 111.4241556163575,-7.220242261339521,0 111.4241556512144,-7.220190405552979,0 111.4241591744329,-7.220175542433961,0 111.4241697440655,-7.220153208245111,0 111.4242104965682,-7.220081609208658,0 111.4242104271197,-7.220078147188548,0 111.424235986733,-7.219994702595081,0 111.4242392613183,-7.219987717876466,0 111.4242615738716,-7.219900002644228,0 111.424274841134,-7.219875306855207,0 111.4242949414014,-7.219847009984718,0 111.4243050663231,-7.219836378495091,0 111.4243462342412,-7.219836378677646,0 111.4243633875388,-7.219836378750049,0 111.4244114167677,-7.219836378941308,0 111.424428667799,-7.219847010540919,0 111.4244391696805,-7.219871774681643,0 111.42449095458,-7.219938691202705,0 111.4245011952389,-7.219938691234864,0 111.4245148494506,-7.219938691276608,0 111.4245319318766,-7.219942201140756,0 111.4245626860603,-7.219956228371131,0 111.4246989844589,-7.219987719393227,0 111.4247126058828,-7.219987719416452,0 111.4247364433754,-7.219987719454089,0 111.4247977707586,-7.219984225369307,0 111.4248918988303,-7.219822187401215,0 111.4248938601747,-7.219675573783647,0 111.4251834067017,-7.219707936082162,0 111.4255549077777,-7.219809968975539,0 111.4255902812938,-7.219682786645679,0 111.4255973431309,-7.219662010958402,0 111.4256009758155,-7.219644665318638,0 111.4256012169392,-7.219627289994965,0 111.4256227465243,-7.219550483923806,0 111.4256262098859,-7.219546978940126,0 111.4256333561717,-7.219525923721885,0 111.4256368801794,-7.219518895657115,0 111.4256544788737,-7.219487209395147,0 111.4256653389576,-7.219451886957889,0 111.4256656978406,-7.219430634895713,0 111.4256660574686,-7.219409338741753,0 111.4256737231481,-7.219363045020427,0 111.4256740307387,-7.219345184133122,0 111.4256708909283,-7.2193272922309,0 111.4256676245306,-7.219316542163081,0 111.4256475537593,-7.21927702919166,0 111.4256303804184,-7.219269828805044,0 111.4256132463413,-7.219259018745607,0 111.4255444125582,-7.21922652065244,0 111.4254821887173,-7.21920842203709,0 111.4254510245057,-7.21920117369778,0 111.4254302103897,-7.219201173702526,0 111.4253192018015,-7.219172129624267,0 111.425308772889,-7.219157577077272,0 111.4252737792422,-7.219051458222424,0 111.4252422889399,-7.21899483279423,0 111.4252183470666,-7.218984439567093,0 111.4251533310427,-7.218960147168921,0 111.4250948678909,-7.218932313113196,0 111.4250827954837,-7.218862393530753,0 111.4250814785657,-7.218813163109081,0 111.4250811955412,-7.218802582811414,0 111.4250704471952,-7.218784924607665,0 111.4248795981507,-7.218717543876647,0 111.4247658916319,-7.218710424778419,0 111.424741366058,-7.218699737746178,0 111.4247171310927,-7.21869617283748,0 111.4246824013439,-7.218689039372072,0 111.4246650273922,-7.218685470767241,0 111.4245853194155,-7.218674757314125,0 111.4245573976323,-7.218667609004716,0 111.4245122256284,-7.218660455575788,0 111.4244892058227,-7.218742416770797,0 111.4244839243383,-7.218770772457441,0 111.4244812891011,-7.218784920932873,0 111.4244782607032,-7.2187919878606,0 111.4244701862457,-7.218830768921008,0 111.4244295868807,-7.218837803918961,0 111.4243243979933,-7.21879551811695,0 111.424303399391,-7.218788453421316,0 111.4242608863465,-7.218767230233626,0 111.4242498872066,-7.218756602222197,0 111.4242214739005,-7.218742414234591,0 111.4242467187843,-7.218606646313041,0 111.4242906664984,-7.218538086990816,0 111.4242932003485,-7.218523595378628,0 111.4242962036736,-7.218516342018026,0 111.424293870348,-7.218479998654558,0 111.4242961800396,-7.218461779211134,0 111.4242945432373,-7.218436218262513,0 111.424300566029,-7.218366521071743,0 111.4242996300046,-7.218351788438849,0 111.4242986926621,-7.218337035076821,0 111.4242939860279,-7.218262954938162,0 111.4242925675324,-7.218240628583223,0 111.4242918571507,-7.218229447572454,0 111.4242899590973,-7.218199573314156,0 111.4242871018832,-7.218154602544264,0 111.4242859077739,-7.21813580805056,0 111.4243484937225,-7.218060295070649,0 111.4243799660794,-7.21805271443513,0 111.424411896086,-7.218052714832759,0 111.4244367304519,-7.218052715134951,0 111.4244651126214,-7.218052715472745,0 111.424479303702,-7.218052715638606,0 111.4244970425905,-7.218052715843108,0 111.4245114333406,-7.218056507254289,0 111.4245510294569,-7.218067873199828,0 111.4245581199213,-7.218067873276405,0 111.4245905832333,-7.218079226952864,0 111.4246127499245,-7.218098122366231,0 111.4246711003878,-7.218135812386444,0 111.4247726393426,-7.218199578369804,0 111.4248339442775,-7.218236908291352,0 111.4248519419627,-7.218248081480874,0 111.4248735673602,-7.218262960573042,0 111.4248878799435,-7.218270392271902,0 111.4249132187671,-7.218292655669459,0 111.4249277447418,-7.218307471688947,0 111.4249529967212,-7.218329656559947,0 111.4249637356492,-7.218337041062429,0 111.4249781953057,-7.218351794461325,0 111.4249924105239,-7.218359163430382,0 111.4250139310367,-7.218377563046435,0 111.4250424975137,-7.218399599821749,0 111.4250744898685,-7.218421590217694,0 111.4251101701806,-7.21845448898288,0 111.425138272748,-7.218465432243318,0 111.4251906841899,-7.218476364037699,0 111.4252080687667,-7.218476364101972,0 111.4252567455738,-7.218476364268456,0 111.4252741301453,-7.21847636432309,0 111.4253887842309,-7.218469078175875,0 111.4254687532031,-7.218465433180924,0 111.4254826681623,-7.218465433200199,0 111.425524358151,-7.218454490115343,0 111.4255313192893,-7.218454490121954,0 111.4255660810171,-7.21843988140227,0 111.4255799873868,-7.218428911373257,0 111.4256078477867,-7.218410602272095,0 111.4257585574198,-7.218292658000438,0 111.4257595975586,-7.218124524114167,0 111.425767013721,-7.218071664718659,0 111.4257670878069,-7.218060303296326,0 111.4258171422708,-7.218014735583952,0 111.4258865762967,-7.218101250645525,0 111.4260192827715,-7.218147964507644,0 111.4260400788345,-7.218151549171125,0 111.426067671859,-7.218151549232577,0 111.4260849174968,-7.218151549267994,0 111.4261194926494,-7.218155132699174,0 111.4261748918162,-7.218165875365177,0 111.4262215595358,-7.218079619940833,0 111.426248693885,-7.218047087745947,0 111.4262623821713,-7.218036220999807,0 111.4262898018288,-7.218014453188674,0 111.4263035855189,-7.218007187079146,0 111.4263826782478,-7.217933245625699,0 111.426387904185,-7.217885055005083,0 111.426391001445,-7.217878611571096,0 111.426390570026,-7.217862484471007,0 111.4263994564419,-7.217826911042508,0 111.42640542673,-7.217804205973407,0 111.4264051741382,-7.217794459192283,0 111.4264169141799,-7.217739043916268,0 111.4264196336684,-7.217716134899978,0 111.426419469265,-7.217709579658674,0 111.4264190577784,-7.2176931725013,0 111.4264306558636,-7.217627270218451,0 111.4264368032319,-7.217607413682707,0 111.4264360042951,-7.217574230848439,0 111.426438768932,-7.217550936725461,0 111.4264510620823,-7.217507530954433,0 111.4264505949981,-7.217487433579466,0 111.4264589197019,-7.217413395135354,0 111.4264446543873,-7.217376169494428,0 111.4264174809281,-7.217362598571096,0 111.4262952690422,-7.217318365910073,0 111.4262408684651,-7.217301301370368,0 111.4262011874705,-7.217321775225697,0 111.4260864001443,-7.217393107070297,0 111.4261053561449,-7.217280785518948,0 111.4261345005328,-7.217249933643944,0 111.4261474822238,-7.217236191367475,0 111.4261634784262,-7.217212097303837,0 111.4261731198059,-7.217198303449471,0 111.4261856638441,-7.21717065921816,0 111.4261953400618,-7.217156808769268,0 111.4262016358478,-7.217142939378789,0 111.4262144928698,-7.217122099696349,0 111.4262390125024,-7.217041816191514,0 111.4262388964668,-7.217038311209778,0 111.4262652475861,-7.216900671040645,0 111.4262774419878,-7.216850807622367,0 111.4262773315288,-7.21684723669785,0 111.426280004561,-7.216822205405133,0 111.4262898042927,-7.216804288633332,0 111.426289152362,-7.216782747347549,0 111.4262888258853,-7.216771959817243,0 111.4262973673246,-7.216710617078493,0 111.4262969361638,-7.216696130538392,0 111.4263054264783,-7.216630689686895,0 111.4263118572054,-7.216612438373346,0 111.4263182992197,-7.216594154961804,0 111.4263179851152,-7.216583169498158,0 111.426324337845,-7.216561163866668,0 111.4263274159749,-7.216546467607991,0 111.4263307039907,-7.216539111694945,0 111.426347078825,-7.216498561530928,0 111.4263851278723,-7.2164800776077,0 111.4264732902171,-7.216467291922376,0 111.4265147883214,-7.216484110511296,0 111.4265135812527,-7.216670562082569,0 111.4266052144191,-7.216866507733822,0 111.4267715377317,-7.216902010993088,0 111.4267780781916,-7.216902010990464,0 111.4268524321899,-7.216889115555595,0 111.4268550603381,-7.216879432867721,0 111.4268641018557,-7.216817886077579,0 111.4268716136079,-7.216782076571624,0 111.4268877761026,-7.216726477071612,0 111.426888678948,-7.216637523327332,0 111.426893830314,-7.216614330204249,0 111.4269029459692,-7.216601052619548,0 111.4269120739042,-7.216587757258342,0 111.4269214211017,-7.216577774039704,0 111.42694347154,-7.216557777485788,0 111.4269626364091,-7.216544424109525,0 111.4269782967435,-7.216527707155239,0 111.426980811958,-7.216457188400656,0 111.4269796207539,-7.21643694843224,0 111.4269874931008,-7.216399735279514,0 111.4269926261421,-7.21637258418037,0 111.4270009402609,-7.216341951211425,0 111.4270063017729,-7.216318060902894,0 111.4270122598637,-7.216304383805671,0 111.4270212122225,-7.216283833305235,0 111.4270206323572,-7.216273542325634,0 111.4270228495041,-7.216252928845466,0 111.4270286457864,-7.21623571876634,0 111.4270241053025,-7.216215027918049,0 111.4270376454253,-7.216215027940525,0 111.4270884208255,-7.216215028014594,0 111.4274838934948,-7.216197753333215,0 111.4274543382621,-7.216321477290041,0 111.427451330649,-7.216331719454629,0 111.4274342056863,-7.216416667394891,0 111.4274281192366,-7.216433571023829,0 111.427449882516,-7.216480749810559,0 111.4274701575905,-7.216487471461839,0 111.4274901943904,-7.216487471424467,0 111.4275200349119,-7.216480749679191,0 111.4276081020275,-7.21640312362438,0 111.4276466166063,-7.216335130826942,0 111.4276939616783,-7.216345358980712,0 111.4277042051472,-7.216352172030818,0 111.4277281038686,-7.216369184480009,0 111.427753194565,-7.216447072644142,0 111.4277601553321,-7.216460556790595,0 111.4277639640763,-7.216484110416379,0 111.4277677638604,-7.216507608654842,0 111.4277716844504,-7.216537739538262,0 111.4277752724823,-7.216551101840164,0 111.4277789192514,-7.216567779547913,0 111.4277974229399,-7.216670560951993,0 111.4278009699205,-7.216683745743532,0 111.4278046886806,-7.216706776926823,0 111.4278115249432,-7.216719913510649,0 111.4278217064267,-7.21673630971995,0 111.4278350588779,-7.216746134293074,0 111.4278752241759,-7.216788594846061,0 111.4278917139066,-7.216791853442666,0 111.4280135348218,-7.216811382006947,0 111.4280660997235,-7.216811381748049,0 111.4281251532237,-7.21676248568325,0 111.4281317270129,-7.21675267727229,0 111.4281448787623,-7.216710061142389,0 111.4281448698968,-7.216696911417458,0 111.4281481659936,-7.216680449612629,0 111.428164719355,-7.216627586950489,0 111.4281713646167,-7.216607690527796,0 111.4281713734289,-7.216594404094085,0 111.4281846996553,-7.21656444441529,0 111.4281880462496,-7.216551099973994,0 111.4282047215509,-7.216537737570137,0 111.4282247637151,-7.2165210093123,0 111.4283911042853,-7.216551098745519,0 111.4284142343232,-7.216564443017077,0 111.4284172137328,-7.216591078206907,0 111.4284170404908,-7.216604369112744,0 111.4284169539569,-7.216611007888383,0 111.4284098536245,-7.216647442006518,0 111.4284062511992,-7.216670557821334,0 111.4283882881791,-7.216791850800488,0 111.4283877938148,-7.216834114984,0 111.4283876800324,-7.216843842491437,0 111.428393928266,-7.21686973540955,0 111.4283969674737,-7.216889110240312,0 111.4284065388361,-7.216908446794298,0 111.4284160913072,-7.216927745179598,0 111.4284192283545,-7.216937380104603,0 111.4286733313024,-7.216956619803514,0 111.4288579458974,-7.216991796012032,0 111.4288143295415,-7.217064577443677,0 111.4287730610644,-7.217185998234279,0 111.4287660332218,-7.217268424288831,0 111.4286986755823,-7.217454808376226,0 111.4285480906465,-7.21783359176343,0 111.4284989318631,-7.217830360256952,0 111.4284562278962,-7.217820658662503,0 111.4284496735354,-7.217820658699449,0 111.4284383499794,-7.217952424416952,0 111.4285525255874,-7.21798429342386,0 111.4285630717623,-7.218095020253227,0 111.428563230015,-7.218117014483552,0 111.428611908588,-7.218173341515472,0 111.4286473622753,-7.218192044098693,0 111.4285406672885,-7.218622804262054,0 111.4289461600826,-7.218848849354044,0 111.4289723785588,-7.218836072015559,0 111.428995661127,-7.218804055468534,0 111.4290057983367,-7.218781581254339,0 111.4290159589217,-7.218759055215272,0 111.429032527428,-7.218746159732374,0 111.4290593536133,-7.218710609579645,0 111.4291093344257,-7.218671679857779,0 111.4291981876114,-7.218665175837187,0 111.4292962720728,-7.218681425042092,0 111.4293420214427,-7.218586798294723,0 111.4293490493261,-7.218573674709211,0 111.4293561953814,-7.218557245637378,0 111.429377930542,-7.218501181836911,0 111.4294813600814,-7.218122361547952,0 111.4295406555629,-7.218079259420624,0 111.4296135225616,-7.218035969323664,0 111.4296167489653,-7.21801258131287,0 111.4296199829584,-7.217989138280942,0 111.4295694682635,-7.217918477578404,0 111.429505356531,-7.217867698686319,0 111.4295180923658,-7.217792754511499,0 111.4295381375563,-7.217772217845058,0 111.4295481754805,-7.217761933806148,0 111.429588410127,-7.217717248206598,0 111.4296018670758,-7.217703458940087,0 111.4296592568259,-7.217641173848636,0 111.4299882199013,-7.217813829740629,0 111.4300751630542,-7.217613389108055,0 111.4300942263156,-7.217525266890474,0 111.4298783305034,-7.217491168605874,0 111.4298674505143,-7.217456952763782,0 111.4298669041113,-7.21743293236122,0 111.4298664347284,-7.217412297869222,0 111.4298695039847,-7.21739851807785,0 111.4298921472003,-7.217350140446773,0 111.4299053508709,-7.217332806563761,0 111.4299218353116,-7.217308489299899,0 111.4299284946515,-7.217301530795098,0 111.4299450322864,-7.217277138493016,0 111.4299646442848,-7.217231682922707,0 111.4299644577681,-7.217221164371353,0 111.429974392367,-7.217203609221205,0 111.4299871197958,-7.217147229429074,0 111.4299901965766,-7.217126006705023,0 111.4299998611889,-7.217086983865105,0 111.4300131668685,-7.217058510144675,0 111.4301222068139,-7.216954627391853,0 111.4301323410766,-7.216929394988982,0 111.4301421141499,-7.216860595712559,0 111.4301419851377,-7.216846053306778,0 111.43014188826,-7.216835133156334,0 111.4301552263587,-7.216765704766677,0 111.4301812315859,-7.216675082842284,0 111.4301843745043,-7.216668003698452,0 111.430203138765,-7.21662186977277,0 111.4302156495012,-7.21658980911254,0 111.4302189542251,-7.216586240618487,0 111.4302248884905,-7.216561226644027,0 111.4302413212481,-7.216539737580674,0 111.4302658264914,-7.216453331652116,0 111.4303143248104,-7.216453331370756,0 111.4303281814694,-7.216453331286872,0 111.4303464249426,-7.216482213393379,0 111.4303100165345,-7.21663253381341,0 111.4303410631675,-7.216742090547045,0 111.4303588121416,-7.216763160130504,0 111.4303763078303,-7.216777182339884,0 111.4304105105329,-7.216780684672512,0 111.4304140218635,-7.216784186016381,0 111.4304380792899,-7.216791184966743,0 111.4306573120979,-7.216857435996165,0 111.4307357590875,-7.216881735746701,0 111.4307731169692,-7.216885202133524,0 111.4308104620844,-7.216888667320611,0 111.4308274189453,-7.216888667144365,0 111.4308817452875,-7.21689905617835,0 111.4308953420893,-7.216905976529161,0 111.4309224788975,-7.216912892003126,0 111.4309495873319,-7.216916347818583,0 111.4309733003531,-7.216919802489068,0 111.4310409835763,-7.216943953306011,0 111.4312131916742,-7.216971482575733,0 111.4312707440183,-7.216961166339087,0 111.431461059008,-7.216289342129337,0 111.4312173504265,-7.216219329000032,0 111.4312033718947,-7.216215631105006,0 111.4311823793991,-7.216211931942208,0 111.4311648846247,-7.216208231476641,0 111.4311438538244,-7.216208231748811,0 111.4311158127584,-7.216208232105476,0 111.4310702460283,-7.216208232669883,0 111.4310562254964,-7.216208232839774,0 111.4309826089506,-7.216200828337804,0 111.43096856975,-7.216193417950992,0 111.4309440052784,-7.216189710934188,0 111.4309194321235,-7.216186002654537,0 111.430898340472,-7.216178581849727,0 111.4308526271946,-7.216167440878723,0 111.4308420913325,-7.21616744098556,0 111.4307926200183,-7.216137673027889,0 111.430778430606,-7.216126488235474,0 111.4307570515583,-7.216104082906541,0 111.4307285743347,-7.216081629819978,0 111.4307177381748,-7.216062882234623,0 111.4306923600155,-7.216017751638153,0 111.4306180833595,-7.216017752245032,0 111.4305933244689,-7.216017752435335,0 111.4305190477787,-7.216017752970275,0 111.4304695299683,-7.216017753296925,0 111.4304447710575,-7.216017753451257,0 111.4304094011779,-7.216017753661332,0 111.430366957311,-7.216017753897267,0 111.4302589808653,-7.215964857248334,0 111.430244388677,-7.215953487751659,0 111.4302008068174,-7.215926911436987,0 111.430118151865,-7.215904078931891,0 111.430100371887,-7.215904078975234,0 111.4300825918225,-7.215904079015347,0 111.4300477193594,-7.215919306375108,0 111.4300301270241,-7.215923109877004,0 111.4300097028115,-7.21594210664178,0 111.4299840502336,-7.215998893711694,0 111.4299667064119,-7.21607788695471,0 111.4299515102083,-7.216126492866585,0 111.4298812079294,-7.216193424813391,0 111.4298391162886,-7.216193424862699,0 111.4298321010129,-7.216193424869355,0 111.4297166638303,-7.216141403692246,0 111.4297056536333,-7.216133950990484,0 111.4297031115656,-7.216092866679569,0 111.4297019527936,-7.216074138913918,0 111.4297045544262,-7.216059132660748,0 111.4297166091317,-7.216025290496669,0 111.4297225364786,-7.216006442404737,0 111.4297348774035,-7.215976215447881,0 111.4297412872691,-7.215964858055106,0 111.4297638872014,-7.215926911974798,0 111.4297745665683,-7.215865915060846,0 111.4297752547006,-7.215816096535304,0 111.4297779408441,-7.215800720792028,0 111.429780409935,-7.215781470027946,0 111.4297891641923,-7.215746731043144,0 111.4297947971554,-7.215719633787649,0 111.4297977283715,-7.21570799965103,0 111.4297970719768,-7.215696352880902,0 111.4297959763954,-7.215676913405428,0 111.4297937792788,-7.215637928892678,0 111.4297195299041,-7.215539845715016,0 111.4296413345321,-7.215504316375463,0 111.4296255821925,-7.215484527500135,0 111.4296178221889,-7.215476601723934,0 111.4295986549657,-7.215460732981865,0 111.4295763507401,-7.215452789829184,0 111.4295615603056,-7.215448815991955,0 111.4294998135775,-7.215448815617252,0 111.4292445104483,-7.215480562679108,0 111.429234796004,-7.215583109236047,0 111.4292308070337,-7.215622292415595,0 111.4292275269589,-7.215626202931563,0 111.4292196391513,-7.215661333652986,0 111.4292166913981,-7.215669124878683,0 111.429204595526,-7.215696349925913,0 111.4291922023244,-7.215719630815408,0 111.4291798359471,-7.215742861167961,0 111.4291775738224,-7.215758320295899,0 111.4291688222183,-7.215781467108712,0 111.4291607539914,-7.215812251781503,0 111.4291549440979,-7.215827610951241,0 111.4289178922314,-7.215806911616729,0 111.4289037669024,-7.215803240803972,0 111.4288016191834,-7.215784867222879,0 111.4287264867191,-7.215751713107164,0 111.42870898871,-7.215751713091311,0 111.4286879911429,-7.215751713068672,0 111.42863613178,-7.215762776011646,0 111.4286199285397,-7.215784867073044,0 111.4283802827094,-7.215755401262865,0 111.4283767837558,-7.215755401249189,0 111.428309226407,-7.215740637189464,0 111.4282445158648,-7.215718452071947,0 111.4282159023199,-7.215711046513528,0 111.4281945737976,-7.215707341753803,0 111.4281799605345,-7.215699928410095,0 111.4281656322241,-7.215696219754808,0 111.428115899596,-7.21568879836299,0 111.4280600512186,-7.215692509168966,0 111.4280472779325,-7.215707340793365,0 111.4280383445575,-7.215725850963289,0 111.4280300638551,-7.215751710368409,0 111.428025628414,-7.215821579639921,0 111.4280262643237,-7.215828907204705,0 111.4280224760197,-7.215865467792507,0 111.4280231116903,-7.215872764508228,0 111.4280098753281,-7.215920068854065,0 111.4279846036642,-7.215909171386188,0 111.4279773317841,-7.215905536376978,0 111.4279541833463,-7.215880055711003,0 111.4279392737127,-7.215869116235925,0 111.4279246835939,-7.215861816804889,0 111.4278996358303,-7.21585451222366,0 111.4278815379083,-7.215847202507886,0 111.4278571521031,-7.215847202319026,0 111.4277581504659,-7.215832566975013,0 111.4276403764841,-7.215872761496784,0 111.427608805679,-7.215999631588453,0 111.4275981413938,-7.216060697661578,0 111.4275799023105,-7.216104016815152,0 111.4270474847723,-7.216055439566317,0 111.4271776388446,-7.215665513254264,0 111.4272781973845,-7.215723157728594,0 111.4274318196367,-7.215435378431255,0 111.4272322088377,-7.215379827282553,0 111.4273164145363,-7.215260330069296,0 111.4273223697334,-7.215241535634418,0 111.4273320924976,-7.215226476051399,0 111.4273485380245,-7.215143262537199,0 111.4273576757146,-7.215116648116876,0 111.427363061436,-7.215086149738594,0 111.4273600329251,-7.215032566367062,0 111.4272067213355,-7.214978711445612,0 111.4271816767134,-7.21497871123504,0 111.4271745210933,-7.214978711173649,0 111.4271369684375,-7.215005671638486,0 111.4271135243265,-7.215028726724836,0 111.427064034561,-7.215086147454136,0 111.4270618235589,-7.215105219202827,0 111.4270626317858,-7.215116645899593,0 111.4270503130496,-7.215143260305259,0 111.4270473061255,-7.215150852283552,0 111.4270268663953,-7.215211392591439,0 111.427025250602,-7.215237770640075,0 111.4270225407337,-7.215249055366955,0 111.4270233644402,-7.215260327973574,0 111.4270144282816,-7.215282837260486,0 111.427006064969,-7.215312775144259,0 111.4270033749095,-7.215323979949188,0 111.4270080721263,-7.215387249464923,0 111.4270091732496,-7.215402081168299,0 111.4270070435706,-7.215420591357519,0 111.4270005883248,-7.215427986202296,0 111.4269711903009,-7.215501649197892,0 111.4269589244202,-7.215523647164802,0 111.4269000434857,-7.215701576809352,0 111.4268590780126,-7.21579119246128,0 111.4268533820563,-7.215805458918138,0 111.4267311460257,-7.215823263417469,0 111.4266970584973,-7.215712370350293,0 111.4266928196152,-7.215665509927471,0 111.4266898737196,-7.215632943434162,0 111.4266892178139,-7.215625692492805,0 111.4266789798312,-7.215589361650685,0 111.4266609339606,-7.215582080034794,0 111.4266286232234,-7.215571148058058,0 111.4264610615968,-7.215530964715873,0 111.4264112668024,-7.215622062285268,0 111.4264093047553,-7.215636564114492,0 111.4264111870529,-7.21565466296234,0 111.4264119390549,-7.215661893690595,0 111.4264190569463,-7.215730334569873,0 111.4264198034573,-7.215737512540055,0 111.4264104182707,-7.215812581141039,0 111.4263977331633,-7.215855232734051,0 111.426386644987,-7.215880031188565,0 111.426387021191,-7.215883568937471,0 111.426353519325,-7.215890640472407,0 111.4261252632089,-7.215865876315258,0 111.4260243957915,-7.215844594222632,0 111.4260942669279,-7.215643816712844,0 111.4257058359361,-7.215512654936493,0 111.425669743026,-7.215497978861554,0 111.4255529267182,-7.215479603776961,0 111.4255424444035,-7.215479603646677,0 111.4254760565728,-7.215479602799103,0 111.4253375147874,-7.215992644589036,0 111.4251671004165,-7.215992643352436,0 111.4250808022379,-7.21593297560691,0 111.4250629053806,-7.215922409681756,0 111.4249266023387,-7.21588711014484,0 111.4249088812412,-7.215880035693352,0 111.4248210261395,-7.215855236267799,0 111.4247926271051,-7.215844589635786,0 111.4247785759911,-7.215841038239557,0 111.4247538939788,-7.215833931819797,0 111.4245792229729,-7.215769752315478,0 111.4244648447607,-7.215730333454586,0 111.424393863211,-7.215712365500027,0 111.4243270157451,-7.215701569301094,0 111.4242605097816,-7.215694365209428,0 111.4242534253201,-7.215727479081347,0 111.4242058568313,-7.215727478995656,0 111.423828445831,-7.215671676375059,0 111.4237840579334,-7.215657677909275,0 111.4237363904436,-7.215664679208762,0 111.4237058284567,-7.2156751723537,0 111.4236787026543,-7.215685654701142,0 111.4236072030935,-7.215685654293976,0 111.4235898357936,-7.215664678390976,0 111.4235515143176,-7.21561908200834,0 111.42353436796,-7.215615566040438,0 111.4234107574042,-7.215590920326247,0 111.4233765515736,-7.215590920067539,0 111.4233526074879,-7.21559091988151,0 111.4232851859715,-7.215622594679071,0 111.4232009227973,-7.215654171384865,0 111.4231500384186,-7.21566117489005,0 111.4228557772435,-7.215640145600891,0 111.4228284782845,-7.215640145293316,0 111.4227336105627,-7.215710063873131,0 111.4226794410286,-7.215879358646239,0 111.4226604941723,-7.215899895005684,0 111.4226211718874,-7.215916976454032,0 111.4226162540255,-7.215893053623237,0 111.4226097613925,-7.215845037036743,0 111.4226084185837,-7.215824388411177,0 111.4226077461487,-7.215814048262582,0 111.4226147731504,-7.215765654226614,0 111.4226177183996,-7.215758721912325,0 111.4226199970131,-7.215741370324946,0 111.4226170919238,-7.215696116880865,0 111.4226094085384,-7.215629613187423,0 111.4226080510106,-7.215608521650533,0 111.4225993918394,-7.21558033162894,0 111.4225077248117,-7.215541442060875,0 111.4224940092588,-7.215541441866627,0 111.4224489242995,-7.215534354732345,0 111.4224246547249,-7.215530809283099,0 111.4223731946099,-7.215530808512892,0 111.4222839971133,-7.215530807131944,0 111.4221955494892,-7.215580325698078,0 111.4221376764871,-7.2155838527623,0 111.4221168340584,-7.215580324406671,0 111.4219988128972,-7.21556266411177,0 111.4219320085077,-7.215566205515562,0 111.4217080068747,-7.215608516627568,0 111.4215402029129,-7.215541436126831,0 111.4215299162494,-7.215541435973667,0 111.4214225975482,-7.215580322623487,0 111.4214196127507,-7.215587377358422,0 111.4214172869861,-7.215604992967263,0 111.421411549945,-7.215622578193178,0 111.421411989203,-7.215629603875373,0 111.4214107727243,-7.215664659825013,0 111.4214163652043,-7.215699595713631,0 111.4214168011534,-7.215706568510669,0 111.4214062719132,-7.215755244441189,0 111.4212908567786,-7.215803686417977,0 111.4212669015312,-7.215703080395985,0 111.4212503365505,-7.215661157121267,0 111.4211947685276,-7.215647143440705,0 111.4210670248766,-7.215713530905936,0 111.4210686895292,-7.21573440642223,0 111.4210014015141,-7.215782948458876,0 111.4209890077855,-7.215796775150348,0 111.4209947053439,-7.21582437253038,0 111.4209100668007,-7.215899877280992,0 111.4208083591731,-7.215893034620836,0 111.4207656325327,-7.215869054077142,0 111.4207751455243,-7.215755233834867,0 111.4207705559524,-7.215706557469016,0 111.4205967234648,-7.215636609935632,0 111.4206184152089,-7.215682128629894,0 111.4205879644712,-7.215717004146273,0 111.4205063379558,-7.2157482890337,0 111.4204690001455,-7.215748288258744,0 111.4204595792393,-7.215755227567895,0 111.4204328191827,-7.215758694978827,0 111.4204241891057,-7.215772554853738,0 111.4204035786162,-7.215800217801248,0 111.4203953770751,-7.215817468948748,0 111.420393558373,-7.215831248814474,0 111.4203861613304,-7.215855318381101,0 111.4203839606009,-7.215865616396495,0 111.4203953879057,-7.215906704046096,0 111.4201511989749,-7.216574065722187,0 111.4201479427816,-7.216574065679058,0 111.4200804701874,-7.216857369675852,0 111.4199998963165,-7.217810360997285,0 
					</coordinates>
				</LinearRing>
			</outerBoundaryIs>
		</Polygon>
	</Placemark>
	<Placemark>
		<name>DESNARUM JAYA AKASHA_BLORA_ST-RANDUBLATUNG</name>
		<description>ST: DESNARUM JAYA AKASHA_BLORA_ST-RANDUBLATUNG | Partner: Dsn Beran</description>
		<styleUrl>#m_ylw-pushpin</styleUrl>
		<Polygon>
			<outerBoundaryIs>
				<LinearRing>
					<coordinates>
						111.4650122327613,-7.176981776228788,0 111.4649360729181,-7.176680470170576,0 111.4663560917737,-7.175858997941724,0 111.4665202310763,-7.176503101633953,0 111.4671749292693,-7.176479481560852,0 111.4671687967933,-7.175867689655826,0 111.4671779570918,-7.175544300147956,0 111.4691523368942,-7.175030524874362,0 111.4703209618643,-7.174743419502698,0 111.4706219207389,-7.174792051504591,0 111.4716598115438,-7.175168398369771,0 111.4716056915755,-7.17543234819625,0 111.4723405746665,-7.175900228376882,0 111.4725858308375,-7.176045190210985,0 111.4724870454655,-7.176673364966792,0 111.4728659260822,-7.176771988001884,0 111.4727462665034,-7.177420021780878,0 111.4723214676704,-7.17731774936079,0 111.4719997261492,-7.17730186473029,0 111.471956980354,-7.177512984592839,0 111.4716761051886,-7.17750528011485,0 111.4716792414001,-7.177784043550112,0 111.4712538248633,-7.177787715577178,0 111.4711717443067,-7.175689797104592,0 111.4707773950571,-7.175563966382128,0 111.4707773408162,-7.175201047384077,0 111.4701443346367,-7.175075793550051,0 111.4700181811857,-7.175424153457259,0 111.4691637036197,-7.17568935757748,0 111.4686869830068,-7.177960472136237,0 111.4689490535983,-7.178820629198052,0 111.4693546861046,-7.178852146489096,0 111.4693464817319,-7.180063209125316,0 111.4703340761128,-7.180213156143345,0 111.4703299061837,-7.180454257126749,0 111.4692338323765,-7.180353838523739,0 111.468826248283,-7.180324978688598,0 111.4688008400565,-7.181186721123125,0 111.4689822523173,-7.181269256801303,0 111.4687778684336,-7.181762722367273,0 111.4689361868928,-7.181868257847781,0 111.4688565107769,-7.182255904525977,0 111.4689363401616,-7.182293731182584,0 111.4701232984795,-7.182622601655507,0 111.4713812044794,-7.182922464680662,0 111.4717281655037,-7.182979537197324,0 111.4721379018117,-7.182551139952718,0 111.4725436426044,-7.182551138413066,0 111.4726486399709,-7.182236471284557,0 111.4731993113541,-7.18226509221036,0 111.4732995829576,-7.181726710193418,0 111.4730765465162,-7.181632560751214,0 111.4732144931053,-7.181155252143982,0 111.4734787840592,-7.181233444189578,0 111.4736429813584,-7.18077586908859,0 111.4734113706758,-7.180662258474416,0 111.4735282759853,-7.180401016833827,0 111.4734834205796,-7.179779872761776,0 111.4738296118754,-7.179674550918843,0 111.4739477777841,-7.178246427361533,0 111.47425100605,-7.178181231979379,0 111.4742523813993,-7.177916466160484,0 111.4738901849182,-7.177902739956422,0 111.4739542333039,-7.176461465330098,0 111.4745961567271,-7.176431293235721,0 111.4746023633022,-7.176718857656339,0 111.4751127658622,-7.176845948030795,0 111.4751594993232,-7.176635552770767,0 111.4754005788645,-7.176652296110142,0 111.4754413382388,-7.177169839912601,0 111.4762719810542,-7.177508167946447,0 111.4776572574593,-7.177896483658773,0 111.4776668908216,-7.177626709269569,0 111.4780786518334,-7.177699213853092,0 111.4780352216838,-7.176436940035415,0 111.4774216785646,-7.176477097525227,0 111.4763789136364,-7.17618234073438,0 111.4704716524049,-7.174129196970155,0 111.4667529578239,-7.175082063682265,0 111.4640719015198,-7.176548248745711,0 111.4641865648302,-7.177203324557056,0 111.4650122327613,-7.176981776228788,0 
					</coordinates>
				</LinearRing>
			</outerBoundaryIs>
		</Polygon>
	</Placemark>
	<Placemark>
		<name>DESNARUM JAYA AKASHA_BLORA_ST-RANDUBLATUNG</name>
		<description>ST: DESNARUM JAYA AKASHA_BLORA_ST-RANDUBLATUNG | Partner: Dsn Beran</description>
		<styleUrl>#m_ylw-pushpin</styleUrl>
		<Polygon>
			<outerBoundaryIs>
				<LinearRing>
					<coordinates>
						111.4578338952383,-7.197418279037131,0 111.4578577716952,-7.196863537778334,0 111.4576151820844,-7.196844453635977,0 111.4575121263805,-7.195562238055037,0 111.4579293809023,-7.195543178565245,0 111.4579134293396,-7.194741128534961,0 111.4575078098551,-7.194715407545423,0 111.457664645851,-7.193928399523142,0 111.4611784672128,-7.194494978062517,0 111.4615858134626,-7.192573514048381,0 111.4610712899465,-7.192427895881988,0 111.4610437743398,-7.191869056948593,0 111.4593634505036,-7.191556362122413,0 111.4593641925531,-7.19135969339194,0 111.4585916447139,-7.191257466401672,0 111.4581875417455,-7.188987355617772,0 111.4576381552934,-7.188869051279022,0 111.4577414384762,-7.187920874662169,0 111.4578435108733,-7.187504066752488,0 111.4575664379644,-7.187477975931724,0 111.4576136207534,-7.186517078123613,0 111.4569668267345,-7.1864549119827,0 111.4569913949481,-7.187586172926452,0 111.4569911080577,-7.187884658159204,0 111.4566648448948,-7.188141234173293,0 111.4565810603759,-7.189387242368139,0 111.4568168697156,-7.189708422799001,0 111.4567569004331,-7.190391141285508,0 111.4565601001647,-7.190377627810982,0 111.4563030291799,-7.19232905792406,0 111.4563282016907,-7.193213899301462,0 111.4565000557564,-7.193236715857751,0 111.456537892133,-7.193991082962453,0 111.4563810217506,-7.194023619349978,0 111.4563637741592,-7.194719877534307,0 111.4560027335038,-7.194794963400174,0 111.4559600471247,-7.19550655742422,0 111.4562679741993,-7.195534079505587,0 111.4562599807678,-7.195760547250988,0 111.455971142204,-7.195765011755836,0 111.4559664249145,-7.196571179285498,0 111.4561333794847,-7.196631210371927,0 111.4561774062623,-7.196881456578991,0 111.4560070100228,-7.19692631493014,0 111.456067446315,-7.197377544797146,0 111.4578338952383,-7.197418279037131,0 
					</coordinates>
				</LinearRing>
			</outerBoundaryIs>
		</Polygon>
	</Placemark>
	<Placemark>
		<name>DESNARUM JAYA AKASHA_KENDAL_ST-KALIBODRI</name>
		<description>ST: DESNARUM JAYA AKASHA_KENDAL_ST-KALIBODRI | Partner: PT DUIT</description>
		<styleUrl>#m_ylw-pushpin</styleUrl>
		<Polygon>
			<outerBoundaryIs>
				<LinearRing>
					<coordinates>
						110.1537760455951,-6.986609269277566,0 110.1558044836175,-6.982616441885096,0 110.1547276118232,-6.981666095568007,0 110.1548450705722,-6.979809833936073,0 110.1563344075919,-6.979809818310783,0 110.1600864418651,-6.979907865032497,0 110.1622332695053,-6.979750844199167,0 110.1631049898577,-6.977719379318214,0 110.166017608036,-6.976964937986903,0 110.1660829478437,-6.975167784817404,0 110.1658946397689,-6.974665932191863,0 110.1606555547291,-6.974183317159571,0 110.1600191389791,-6.977084428363486,0 110.1566417313339,-6.977124240208712,0 110.1544427743605,-6.976507407351947,0 110.1545007058324,-6.975027763939697,0 110.1530749333926,-6.974987638501131,0 110.1523655051165,-6.973941621227112,0 110.1522560785741,-6.973045815303832,0 110.1529735809705,-6.969943374096931,0 110.15111034194,-6.969788895258113,0 110.1496906928628,-6.970301680293401,0 110.1496074346277,-6.971529376123196,0 110.1485615334637,-6.971520112794497,0 110.1484916055687,-6.970445514197478,0 110.1487270710644,-6.969671845298229,0 110.1483809881976,-6.969328141299895,0 110.1473611363023,-6.970041404022207,0 110.1458765942013,-6.970521999410515,0 110.1444333420439,-6.973483633488538,0 110.1452259403717,-6.974010415565602,0 110.145245153013,-6.974466145522833,0 110.1452677155769,-6.974927335937373,0 110.1457379616614,-6.977759155772337,0 110.1462171780129,-6.979023434038836,0 110.1474315473133,-6.979082522684585,0 110.1469862657699,-6.980469395436219,0 110.1473808192049,-6.981252669579304,0 110.147042603972,-6.982259742740745,0 110.1465634722506,-6.982903156116372,0 110.1445440221477,-6.985499544320126,0 110.1492879867663,-6.986117330654146,0 110.1491876669881,-6.988133871646521,0 110.1531352081211,-6.988179299582536,0 110.1537760455951,-6.986609269277566,0 
					</coordinates>
				</LinearRing>
			</outerBoundaryIs>
		</Polygon>
	</Placemark>
	<Placemark>
		<name>DESNARUM JAYA AKASHA_BLORA_ST-RANDUBLATUNG</name>
		<description>ST: DESNARUM JAYA AKASHA_BLORA_ST-RANDUBLATUNG | Partner: Dsn Beran</description>
		<styleUrl>#m_ylw-pushpin</styleUrl>
		<Polygon>
			<outerBoundaryIs>
				<LinearRing>
					<coordinates>
						111.3941550910735,-7.196931774650921,0 111.3943439314322,-7.196436887481762,0 111.3945612739969,-7.195768793178959,0 111.3944808015719,-7.195205440080869,0 111.394566313328,-7.19495092770791,0 111.3946910172582,-7.194675206070588,0 111.3950508762127,-7.194498462385222,0 111.3954392382429,-7.194767114940782,0 111.3957591444024,-7.194714090791399,0 111.3958802853016,-7.19487316096764,0 111.3961653216793,-7.195014556297692,0 111.3968814733269,-7.195088787145671,0 111.3966997637922,-7.195219578415043,0 111.3965608096855,-7.195456416035509,0 111.3965857510101,-7.195735671930283,0 111.3968850386762,-7.195778089572634,0 111.3970061783839,-7.195654368117317,0 111.3973019028384,-7.195636692607866,0 111.3973260018861,-7.195799675091383,0 111.3978960769403,-7.195951673909898,0 111.398270186377,-7.195707761511728,0 111.3984233906616,-7.195375478220286,0 111.3984020094558,-7.19497603388213,0 111.3989257608125,-7.194696774147663,0 111.3993426219525,-7.194166537051406,0 111.3990077020133,-7.193972120681101,0 111.3986193401388,-7.193848402630584,0 111.3985979625254,-7.193848402790364,0 111.3983841867254,-7.193908497367763,0 111.3982808637995,-7.194081934298811,0 111.3978782509829,-7.194011238199213,0 111.3979637585862,-7.193537561407116,0 111.3985088873466,-7.193534023451106,0 111.398619339559,-7.193657744239865,0 111.3987155377118,-7.193519882709076,0 111.3996846625546,-7.193516342342084,0 111.3998628125192,-7.193558760288911,0 111.4000587798733,-7.193717830542048,0 111.4002155511206,-7.193636526591024,0 111.4005148421577,-7.193449173944959,0 111.4008675834778,-7.193406752449314,0 111.4009637821623,-7.193155771394624,0 111.4010920469919,-7.192728042907721,0 111.3989069556237,-7.192315268228932,0 111.3986646727028,-7.19227638474023,0 111.3979983994858,-7.192188014182653,0 111.3976884238815,-7.19214206156359,0 111.3959442411167,-7.191861662091982,0 111.3959299892347,-7.191769754952812,0 111.3969240468194,-7.191872266078553,0 111.3970808140075,-7.191451613004627,0 111.3967138315761,-7.191403600027786,0 111.396688890408,-7.19126573920395,0 111.3966710739038,-7.190767319667036,0 111.3961615782156,-7.190530925647749,0 111.3962969671793,-7.190110271301238,0 111.3967245133981,-7.189339663645505,0 111.3969774794137,-7.189014452853956,0 111.3972268843763,-7.189025056546445,0 111.3980572965657,-7.187225490462255,0 111.3976154808314,-7.186963909325036,0 111.3971344777614,-7.186822516741852,0 111.3969028857361,-7.187214893844554,0 111.3970204635932,-7.187363359449148,0 111.3964788962911,-7.187306803249128,0 111.3964254530359,-7.18761433958978,0 111.3963755722684,-7.18769210742442,0 111.395880326924,-7.187151269692247,0 111.3960549091325,-7.186907361409557,0 111.3958838906549,-7.186433685236094,0 111.3955097867561,-7.186497314925488,0 111.395331643022,-7.186207453010957,0 111.3947045750253,-7.186949781838846,0 111.3947793953405,-7.187041689018561,0 111.3952033792894,-7.187373377080943,0 111.3953922127859,-7.187355701980693,0 111.3952746369337,-7.187472354489119,0 111.3951570618044,-7.187796998619016,0 111.3952283193339,-7.187980814265881,0 111.3952140676986,-7.1880055588122,0 111.3951534979928,-7.18823532791504,0 111.3953886490877,-7.188313095445958,0 111.3956451784045,-7.188164628585774,0 111.3958161982697,-7.188104534208531,0 111.3958874558516,-7.18838025689091,0 111.3958304488851,-7.188549932523253,0 111.3959836560365,-7.188847332444626,0 111.3957983832307,-7.189356359532408,0 111.395400212222,-7.189310403973535,0 111.3955356086021,-7.188571604793887,0 111.3953075801522,-7.188507977838888,0 111.3950795500289,-7.188826122486874,0 111.3944987942146,-7.188790775186709,0 111.3937327671563,-7.189540172570021,0 111.39307363148,-7.189395239211005,0 111.3930843206853,-7.189260913343361,0 111.3930736333507,-7.188861469537187,0 111.3931163886197,-7.188702398915004,0 111.3933087845399,-7.188935703925329,0 111.3935154328124,-7.188889751157402,0 111.3937113931109,-7.188659982792172,0 111.3936508247486,-7.188419608156047,0 111.3936508253947,-7.188253466603606,0 111.3934085486522,-7.188041369275192,0 111.3930380060247,-7.188175694644308,0 111.3929116402032,-7.188451419265583,0 111.3923415761919,-7.188274668453656,0 111.3923023836877,-7.188430205070419,0 111.3924876544929,-7.188522114741711,0 111.392434210538,-7.188621091921617,0 111.3922596283342,-7.18856099677609,0 111.3921919322328,-7.188794300459512,0 111.3917572568139,-7.188723597467278,0 111.3917821977656,-7.188529176986443,0 111.3919817211568,-7.188582203283056,0 111.3922026226319,-7.188274667018466,0 111.3920422918067,-7.188090848266121,0 111.3917216286272,-7.188002470087589,0 111.3913974003826,-7.188854384656117,0 111.3911230479336,-7.18938843458604,0 111.3909235218461,-7.189420245550333,0 111.3908736402789,-7.189423779657549,0 111.3908522624536,-7.189423779285017,0 111.3908130695297,-7.189483872363398,0 111.3908344470115,-7.189621734947143,0 111.3909092691531,-7.189717179069515,0 111.3909840908294,-7.189879786328264,0 111.3911657994578,-7.190272163482473,0 111.391450834663,-7.190367608806469,0 111.3917679353289,-7.190434774712832,0 111.3920351541977,-7.190480730457638,0 111.392042280005,-7.190484265403239,0 111.3924517442014,-7.19070008094333,0 111.3927047163984,-7.190788457999962,0 111.3929469982065,-7.190742506912408,0 111.3930645758269,-7.190717763814656,0 111.3930930795837,-7.190809672159202,0 111.393075264961,-7.190954603673287,0 111.3930538872891,-7.191078325539577,0 111.3929648133188,-7.191067719931699,0 111.392612079169,-7.191046506441661,0 111.3924054261251,-7.191163156388277,0 111.3922914099019,-7.191392924920987,0 111.3924553070778,-7.191682789702467,0 111.3925301294288,-7.191802977282094,0 111.392897115539,-7.191884282733172,0 111.3929363073839,-7.192025678960658,0 111.3928935486004,-7.19237117510438,0 111.3929149258894,-7.192622153585198,0 111.3931286999054,-7.193178981138492,0 111.3935063733203,-7.193345124464973,0 111.3945348831493,-7.193687046629459,0 111.3945241944691,-7.193761280204469,0 111.3944493725833,-7.193831978494171,0 111.3943460468168,-7.193856722347843,0 111.3941678988253,-7.193863790855315,0 111.3938080388489,-7.193884997274931,0 111.3935443778512,-7.193870854542292,0 111.3935942608019,-7.194135975249454,0 111.3937118400146,-7.194471793891954,0 111.3937724108104,-7.194779331430236,0 111.3937082772724,-7.194860633737551,0 111.3933341629555,-7.195249470731772,0 111.393284280706,-7.195274214777299,0 111.393255776692,-7.195277749512057,0 111.3932486506887,-7.195277749468657,0 111.3930669368964,-7.195366121037411,0 111.3930099285456,-7.195390865053196,0 111.3929885503761,-7.195405004555249,0 111.3928923479843,-7.195546400461697,0 111.3928887848329,-7.195549935355942,0 111.3928424638889,-7.195786774331099,0 111.3929065970904,-7.195995334470725,0 111.3931310663573,-7.19615794084374,0 111.3933484088652,-7.196338221445944,0 111.3935621880257,-7.196461943222241,0 111.3938614780213,-7.196659897983792,0 111.3941550910735,-7.196931774650921,0 
					</coordinates>
				</LinearRing>
			</outerBoundaryIs>
		</Polygon>
	</Placemark>
	<Placemark>
		<name>DESNARUM JAYA AKASHA_BLORA_ST-RANDUBLATUNG</name>
		<description>ST: DESNARUM JAYA AKASHA_BLORA_ST-RANDUBLATUNG | Partner: Dsn Beran</description>
		<styleUrl>#m_ylw-pushpin</styleUrl>
		<Polygon>
			<outerBoundaryIs>
				<LinearRing>
					<coordinates>
						111.4757729111573,-7.198460596512443,0 111.4759656633017,-7.198513905543624,0 111.4758890484712,-7.198883588558708,0 111.4763542127014,-7.19903984237508,0 111.476321257567,-7.199242264809862,0 111.4767006096756,-7.19933809147599,0 111.4768987350146,-7.198672384626336,0 111.4782895566003,-7.19885432258549,0 111.4782960452829,-7.198983313433511,0 111.4786871820351,-7.199057391420835,0 111.4787455973862,-7.19878740664506,0 111.4793928826832,-7.198903902084162,0 111.4794610504735,-7.198673463612743,0 111.4800093175093,-7.198760586921843,0 111.4801527867673,-7.19820781944551,0 111.4814898517131,-7.198222430585139,0 111.4815255693473,-7.197608381397309,0 111.4804055565015,-7.197577586664376,0 111.4799961600032,-7.197494725882181,0 111.4800402939944,-7.197166368864454,0 111.4804178985026,-7.197195813659757,0 111.4804630803778,-7.197030891782033,0 111.4806807559935,-7.19710236598305,0 111.4807692001277,-7.196440578116031,0 111.4804530233553,-7.196336982102969,0 111.4805302985069,-7.195767909367252,0 111.4805589759969,-7.195643147948367,0 111.479227831492,-7.195263156226544,0 111.4794312420633,-7.19482025710966,0 111.4787024989653,-7.194648780088275,0 111.4787463847602,-7.194305090064883,0 111.4781146993803,-7.194180828205075,0 111.4780445767867,-7.194435260402339,0 111.4772544043743,-7.19443844281246,0 111.4773658551109,-7.19393009354315,0 111.4765933301806,-7.193887119181346,0 111.4765191818958,-7.194312478996801,0 111.4746611737327,-7.194168160440137,0 111.4746432093363,-7.194856209063041,0 111.4743052256372,-7.194838556888436,0 111.4742821915847,-7.194911528256781,0 111.4741778636811,-7.196310278656763,0 111.4746524996001,-7.196485626066386,0 111.474583041537,-7.19710466182706,0 111.4745179934722,-7.19762240852776,0 111.4745436000135,-7.198120200899686,0 111.4758241573312,-7.19817001565375,0 111.4757729111573,-7.198460596512443,0 
					</coordinates>
				</LinearRing>
			</outerBoundaryIs>
		</Polygon>
	</Placemark>
	<Placemark>
		<name>DESNARUM JAYA AKASHA_BLORA_ST-RANDUBLATUNG</name>
		<description>ST: DESNARUM JAYA AKASHA_BLORA_ST-RANDUBLATUNG | Partner: Dsn Beran</description>
		<styleUrl>#m_ylw-pushpin</styleUrl>
		<Polygon>
			<outerBoundaryIs>
				<LinearRing>
					<coordinates>
						111.4290172985152,-7.227292314183035,0 111.4291393151654,-7.227271446814935,0 111.4292192719454,-7.227121197240815,0 111.4298040873464,-7.227288144730112,0 111.4299555653621,-7.227225541652199,0 111.4300343927615,-7.226983458501342,0 111.4300806973306,-7.226549381614171,0 111.4305393120353,-7.226670423468445,0 111.4326426749152,-7.227070440789475,0 111.4325542816626,-7.227487875088774,0 111.4336706173012,-7.227736947123493,0 111.4337716566088,-7.227252764424236,0 111.435010684887,-7.227530260080327,0 111.4355118335686,-7.227543428991323,0 111.4355152139605,-7.227856258465314,0 111.4362188740411,-7.227815387262388,0 111.4362288308766,-7.227746240512481,0 111.4371183454992,-7.227624408601811,0 111.4371581726479,-7.227374162671199,0 111.4372299190692,-7.227306423176314,0 111.4373626823622,-7.22731300814377,0 111.4373892342006,-7.227220812350269,0 111.43833911158,-7.227343160948148,0 111.4386710207067,-7.227323402483689,0 111.438939869012,-7.227339864130171,0 111.4391383600477,-7.227389251653875,0 111.4391416798431,-7.227448520319991,0 111.4393740170354,-7.227458396609614,0 111.4402424117245,-7.227590095621596,0 111.4403950916038,-7.227606557951495,0 111.4405842833703,-7.227655947220167,0 111.4401107206883,-7.229531458986933,0 111.4390617201637,-7.233048094767256,0 111.4386874691547,-7.234224316410589,0 111.4384709476559,-7.234241999888008,0 111.4382844750288,-7.234724380382392,0 111.4382203681088,-7.234708206222078,0 111.4381406472401,-7.234718996860647,0 111.4380756936563,-7.234740539976788,0 111.438070733903,-7.234740540171916,0 111.4379979676228,-7.234632382545811,0 111.4378990807738,-7.234550508868788,0 111.4377839923632,-7.234539546625263,0 111.4377238329027,-7.234572413335305,0 111.4376838616934,-7.234697427977993,0 111.437489704725,-7.2346649695714,0 111.4374939570508,-7.234588814254347,0 111.4372928220732,-7.234523091711223,0 111.4373013968044,-7.234445873088105,0 111.4373010845228,-7.234429250835236,0 111.4371566585338,-7.234295307870998,0 111.4370603627784,-7.234295310734736,0 111.4369804201411,-7.234328962402766,0 111.4369598399572,-7.234462478876541,0 111.4368894552096,-7.23446248083052,0 111.4368547099279,-7.234473530694352,0 111.4367855724982,-7.234501103026235,0 111.436596076061,-7.234465601602069,0 111.4365651737427,-7.234384863249784,0 111.436564708777,-7.23433583948744,0 111.4365643651385,-7.234299607928564,0 111.4365090965352,-7.234286375045062,0 111.436513496385,-7.234162428643441,0 111.4364354794678,-7.234135264079588,0 111.4364104777395,-7.234128452376531,0 111.4363917486783,-7.234125043598152,0 111.436382336159,-7.234121632440028,0 111.4363698076168,-7.234118219287758,0 111.4363041579046,-7.234107968147624,0 111.4362791338279,-7.234104546983076,0 111.4362416343229,-7.234101124064194,0 111.4362131811281,-7.234090840433344,0 111.4361045729608,-7.234101127748868,0 111.4360404206371,-7.234233129897943,0 111.4360409897407,-7.234243154986735,0 111.4360451318664,-7.234316121041652,0 111.4360466245692,-7.234342415957354,0 111.4360471824915,-7.234352244121331,0 111.43600507582,-7.234410846012446,0 111.435954009701,-7.2344173197917,0 111.435918482257,-7.234384880991079,0 111.4358825072726,-7.234348974117608,0 111.4358625431198,-7.234326000942172,0 111.4358391870509,-7.234299627581708,0 111.4357384782317,-7.234266483706023,0 111.4357626166212,-7.234186111353749,0 111.4357856149617,-7.234125059357988,0 111.4357933373668,-7.234104559346408,0 111.4358200675871,-7.234046065320944,0 111.4358247721429,-7.234025274263203,0 111.435841040668,-7.233990451105422,0 111.4358460619809,-7.233972958770235,0 111.435678878643,-7.233916324000661,0 111.4356521514729,-7.233821317217112,0 111.4355207632571,-7.233744784665577,0 111.4356210518976,-7.23347358726921,0 111.4352269324963,-7.233327548828963,0 111.4351188205797,-7.233598810706935,0 111.4350615565145,-7.233585036218127,0 111.4349021034964,-7.233550451712696,0 111.4347271084628,-7.233431519611943,0 111.4345423385973,-7.233394406889248,0 111.4345235085801,-7.233391020702917,0 111.4344762521131,-7.233380849587326,0 111.4344321576655,-7.233448315480708,0 111.4344348919182,-7.23348174263681,0 111.4344103246976,-7.23355457772012,0 111.4344089437125,-7.233574275342251,0 111.4344473738911,-7.233597165915395,0 111.4344694366603,-7.233606946781757,0 111.4344760269828,-7.233613457804172,0 111.4345048429901,-7.233632944181563,0 111.4345267823554,-7.233642661139553,0 111.4345347498684,-7.233668489547179,0 111.434536177581,-7.233687780655229,0 111.4345364150404,-7.233690989183186,0 111.4345387819213,-7.233722970274265,0 111.4345401953558,-7.233742068498086,0 111.4345411348717,-7.233754763175336,0 111.4345425400063,-7.233773749275889,0 111.434537967671,-7.23379266871788,0 111.4345309031265,-7.233817791343534,0 111.4345174476557,-7.233836556455842,0 111.4344490443639,-7.233836557884914,0 111.4344327219719,-7.233889369983035,0 111.4344337734195,-7.233901720543425,0 111.4344358690049,-7.233926335820965,0 111.4344395130083,-7.233969139262629,0 111.4344346811532,-7.233981305528354,0 111.4344194607551,-7.23400857749415,0 111.4343812437912,-7.234038715199103,0 111.4343403941107,-7.234038716027245,0 111.4343138401049,-7.234035710651441,0 111.4342924314075,-7.233996476755998,0 111.4342894140819,-7.233966096350167,0 111.4342869876567,-7.233941665540914,0 111.4342942383417,-7.233895551644178,0 111.4343007004866,-7.233870792864687,0 111.4343045230061,-7.233849034205416,0 111.43430866212,-7.233830313062922,0 111.4343077587148,-7.233820927937844,0 111.4340949593364,-7.233626464020383,0 111.434063495425,-7.233616718159738,0 111.4340293277662,-7.233610211443179,0 111.4339787080941,-7.233593910047444,0 111.4339379130979,-7.233584105968988,0 111.433906185973,-7.233574284133583,0 111.4338874696728,-7.233571006391672,0 111.4338778887537,-7.233567726548399,0 111.4338617604794,-7.233561160913815,0 111.4338360050358,-7.233551297718689,0 111.4337895424733,-7.233524908572259,0 111.433783950658,-7.233463896815243,0 111.4337794732267,-7.23343178304238,0 111.4337785897056,-7.233412423143073,0 111.4337705887313,-7.233370239120411,0 111.4337597843218,-7.233334288684596,0 111.4337501693413,-7.233324443049904,0 111.4337215529306,-7.233301401072147,0 111.4337118746127,-7.233291496217153,0 111.4336858028208,-7.233261674179403,0 111.4336821989252,-7.233251697419736,0 111.4336603320249,-7.233245036621706,0 111.4336132426432,-7.233228349221871,0 111.4335402426065,-7.233194822224673,0 111.4335125283722,-7.233284886911149,0 111.4334201646506,-7.233278267366419,0 111.4333471923404,-7.233248374175212,0 111.4333432774998,-7.233238373309087,0 111.4333354264375,-7.233218317149102,0 111.4333100714148,-7.233174611614695,0 111.4332959184234,-7.233154323273371,0 111.4332733185362,-7.233144151563391,0 111.4332630918259,-7.233133961048244,0 111.433237314026,-7.233123752158042,0 111.4332211387632,-7.233116935816945,0 111.433205596829,-7.233116936062234,0 111.4331835050809,-7.233113524972984,0 111.4331710677629,-7.23311352516451,0 111.4330915279465,-7.233096437937591,0 111.4330094192933,-7.233058660055449,0 111.432994545902,-7.233010207457074,0 111.4329705698115,-7.232992801747211,0 111.432922813683,-7.23296133578425,0 111.4328661836772,-7.232936741022358,0 111.4328499490718,-7.232933218868365,0 111.4328124888244,-7.232936741622976,0 111.4327606351773,-7.233113530583363,0 111.4327702818207,-7.233184735847592,0 111.432772105357,-7.233198196032926,0 111.432772860316,-7.233271647857443,0 111.4327805066817,-7.233327743204039,0 111.4327502826749,-7.233438238514173,0 111.4327156000618,-7.233502207720752,0 111.4326275946646,-7.233454308149255,0 111.4325492164964,-7.233454309404467,0 111.4325500320657,-7.233627900624665,0 111.4325380780134,-7.233658867148936,0 111.4324129354815,-7.233621687823219,0 111.4323888601283,-7.233618577990752,0 111.4323730074984,-7.233609236791136,0 111.4323611216537,-7.233609236963218,0 111.4322109158808,-7.23357170923296,0 111.4321956168896,-7.233568570043882,0 111.4320886939794,-7.233549696351709,0 111.4320515398822,-7.233540234342062,0 111.4320463769419,-7.233524426543805,0 111.4320474878232,-7.233444684844781,0 111.4320483162793,-7.233428594557815,0 111.4320629406527,-7.233357226373971,0 111.4320651096506,-7.233350691820664,0 111.4320664084415,-7.233337599292581,0 111.4320988784161,-7.233235059626607,0 111.4321010933687,-7.233228378208419,0 111.4320993691314,-7.233214991172835,0 111.432109365983,-7.233123774119906,0 111.4321134247974,-7.233106716931431,0 111.4321253625218,-7.233027578093628,0 111.4321254798985,-7.233003269642672,0 111.4320341808872,-7.232929711522003,0 111.4319755751015,-7.232940279099138,0 111.4319685168603,-7.23295784735518,0 111.4319624467498,-7.232982351683027,0 111.4319585777652,-7.233044878856015,0 111.4319609813467,-7.233062124977575,0 111.4319619407154,-7.233069008620785,0 111.4319540410459,-7.233123775624801,0 111.4319476100173,-7.233144175710474,0 111.4319156339127,-7.233201573478585,0 111.4318616787633,-7.233191487953008,0 111.4318427723997,-7.233086181870536,0 111.431839158793,-7.233062125955669,0 111.4318303179423,-7.233003272178695,0 111.4318271754728,-7.23298235270912,0 111.4318187383089,-7.232926186460127,0 111.4318107851746,-7.232894347101897,0 111.4317970275053,-7.232887247554338,0 111.4317843382997,-7.232887247629646,0 111.4317403174788,-7.232869459931993,0 111.4316046555522,-7.232837302069328,0 111.4315518234866,-7.232826542449211,0 111.4314934356154,-7.232837566652248,0 111.4314308313303,-7.232827264482166,0 111.4314186923528,-7.232840998278218,0 111.4314042817189,-7.232885401403576,0 111.4314024442851,-7.232932828020478,0 111.4313999889931,-7.232956390532881,0 111.4313762888794,-7.232989878842206,0 111.4313736068393,-7.233003217488394,0 111.4313709312616,-7.233016523990715,0 111.4313659000373,-7.233052952020991,0 111.4312474530385,-7.233072722586156,0 111.4311934787922,-7.232892204979246,0 111.4310896590232,-7.23292270428191,0 111.4310701023447,-7.232959753842474,0 111.4310443305597,-7.232993221842914,0 111.4309766895101,-7.232993222797033,0 111.4309551673177,-7.2329932230912,0 111.4309336451948,-7.232993223380807,0 111.4308801405973,-7.232976515555024,0 111.4308673205479,-7.232969818160373,0 111.4308544849766,-7.232963112655022,0 111.4307408869734,-7.232932837737275,0 111.4307307308646,-7.232922708964684,0 111.4306886638649,-7.232902396187538,0 111.4306728521783,-7.23289900358917,0 111.4306284628274,-7.232888813364843,0 111.4306157180613,-7.232885412472629,0 111.4305429024915,-7.232871788280359,0 111.4303858800263,-7.23285813136693,0 111.4303087870446,-7.232888816070504,0 111.4302963724268,-7.232888816154346,0 111.4302436103133,-7.232888816492982,0 111.4302218846741,-7.232888816624087,0 111.4301364272146,-7.232854713154623,0 111.4301007167172,-7.23284444143673,0 111.4300659409006,-7.232841013423726,0 111.4300363615716,-7.232830716476366,0 111.4300228552511,-7.232823841304422,0 111.4300030849741,-7.232816957716456,0 111.4299796373182,-7.232806616445532,0 111.4299441678729,-7.232799711733851,0 111.429897602412,-7.232782412625697,0 111.4298535416782,-7.232758715448361,0 111.4298207288816,-7.232752593996807,0 111.4297606551538,-7.232737259052061,0 111.4296703471756,-7.232715715379382,0 111.429628150181,-7.23270645556478,0 111.4296251917122,-7.232706455594096,0 111.4295842877082,-7.232647430987384,0 111.4295864889083,-7.232540155843063,0 111.4295880553848,-7.23252419830509,0 111.429589914516,-7.232511398288376,0 111.4295849960677,-7.232456658706782,0 111.4295869893597,-7.232411161816812,0 111.4295910392652,-7.23238827043437,0 111.4295917615358,-7.232361991212956,0 111.4295908868961,-7.232352103980154,0 111.4296005148633,-7.23232233505012,0 111.4296437280226,-7.232289068451119,0 111.4296706550773,-7.232164217263787,0 111.4294045204544,-7.232116239837175,0 111.4294078382716,-7.232208406086915,0 111.4293693682315,-7.232282393295582,0 111.4292662782967,-7.232269014971362,0 111.4291582596178,-7.232218554828398,0 111.4291940422561,-7.232036201041018,0 111.4292261600607,-7.231895240050782,0 111.4289551077891,-7.231851904697533,0 111.4290358351692,-7.231542271165713,0 111.4287986416413,-7.23148540412251,0 111.4288038843126,-7.231563452541847,0 111.4288065405756,-7.231588063195327,0 111.4287958398286,-7.231605577072298,0 111.4287855560497,-7.231626522438163,0 111.4287572712184,-7.231764200667951,0 111.4286394706421,-7.231740350232271,0 111.4285930117766,-7.231945204471169,0 111.4284669714298,-7.231908516598863,0 111.4284384749642,-7.232003752074954,0 111.4283387925693,-7.231977645795142,0 111.4283017514147,-7.232094154403274,0 111.4284217804612,-7.232122894194394,0 111.4284183271964,-7.2322176038045,0 111.4284105353043,-7.232230106432251,0 111.4284111046694,-7.232236346792256,0 111.4283999840144,-7.232276732222999,0 111.4284002706044,-7.232279826157074,0 111.4283970529282,-7.232371814992762,0 111.4283963994036,-7.232396077383195,0 111.4283916869961,-7.23240816683435,0 111.4283852124295,-7.232432262557365,0 111.4283735238887,-7.2324622273974,0 111.4283610260858,-7.232483101161168,0 111.428336687816,-7.232500926873858,0 111.4283006674904,-7.23248905020819,0 111.4282861573604,-7.232489050303879,0 111.4282613388302,-7.232474166170046,0 111.4282328800282,-7.232453256880863,0 111.4282091312917,-7.232423240758971,0 111.4282004320701,-7.232371816241645,0 111.4282068577735,-7.232350494642673,0 111.4282156795236,-7.232350494592987,0 111.4282460725188,-7.232359642768778,0 111.4282594761175,-7.232319885092044,0 111.4282643999923,-7.232310667685184,0 111.428281219481,-7.232273637275908,0 111.4282789658599,-7.232251916686764,0 111.4282779972043,-7.232242580707829,0 111.4282767030223,-7.232230107286073,0 111.4282698177313,-7.232192511660513,0 111.4282525702795,-7.232170458602078,0 111.4282216381359,-7.232160979633033,0 111.4280008294401,-7.23211971043926,0 111.4279904137147,-7.232062041835274,0 111.4279537865141,-7.23203621331711,0 111.4279442738749,-7.232032976122473,0 111.4279157021168,-7.232023252968158,0 111.4278296796732,-7.23199397898289,0 111.4278236002506,-7.231993978989439,0 111.4278114412613,-7.231993979001504,0 111.4277901629886,-7.231993979019324,0 111.427765361317,-7.231990716642239,0 111.4275766741196,-7.231961276936119,0 111.4275284340067,-7.232055606359349,0 111.4275272298273,-7.232081343152162,0 111.4275244420297,-7.232084551702063,0 111.4275223400471,-7.232097366859471,0 111.4275105212164,-7.232183082743913,0 111.4275063929421,-7.232208219975323,0 111.4274687014197,-7.232183082990673,0 111.4274515443177,-7.232154662380489,0 111.4274498083425,-7.232132453180218,0 111.4274540800163,-7.232110152135489,0 111.4274297136684,-7.232068490571046,0 111.427391882744,-7.232049153807885,0 111.4273351681558,-7.232023264025654,0 111.4272316504378,-7.231987463629475,0 111.4272266980397,-7.231967836626964,0 111.4272207637201,-7.23193826365689,0 111.4272197978007,-7.231928370481961,0 111.4271456745408,-7.231891942714923,0 111.4271323530735,-7.231881965901451,0 111.427090981707,-7.231868635416279,0 111.4270437312834,-7.231858616422799,0 111.426800910838,-7.2318149896984,0 111.4267381527287,-7.232045925535693,0 111.4267424232579,-7.232094173003793,0 111.426615075595,-7.232055613790223,0 111.4265468628092,-7.232039466251338,0 111.4265399484019,-7.231974392887039,0 111.4265439592332,-7.231954718848547,0 111.4265527159543,-7.231921771170969,0 111.4265625565432,-7.231898589765287,0 111.4265697079425,-7.231878642085993,0 111.4265837497339,-7.231835173483639,0 111.4265913181067,-7.231818363530327,0 111.4265956115496,-7.231736961036953,0 111.4265418481797,-7.231668208310174,0 111.4265177496758,-7.231647417348372,0 111.4264884024048,-7.231636993048044,0 111.4264346141153,-7.231716423577963,0 111.4263968982575,-7.231871976845619,0 111.4263950089575,-7.231881971743716,0 111.4263860085445,-7.231934974007204,0 111.4263837442426,-7.231941563524062,0 111.4263826699195,-7.231958002802344,0 111.4263740527396,-7.231987469791963,0 111.426370357638,-7.232007026615425,0 111.426364839908,-7.23203623103782,0 111.4265321805846,-7.232071713720092,0 111.4265377063256,-7.232122914013976,0 111.4264914216923,-7.232270558783729,0 111.4264879199197,-7.232368794167226,0 111.4267583309068,-7.232430436330263,0 111.4267454136803,-7.232636580053037,0 111.4267987245964,-7.23265612502269,0 111.4268047949946,-7.232656125001301,0 111.4268399829395,-7.232678839381406,0 111.4269126760571,-7.232678839073404,0 111.4269330132737,-7.232623510298177,0 111.4269405503238,-7.232600564098361,0 111.4269502721339,-7.232564310753595,0 111.4269578864803,-7.232541115388363,0 111.4269666059209,-7.232487728456965,0 111.4269685763722,-7.232470938868562,0 111.4269771763958,-7.232460840628613,0 111.4270224704496,-7.23234165562962,0 111.4270243442772,-7.232320966630739,0 111.4270322868606,-7.232296732863439,0 111.427023715663,-7.232258439635189,0 111.4272239738522,-7.232307130283179,0 111.4272427674179,-7.23230713013983,0 111.4272810038473,-7.232324418363006,0 111.4273030189131,-7.232327869503593,0 111.4273567012098,-7.232345093990652,0 111.4274320377143,-7.232362265528745,0 111.427451125097,-7.232379385111312,0 111.4274570213796,-7.232504463710153,0 111.4274573186407,-7.232517818422808,0 111.427449704641,-7.232587405108183,0 111.4274381235259,-7.232613684428276,0 111.427406471181,-7.232682072923309,0 111.4274103699345,-7.232714339467465,0 111.4274226123209,-7.232720769734129,0 111.4274409487277,-7.232730400855725,0 111.4275172481152,-7.232784656003822,0 111.4275442431113,-7.232784655734059,0 111.4275862353316,-7.232784655301962,0 111.4276250206597,-7.232755999029941,0 111.4276336315179,-7.232691770738829,0 111.4276455439453,-7.23265611876855,0 111.4276664720728,-7.232560997206237,0 111.4276664388342,-7.232551062326575,0 111.4276723441544,-7.232470932931701,0 111.4276815647425,-7.232450718043224,0 111.4279063184789,-7.232504458329918,0 111.4279009717418,-7.232630039807175,0 111.4278965440269,-7.232707896005881,0 111.4279266195559,-7.232714333610169,0 111.4279684926832,-7.232730394721373,0 111.4279956235634,-7.232730394339347,0 111.4280203027996,-7.232711114238669,0 111.428026822187,-7.232694995213961,0 111.4280403206628,-7.232649606315866,0 111.4280405217497,-7.232643091260339,0 111.4280571939624,-7.232597267024667,0 111.4280852302066,-7.232580807586155,0 111.4281283940966,-7.232649604965739,0 111.4281243766675,-7.232752799117601,0 111.4281237557953,-7.232768747261136,0 111.4281124516664,-7.232828923775823,0 111.4281092264463,-7.232835219194794,0 111.4280865316314,-7.232885317962729,0 111.4280738890722,-7.232907089443842,0 111.4280736734269,-7.232913293548346,0 111.4280696438827,-7.232944206005094,0 111.4280690073239,-7.232962667530031,0 111.4280626911233,-7.232974939676284,0 111.4280621720791,-7.232990239887413,0 111.4280591270268,-7.232993294676607,0 111.4280520357591,-7.233029814493984,0 111.4280408138492,-7.233105093071164,0 111.4280373309081,-7.233123000195909,0 111.4280359079164,-7.233167500858348,0 111.4280352479953,-7.233188138337169,0 111.4282149682819,-7.233232084512161,0 111.4281650812359,-7.233504776364269,0 111.428014696394,-7.233479826043974,0 111.4280325417121,-7.233272771157075,0 111.4279907987068,-7.233229169110234,0 111.4278677887483,-7.233188140369544,0 111.4277835587399,-7.233252472014475,0 111.427743388088,-7.233252472443599,0 111.4277290414289,-7.233252472594324,0 111.4277003422817,-7.233232090696007,0 111.4277003339098,-7.233202833158246,0 111.4276974174719,-7.233143818442819,0 111.4276799470433,-7.233111073134285,0 111.4276449765294,-7.233099115003077,0 111.4275835853123,-7.233078122304715,0 111.4273237905118,-7.233075118715464,0 111.4272556352548,-7.23305100970517,0 111.4272287618694,-7.233038913585426,0 111.4272138367756,-7.233032855061546,0 111.4271087065282,-7.232987192987139,0 111.4270695305158,-7.232971884207365,0 111.4269847169752,-7.23293804840249,0 111.4269724655597,-7.232931873191026,0 111.4269479199767,-7.232919501215567,0 111.4269294732825,-7.232910203314895,0 111.4268553632402,-7.232872848765393,0 111.4267812723295,-7.232841519369241,0 111.4267359510685,-7.232835231552862,0 111.4267329657182,-7.232835231562529,0 111.4265646235587,-7.232792174092281,0 111.4265362986332,-7.232902605495979,0 111.4263385408036,-7.232867988776698,0 111.4262656925775,-7.232827305027247,0 111.4262474903775,-7.232798047611248,0 111.4262297895737,-7.232786298283455,0 111.4262063766201,-7.232777468837013,0 111.4260570991584,-7.232739033873232,0 111.4259868291013,-7.232727150456099,0 111.4259820365496,-7.232694330230508,0 111.4259842617032,-7.232682344353601,0 111.4259835733357,-7.232670331012559,0 111.4259814987297,-7.232634125165925,0 111.4259452506089,-7.232615928509218,0 111.4258018029786,-7.232593421939151,0 111.4256900136658,-7.23322056885933,0 111.4264730785037,-7.233412610035531,0 111.4293126594959,-7.234142132347158,0 111.4291838224308,-7.234671377262906,0 111.430282854154,-7.235007310601412,0 111.4302591585718,-7.235425589109544,0 111.430377971149,-7.235472736588945,0 111.4303482662032,-7.235643642234573,0 111.4305383650924,-7.235938309581257,0 111.4309363904488,-7.236121006626005,0 111.4310552045809,-7.236168154542228,0 111.43066311499,-7.236875350163961,0 111.4306571734906,-7.237364499013482,0 111.4311680777805,-7.237388081121874,0 111.4311680773256,-7.237193599452883,0 111.4316433408021,-7.237276114954212,0 111.4317270640978,-7.236904821955086,0 111.4316914203671,-7.23675159500061,0 111.4315607261206,-7.236645513794823,0 111.4316438962555,-7.236362635376671,0 111.4317211257574,-7.236126903633067,0 111.4317627108339,-7.235997251185384,0 111.4321488536614,-7.236174053474786,0 111.4323389556894,-7.236227094887968,0 111.4322617263084,-7.236380320735384,0 111.432172615686,-7.236733919895724,0 111.4327251035551,-7.236910726294025,0 111.4328921177127,-7.236462826930544,0 111.4331119215287,-7.236492294809828,0 111.4332544971776,-7.236392109273489,0 111.4335693523348,-7.236415684233281,0 111.433664403157,-7.236392111465726,0 111.4337535133521,-7.236303712024215,0 111.4337832166496,-7.236256565615069,0 111.4340386666686,-7.236280140067758,0 111.4339911414159,-7.236386219766918,0 111.4339495569481,-7.236563019568415,0 111.4340475906857,-7.236733921244234,0 111.4344396730097,-7.236804642321295,0 111.4344812572205,-7.236722135949694,0 111.435336715346,-7.236869472345211,0 111.4361674627908,-7.237034479064449,0 111.4367793528558,-7.23713466629096,0 111.4370645073546,-7.237193600365814,0 111.4376051228151,-7.237665073198941,0 111.4377846264381,-7.23785940553819,0 111.4380281950175,-7.237912444684185,0 111.4383549347198,-7.237977270352697,0 111.4385331569372,-7.238006736540832,0 111.4390096042002,-7.238212995608064,0 111.4392056477297,-7.238236568169719,0 111.4394313997007,-7.238501768496295,0 111.4396159696742,-7.238646709121615,0 111.4400852864691,-7.238782252538379,0 111.4403082498915,-7.238752782254652,0 111.440385473106,-7.238422754913347,0 111.4403795306166,-7.238310781780061,0 111.4403557656844,-7.238175235737794,0 111.4403914068167,-7.23798664932615,0 111.4403973471552,-7.237968969319438,0 111.4404092280635,-7.237939502635722,0 111.4404211087056,-7.237892356012301,0 111.4404270490096,-7.237862889396298,0 111.4404508102321,-7.237762702881754,0 111.4404508097125,-7.237727343056951,0 111.4404508096264,-7.237721449731998,0 111.4404864523311,-7.237627156395572,0 111.4406349694451,-7.237633047938947,0 111.4407775470173,-7.237691979325328,0 111.4408250741329,-7.237786271843253,0 111.4408844832667,-7.237910030856807,0 111.4409082467259,-7.237945390503504,0 111.442530330749,-7.238528809442863,0 111.4431632630163,-7.238646663748933,0 111.4432998983161,-7.23854058163568,0 111.4433474224556,-7.238458073989027,0 111.4433593034369,-7.238440393746326,0 111.4434068271723,-7.23834020601287,0 111.4435197029919,-7.238357884637956,0 111.4442535880623,-7.238702525512515,0 111.4439956398509,-7.23938619643339,0 111.444488648617,-7.23963161929982,0 111.4450458027185,-7.239956632899254,0 111.4456591003603,-7.24042201567509,0 111.4464162471169,-7.241030546700801,0 111.4471248177177,-7.241461345465151,0 111.4473108478993,-7.241311350091903,0 111.4475606841667,-7.241432028167065,0 111.4475955518676,-7.241484108232436,0 111.4478348747563,-7.241727370967885,0 111.4478018772734,-7.241875879851397,0 111.4478770137291,-7.242154256847876,0 111.4480363392893,-7.242222796965232,0 111.4481461080584,-7.242300994011856,0 111.4482312690891,-7.242297735698771,0 111.4483209632693,-7.242239091175109,0 111.4484863308931,-7.242446091020854,0 111.448648089604,-7.242777586785616,0 111.4486410338004,-7.242858205287977,0 111.4488470938566,-7.243109061426707,0 111.4488734439696,-7.243105769326532,0 111.4491082960047,-7.243302776217242,0 111.4491147575669,-7.243312602534369,0 111.4494874001921,-7.243417263091101,0 111.4496149930967,-7.243433590181156,0 111.4501289544848,-7.242365966369376,0 111.4492527426296,-7.241914975533874,0 111.4494310643261,-7.241356923915879,0 111.4492390716807,-7.241295178050736,0 111.4493380171804,-7.241027614444606,0 111.4492040019426,-7.240988320665735,0 111.4492767055639,-7.240728681025845,0 111.4492801424628,-7.240718789627915,0 111.4490839999212,-7.240596613581206,0 111.4492623338631,-7.240220133360951,0 111.4495088155601,-7.240236572176293,0 111.4497446105166,-7.240289153880928,0 111.449981313031,-7.240289144446098,0 111.4499431575105,-7.239833914697972,0 111.4497221009248,-7.23975898347111,0 111.4497297991966,-7.239536636759119,0 111.4495557308357,-7.239536643417326,0 111.4493094085636,-7.239536652597327,0 111.4491752321918,-7.239500578915012,0 111.4488241422297,-7.23944805813565,0 111.4484857067043,-7.239408626609028,0 111.4485647279905,-7.239261281724128,0 111.4483918079763,-7.239209137646081,0 111.448436884775,-7.23899660822513,0 111.4481408012311,-7.238881160118884,0 111.4483053736531,-7.238506892335222,0 111.4475312343536,-7.238241289548547,0 111.4473658199104,-7.238670056464554,0 111.4469239290829,-7.238619199339965,0 111.446788583996,-7.238492693692688,0 111.4466198534595,-7.238385352512368,0 111.4465905418964,-7.238372323012099,0 111.4463720823447,-7.238271206470653,0 111.4464483480214,-7.237998376174716,0 111.4457002307462,-7.237716301246429,0 111.4457183734856,-7.237599599627414,0 111.4455392859629,-7.237550882664063,0 111.4453992579313,-7.237777770040631,0 111.4453793158935,-7.237810082134057,0 111.4452042059847,-7.237713076643976,0 111.4450187920671,-7.237628823447282,0 111.4448134611346,-7.237528144889573,0 111.4448919211507,-7.237258578343761,0 111.4447167373557,-7.237190551820148,0 111.4447414695252,-7.23707041744888,0 111.4445434129142,-7.236959724431525,0 111.4445778579092,-7.236883427435226,0 111.4440565586005,-7.23667601853202,0 111.4442700192515,-7.2361562120142,0 111.443598622966,-7.235918718159013,0 111.4433262140777,-7.236534584720023,0 111.442772961149,-7.236378728959084,0 111.4428073093506,-7.236248394137956,0 111.4426909463919,-7.236104559670603,0 111.4425172496439,-7.236075081307119,0 111.4419594699509,-7.235904345902089,0 111.4420611190772,-7.235561438522475,0 111.4416857788217,-7.235466468444146,0 111.4416642296152,-7.235378208627825,0 111.44110476388,-7.235201140593056,0 111.4410406408807,-7.235397849490328,0 111.4399597800028,-7.235096260959748,0 111.4400572147417,-7.234818693911275,0 111.4396997237826,-7.234743209340905,0 111.4397203370254,-7.234621483819808,0 111.4394607854955,-7.234565439975598,0 111.4393998471713,-7.234713635846431,0 111.4392127667462,-7.234670880206851,0 111.4392236095794,-7.234562144376677,0 111.4389768684719,-7.234502718941012,0 111.4389201152609,-7.23463467002866,0 111.4387359094286,-7.234591833651168,0 111.4389901845188,-7.233924503300885,0 111.4389783421767,-7.233715074191088,0 111.4400145664573,-7.230311385474979,0 111.4404424236845,-7.228718314898737,0 111.4406957605829,-7.227756184970097,0 111.440961681807,-7.227901986687712,0 111.4421543808871,-7.228437761510084,0 111.4423217611611,-7.228418156358142,0 111.4424598195487,-7.228388733517763,0 111.4426014770527,-7.2283429250167,0 111.4426486646836,-7.228254443433888,0 111.4426924239614,-7.228182209170593,0 111.4427974100686,-7.228241317477489,0 111.4427704421981,-7.228316725573665,0 111.4435878457476,-7.228665746342362,0 111.4437835158425,-7.228067011559871,0 111.4434328232251,-7.227971352747404,0 111.4433891121711,-7.228224893074716,0 111.442654975933,-7.227961462125895,0 111.4424924019181,-7.228142762599434,0 111.4424888506754,-7.228188786645005,0 111.4422491136884,-7.228093400021959,0 111.4424262945235,-7.227536500201928,0 111.4426046153837,-7.227508936801285,0 111.4427084027503,-7.227231143352159,0 111.4425938116308,-7.227178649484087,0 111.4426977852603,-7.22692178600524,0 111.4420782130329,-7.226706545731532,0 111.4420654018655,-7.226618134807754,0 111.4416555059793,-7.226434304869572,0 111.4416540742232,-7.226318730145116,0 111.4414610963182,-7.226266388692548,0 111.4414428505756,-7.226118817933306,0 111.4411903818314,-7.226020153390146,0 111.4412233894187,-7.225947799139724,0 111.4410730642029,-7.225895635644948,0 111.4411163890203,-7.225771480041191,0 111.4419889014387,-7.223546730720859,0 111.4426794056425,-7.221894830799009,0 111.442788343532,-7.221590466905381,0 111.4430165375564,-7.221655341392609,0 111.4431068228332,-7.221440855640851,0 111.4431525899993,-7.22144737034538,0 111.4433419422062,-7.220969042695007,0 111.4438978178658,-7.22135844939525,0 111.4442404849653,-7.221591031733652,0 111.4443439497023,-7.221636105058196,0 111.4444769052369,-7.2216618377591,0 111.4444049912843,-7.221879951799539,0 111.4446536074732,-7.22194068581274,0 111.4445305771512,-7.222347334988735,0 111.4450817945934,-7.222507933839669,0 111.4451531683987,-7.222263556844313,0 111.4459712258355,-7.222527144708881,0 111.4459305853698,-7.222795562079601,0 111.4482411727669,-7.223451905743964,0 111.4483791318804,-7.223235034998758,0 111.4486514135958,-7.22332903191543,0 111.4487349172404,-7.223078703316925,0 111.4487447232373,-7.223075485201151,0 111.4486960911338,-7.223062612985387,0 111.4487966019088,-7.222865790620774,0 111.4488802256352,-7.222732976093656,0 111.4490582093825,-7.222752552082837,0 111.4492297898698,-7.222352375995438,0 111.4493608549054,-7.22232642180917,0 111.4495540499313,-7.222014423958219,0 111.4498464492668,-7.222098743616735,0 111.4499568422517,-7.221828934889233,0 111.4493976857489,-7.22155083868067,0 111.4501877047278,-7.219518216765857,0 111.4504829643408,-7.219590777679219,0 111.4519930124407,-7.21988304220811,0 111.4519525559696,-7.220183093347992,0 111.4524412977476,-7.220267481816794,0 111.4525216871466,-7.220003245159606,0 111.452788823666,-7.219636234959361,0 111.4540988173642,-7.218091824696426,0 111.4560375386877,-7.215808343422893,0 111.4574506147779,-7.215591740349278,0 111.4586051371359,-7.216524395151875,0 111.461229854187,-7.216825613106084,0 111.4617612642762,-7.216883883056648,0 111.4620619389539,-7.216970087771048,0 111.4623515363529,-7.217054105995414,0 111.4624053788112,-7.21687937656367,0 111.4625741479724,-7.216970055979908,0 111.462758396107,-7.21709280957701,0 111.4627113623658,-7.217199131951729,0 111.4628731012255,-7.217260213291466,0 111.4629200504702,-7.217170149626383,0 111.4636729349711,-7.217410898920367,0 111.4636169388162,-7.2176662238365,0 111.4638639507449,-7.217777419299154,0 111.4639558348105,-7.217545121015442,0 111.4640684870924,-7.217580200504856,0 111.4639729680707,-7.217818643471003,0 111.4644909748931,-7.217983545088758,0 111.4652000459591,-7.218190908227176,0 111.4660819557539,-7.218652542857525,0 111.4658115749148,-7.219191567155687,0 111.4656918913638,-7.219368637744688,0 111.4656527250206,-7.219628040382436,0 111.4658435379067,-7.219653559640465,0 111.4659139636412,-7.219506530517878,0 111.4660949474015,-7.219548121423506,0 111.4661650442189,-7.219445633687147,0 111.4663073485183,-7.219474472887779,0 111.4663072140722,-7.219480881024326,0 111.4661047353116,-7.22006624809935,0 111.4662577567503,-7.220212908986012,0 111.4662588392899,-7.220394915943345,0 111.4664113137782,-7.220607826842851,0 111.4664306892663,-7.220607825539016,0 111.4664371031823,-7.220610994787784,0 111.4667219432251,-7.220756517448709,0 111.4667629603015,-7.220626817515727,0 111.4667761046346,-7.220614141384421,0 111.4668728100408,-7.22045536613394,0 111.4668940254428,-7.220362999079633,0 111.4668269055958,-7.22031514754295,0 111.466848955067,-7.220177651755963,0 111.4669332888455,-7.220180848633024,0 111.4669818464928,-7.220187249919224,0 111.4671139987231,-7.220228847231776,0 111.4673275571785,-7.220382096473369,0 111.4676418647758,-7.219852748142741,0 111.4676625135857,-7.219772357038548,0 111.4676861324,-7.219714378589119,0 111.4677643839573,-7.219707925995546,0 111.467845428543,-7.219730479646389,0 111.4678992921973,-7.219817377114943,0 111.4679975321589,-7.219958599529611,0 111.4679565937554,-7.220037056464889,0 111.4681708871493,-7.220101543834345,0 111.4688328878528,-7.220354147733833,0 111.4687917962292,-7.220512434924268,0 111.4687477977256,-7.220654060584932,0 111.4688281836463,-7.220724685465203,0 111.4687476981731,-7.220939058342249,0 111.4687475481206,-7.220951821420262,0 111.4687524442929,-7.221085596696082,0 111.4686459899367,-7.221364501968798,0 111.4687164747398,-7.22140238292905,0 111.4688576238715,-7.221449681400329,0 111.4688963956625,-7.221440221208332,0 111.4691244391854,-7.221478021559637,0 111.4691437017405,-7.221481170043687,0 111.4692503248614,-7.221459108597975,0 111.4692536579365,-7.221452805126365,0 111.4692770040518,-7.221408653643728,0 111.4693269966899,-7.221320208451502,0 111.4694361479783,-7.221345489004666,0 111.4696546110193,-7.221380219736947,0 111.4697585067622,-7.221348626030899,0 111.4698477061297,-7.221270963645134,0 111.4698464315014,-7.221360871588669,0 111.4698657834435,-7.221370491575501,0 111.4699133512437,-7.221447379631252,0 111.4700977687635,-7.22147936179859,0 111.4701304322355,-7.22146656369585,0 111.4702219208479,-7.221258074686345,0 111.4704666771447,-7.221370445174047,0 111.4703786726389,-7.221899589435587,0 111.4703581768259,-7.222138438923298,0 111.4703598523959,-7.222228457887038,0 111.4703226156606,-7.222315080870766,0 111.4702574126883,-7.22233110686655,0 111.4701679025995,-7.222452671626726,0 111.4701507800262,-7.222513318589643,0 111.4701862148871,-7.222526072098807,0 111.4702023088914,-7.222532447530571,0 111.4702894836646,-7.222548378225822,0 111.4702888433199,-7.222586602793992,0 111.4702222351915,-7.222704245427266,0 111.470189224265,-7.222748672379958,0 111.470165594678,-7.222815221545766,0 111.4701223729088,-7.222900628534606,0 111.4704808235365,-7.223039401072738,0 111.4705647267963,-7.222868985165016,0 111.4706890141108,-7.222909043880097,0 111.4707275490104,-7.222937860766807,0 111.470700490523,-7.223014618442631,0 111.4708356453955,-7.223078462669292,0 111.4708648028701,-7.223078460401826,0 111.470977147377,-7.222953843662535,0 111.4710141088994,-7.222883383724814,0 111.4710240255639,-7.222873765946946,0 111.4713879114965,-7.223011369373965,0 111.4713603891569,-7.223226376427909,0 111.4713726467115,-7.223268284849557,0 111.471379039258,-7.223274728190941,0 111.471591805967,-7.223528449399545,0 111.4717121801486,-7.223659519051732,0 111.4717445129905,-7.223662708427897,0 111.4717942133892,-7.223852154599628,0 111.4719641108647,-7.223893045426346,0 111.4721333792315,-7.223959022316794,0 111.4722008490058,-7.223792267366325,0 111.4722011505732,-7.223776501370406,0 111.4722048554162,-7.223751262969376,0 111.4722162276502,-7.223662806812092,0 111.4721654449524,-7.223618512045389,0 111.4721146649846,-7.223571000420838,0 111.4721547063581,-7.223501208634067,0 111.472183974356,-7.223319841323621,0 111.4722137366122,-7.223287938510637,0 111.4722204628707,-7.223275170935463,0 111.4722336735638,-7.223262398907624,0 111.4722856178321,-7.223096013585129,0 111.4723565999922,-7.223118444110036,0 111.4723760134513,-7.22312164671487,0 111.4724340358494,-7.223140862022475,0 111.4724459662375,-7.223188872244979,0 111.4724445634543,-7.223252801096586,0 111.4724721726813,-7.223323006914173,0 111.4726587753504,-7.223373977950411,0 111.472765442954,-7.223152410085214,0 111.4730021843016,-7.223104736499371,0 111.4730853647232,-7.222974194113938,0 111.4735626225372,-7.223199945002494,0 111.4737524505899,-7.223216272960796,0 111.473859731832,-7.223222702125751,0 111.474018931287,-7.223235562176292,0 111.4741146320918,-7.22332555929677,0 111.4741273582945,-7.223338400233817,0 111.4741853572453,-7.223360859293119,0 111.47420795579,-7.223367273399241,0 111.4742209502398,-7.223367272285397,0 111.474378331009,-7.223440972625665,0 111.4743618551431,-7.223584819502998,0 111.4745416291777,-7.223660454215324,0 111.4746265804807,-7.223641100224785,0 111.4747460281948,-7.223708763216981,0 111.4747557409063,-7.223711982180751,0 111.4747751639308,-7.223718419339462,0 111.4749792864925,-7.223766661204333,0 111.4749922964292,-7.223766660055163,0 111.4750217540391,-7.223757009929852,0 111.4750727163951,-7.223811645162768,0 111.47509482612,-7.223843750767025,0 111.4751042501852,-7.223859794450901,0 111.4751160044739,-7.223920706057377,0 111.4750821962647,-7.223987929860869,0 111.4750787610964,-7.223997524263624,0 111.4750407149895,-7.224118861221948,0 111.4750562805943,-7.224150730851231,0 111.4750883993186,-7.224163469677988,0 111.4752108688855,-7.224201658694184,0 111.4752617490724,-7.224061411101691,0 111.4752783865911,-7.224035859882827,0 111.4753336123965,-7.224029465120842,0 111.4754400180961,-7.223888628516783,0 111.4755916006699,-7.223939880279712,0 111.475425976131,-7.224290639244941,0 111.4755282574856,-7.22434774330097,0 111.4756078351138,-7.224249326224831,0 111.4756211724305,-7.224230250858326,0 111.475833165894,-7.224319167521131,0 111.4758327962064,-7.22449489915083,0 111.475696814414,-7.22470257529248,0 111.4756476924782,-7.224743987924219,0 111.4756344533039,-7.224766268798315,0 111.4756344113483,-7.22476945057399,0 111.4756139288788,-7.224852094304824,0 111.4756138466336,-7.224858444527037,0 111.475596675703,-7.224937741992774,0 111.4755965140445,-7.224950415196878,0 111.4755953838353,-7.225039019336098,0 111.4757682104565,-7.225127418716547,0 111.4758100399796,-7.225130569292695,0 111.4758291706187,-7.22514318189952,0 111.4758483954298,-7.225149485879967,0 111.4758740577893,-7.225155788344041,0 111.4760023109257,-7.225187286442604,0 111.4761302844321,-7.225228201315176,0 111.476156024155,-7.225228199122528,0 111.4762535790851,-7.225023154046717,0 111.4763593937499,-7.225051595498405,0 111.4764876227361,-7.224927890034991,0 111.4767421318424,-7.225088305047645,0 111.4769817011336,-7.225123496652952,0 111.4769945636601,-7.225129894710872,0 111.4770165101087,-7.225171463904046,0 111.4770227597085,-7.225184246093291,0 111.4770289480326,-7.225200218479812,0 111.4770319523399,-7.225212992114864,0 111.4770379583367,-7.22523852759524,0 111.4770378988208,-7.2252417185335,0 111.4770497793093,-7.225299111712932,0 111.4770497193839,-7.225302297993063,0 111.4770491802718,-7.2253309631318,0 111.4770490605189,-7.225337330552147,0 111.4770550521358,-7.225362789595483,0 111.4770856283755,-7.225454946945757,0 111.4770837338782,-7.225553236604472,0 111.4770864725115,-7.225578563490171,0 111.4770895155828,-7.225588056904423,0 111.4770986407589,-7.225616524066908,0 111.4771113560219,-7.225626007907864,0 111.4771976465312,-7.22566391830551,0 111.4774487389258,-7.225781253517864,0 111.4773742198207,-7.225976340333824,0 111.4775828864304,-7.226081475188658,0 111.4776864298339,-7.225915647096228,0 111.4782283807613,-7.226095426653104,0 111.47837449426,-7.226117937356076,0 111.4783874607761,-7.226121152945637,0 111.4784230537662,-7.226134014337921,0 111.4784554817821,-7.226140442162369,0 111.4784880054639,-7.226140439037099,0 111.4784945101109,-7.226140438411864,0 111.4785430859098,-7.226153292601027,0 111.4785722455608,-7.226159717716216,0 111.4785980948714,-7.226169355295696,0 111.4786206873844,-7.226178990957681,0 111.4786401363444,-7.226182201188815,0 111.4788208526176,-7.226249581079319,0 111.4789507774487,-7.226249568609136,0 111.4790369784479,-7.226024476853246,0 111.4790974512557,-7.225943788363178,0 111.4792626427352,-7.225968817162164,0 111.4793138731124,-7.225786243491219,0 111.4791455522311,-7.225731654090792,0 111.4793058983073,-7.225428401426612,0 111.4796934322367,-7.225473665711806,0 111.4797262986164,-7.22546072373257,0 111.479774898817,-7.225311635072336,0 111.4797752174923,-7.225295398202125,0 111.4797759828248,-7.225256403983539,0 111.4796229091059,-7.225220642971385,0 111.4796031640057,-7.22522715207251,0 111.4795378418605,-7.225220651582741,0 111.479461351342,-7.22529867774392,0 111.4794376090178,-7.225353855288305,0 111.4793460499567,-7.225360350844967,0 111.4792906566687,-7.225350626381282,0 111.4792718515808,-7.225292200737831,0 111.4792760081463,-7.225227185021423,0 111.4792794132881,-7.225217423670125,0 111.4792896336337,-7.225188125955356,0 111.4793034084004,-7.225139251169769,0 111.4793034994558,-7.225132730402766,0 111.4793174297439,-7.22507399644268,0 111.4793176603202,-7.225057667212905,0 111.4793251914468,-7.224989014316469,0 111.4793645923652,-7.224762645728524,0 111.4790466427679,-7.224693540252851,0 111.4789704008397,-7.224933390930611,0 111.4786949566065,-7.224907201172353,0 111.478689741029,-7.225060995478017,0 111.4787047997928,-7.225165383003926,0 111.478724358949,-7.225171896751316,0 111.4787471453714,-7.225181666133764,0 111.4788088371414,-7.225217469857883,0 111.4788120177284,-7.225223977138084,0 111.4788214182463,-7.225253247868221,0 111.4788209580549,-7.225285747992337,0 111.4788201765602,-7.225340940332638,0 111.4788132769644,-7.225366888656732,0 111.4787572750259,-7.225402545895628,0 111.4787379858491,-7.225379863852599,0 111.4787121532611,-7.225357170131932,0 111.4786410315758,-7.225295510840789,0 111.4785827062724,-7.225250020038286,0 111.4784556602225,-7.225197975855277,0 111.4784229334032,-7.225197979062789,0 111.4784032973165,-7.225197980985484,0 111.4783739292747,-7.225188216039045,0 111.478370656175,-7.22518821635916,0 111.4783281333277,-7.225184964068816,0 111.4783052990357,-7.225175195430515,0 111.4781713534415,-7.225132841737609,0 111.4781550783106,-7.225116537008894,0 111.4780017768056,-7.225038814883298,0 111.4780391976304,-7.224938408215008,0 111.4774896683582,-7.224655391375581,0 111.4776359124163,-7.224459037149028,0 111.4775446992367,-7.224376966115896,0 111.4775448217702,-7.224363818448833,0 111.4775486646558,-7.224304602674958,0 111.477558662319,-7.224291431419031,0 111.4775687580052,-7.224268372514444,0 111.4775921624122,-7.224232110839103,0 111.4776021755701,-7.224218916890711,0 111.4776154866553,-7.224205718486236,0 111.4776486782902,-7.224182610293862,0 111.4776553398209,-7.224176005943537,0 111.4777392724301,-7.224043705673813,0 111.4777427276995,-7.224030453258206,0 111.4777565203856,-7.223980719674021,0 111.4777098376656,-7.223896057158059,0 111.4776484851261,-7.223843689428546,0 111.477576617383,-7.223824039498567,0 111.4775331382405,-7.22386989585639,0 111.4775261234679,-7.223896075241913,0 111.477492545625,-7.223941852041048,0 111.4774598113743,-7.223938587345986,0 111.4774402437698,-7.223932052736001,0 111.4774109906741,-7.223915709827092,0 111.477375165183,-7.223899361191264,0 111.4773589126245,-7.223889548436595,0 111.4772712598759,-7.223824069417378,0 111.4773556374769,-7.223673051440206,0 111.4773565867941,-7.223610519263373,0 111.4773567368172,-7.223600637257569,0 111.4773602797555,-7.223584161752958,0 111.4772298754667,-7.223488491715779,0 111.4771310626189,-7.223481894581743,0 111.4771307327157,-7.223508315708646,0 111.4770836472777,-7.223587484470509,0 111.4770800801676,-7.223610546359612,0 111.4770665652245,-7.223640179655605,0 111.4770071894519,-7.223653348490413,0 111.4769809748382,-7.223643479134522,0 111.476958354794,-7.223603970415621,0 111.4769455261947,-7.223571017583327,0 111.4768307917882,-7.223511646329264,0 111.476791356413,-7.22349844268964,0 111.4767716069246,-7.223495142045485,0 111.4767191183087,-7.223462107787888,0 111.4767026551912,-7.223458804024423,0 111.4766467511094,-7.223435664650028,0 111.4765808982645,-7.223415822519367,0 111.4765347972045,-7.223399279327896,0 111.4765117654403,-7.223386038900916,0 111.4764326788713,-7.223356235164191,0 111.4764200882974,-7.223291643017216,0 111.4764203343082,-7.223269116545112,0 111.4764084277035,-7.223165984211699,0 111.4762718175105,-7.223140173553931,0 111.4762490027919,-7.223140175656808,0 111.4762359939114,-7.223136947815036,0 111.4761938337855,-7.223111110470193,0 111.4761909421907,-7.22306585001924,0 111.4762336021681,-7.223036723972725,0 111.4762566474851,-7.223014057270721,0 111.4762862655723,-7.222988137096424,0 111.4762928565986,-7.222981654611924,0 111.4763158707323,-7.222965443395807,0 111.4763257638249,-7.222955714011448,0 111.476342354147,-7.222929758820491,0 111.4763556535348,-7.222907034918107,0 111.4763590207173,-7.222897292539353,0 111.4763691268202,-7.222868051782724,0 111.4763827821041,-7.222812763951448,0 111.4763828837956,-7.222802999907731,0 111.4763830194217,-7.222789977636844,0 111.4763967311173,-7.222731326061598,0 111.4763249615789,-7.222701976850851,0 111.4763053962273,-7.222692188793759,0 111.4762989041106,-7.222685661546391,0 111.4762892246994,-7.222669338356273,0 111.4762599885584,-7.222639941713083,0 111.4762372918637,-7.22261052382178,0 111.4762340964595,-7.222600712864445,0 111.4761917709811,-7.222561448881589,0 111.4761721572981,-7.222551628008245,0 111.4760247378959,-7.222505771961655,0 111.4759788530553,-7.222489382043038,0 111.4759657677316,-7.222479543660225,0 111.4759362688539,-7.222466423364331,0 111.4758674116316,-7.222433604205719,0 111.4758214445722,-7.22242047106757,0 111.4757525616611,-7.222367886786801,0 111.4758423926087,-7.22216473919445,0 111.4751815423241,-7.221806762727868,0 111.4751949891075,-7.221753948310957,0 111.4751950397029,-7.221744038462281,0 111.4750667750009,-7.221658067288523,0 111.4750206641481,-7.221628267293122,0 111.4750042331434,-7.221601758541741,0 111.4750358139375,-7.22152580258131,0 111.4750625687232,-7.221473585387182,0 111.475062671945,-7.221463787861311,0 111.4750631539694,-7.221418035828722,0 111.4750634985992,-7.221385325235323,0 111.4750636365272,-7.221372233867997,0 111.4750637744991,-7.221359138394654,0 111.4750542011771,-7.221332936142612,0 111.4750478043741,-7.221316551458482,0 111.4750413377814,-7.221306717816751,0 111.4750252803227,-7.22127064076182,0 111.4750155542482,-7.221257514513501,0 111.4749041678931,-7.221218118641769,0 111.4748975926931,-7.221218119242003,0 111.4748778943969,-7.221214835549531,0 111.4748648506609,-7.221201692167757,0 111.4748254928219,-7.221188547027069,0 111.4747369364227,-7.221152375001366,0 111.4746974544513,-7.221152378574788,0 111.4746810036327,-7.221152380061292,0 111.4746481020005,-7.221152383030015,0 111.4746217287529,-7.221162255786409,0 111.4745953779719,-7.22116883713958,0 111.4744753920141,-7.221105792125097,0 111.4743382494927,-7.221086283146673,0 111.4743020149566,-7.221105807635984,0 111.4741998777383,-7.221170821872477,0 111.474186695266,-7.221180565107577,0 111.4741733391725,-7.221206534048273,0 111.4741601306025,-7.221219513048702,0 111.4741469261324,-7.2212324880187,0 111.4741304599966,-7.221245459255233,0 111.4740941814437,-7.221281108606029,0 111.4740841971905,-7.221300540030118,0 111.4740775120032,-7.221316725839745,0 111.4740707981012,-7.221336140417427,0 111.4740706729051,-7.221349078078722,0 111.474069985029,-7.22142016359521,0 111.4740697351865,-7.221445982886068,0 111.4740695479076,-7.221465336852234,0 111.4740692047913,-7.221500795840353,0 111.4740689242799,-7.221529785300743,0 111.4740718974929,-7.221558754321237,0 111.4740718349763,-7.221565189229587,0 111.4740646158885,-7.221639119614342,0 111.4740613038585,-7.221645542394342,0 111.4740513402578,-7.221668014108859,0 111.4740446908182,-7.221684057843897,0 111.474021511128,-7.221732152312438,0 111.4740148725647,-7.221748171320069,0 111.4739324277582,-7.221908024113295,0 111.4739258203726,-7.221923975418932,0 111.4739225303576,-7.221930354306741,0 111.4739052344073,-7.221990905457367,0 111.4739503728074,-7.222000453801252,0 111.4740116808508,-7.222009998597789,0 111.4740343327492,-7.222009996704824,0 111.4740729116163,-7.222022723325132,0 111.4740260179033,-7.222105375646503,0 111.474025649857,-7.222124425004475,0 111.4740155896392,-7.2221434663985,0 111.4740087641913,-7.222162498763349,0 111.4740019417346,-7.222181522372908,0 111.4739980500152,-7.222216375532572,0 111.4739587867294,-7.222244872899367,0 111.4739522163492,-7.222251202771362,0 111.4739295728579,-7.222254368978911,0 111.4738170736974,-7.222229056947532,0 111.4737880791486,-7.222225893052485,0 111.4737783964983,-7.222225893850838,0 111.473678390906,-7.22222273557646,0 111.4736109730627,-7.222197400486135,0 111.4735883726081,-7.222197402356665,0 111.4735109268051,-7.22219424015324,0 111.4734040406257,-7.222222758266693,0 111.4733787665565,-7.222175233956428,0 111.4731987865099,-7.222111796731142,0 111.4730249475639,-7.222060977781428,0 111.4729961355323,-7.222038721061874,0 111.4729801680501,-7.222022815688023,0 111.4729160423369,-7.221975064154486,0 111.4729034005017,-7.221949572408206,0 111.4728196270519,-7.221911310708354,0 111.4727454678623,-7.221876206272077,0 111.4727230950164,-7.221844263607651,0 111.4727298343541,-7.221818689737628,0 111.4727299298318,-7.221809095664792,0 111.4727367062351,-7.221780299601015,0 111.4727241692322,-7.221735467969883,0 111.4727049054821,-7.221713035091902,0 111.4726277184977,-7.221626394976359,0 111.4726180485117,-7.221616757236761,0 111.4725954763776,-7.221594260511761,0 111.4725959577401,-7.221536350993751,0 111.4725863791939,-7.221513809691484,0 111.4725669498586,-7.221500924648208,0 111.4724922708163,-7.221471921312089,0 111.4724759860414,-7.221471922677042,0 111.47240755101,-7.221478376725655,0 111.4723879171153,-7.221494494811641,0 111.4723812756339,-7.221517047918804,0 111.472381220225,-7.221526709574382,0 111.4723778920563,-7.221539588553911,0 111.4723745467126,-7.221555681624665,0 111.4723676985191,-7.221616778140018,0 111.472386572089,-7.221725882788178,0 111.4723895754528,-7.221767524087631,0 111.4723797657985,-7.22178032928517,0 111.4722888489526,-7.221793137266241,0 111.471922963348,-7.221565372089433,0 111.4720638243196,-7.221232665593473,0 111.4720672145239,-7.221222935328217,0 111.4720706882973,-7.221206713362694,0 111.4718913301345,-7.22117426615165,0 111.4718055367042,-7.221258622675022,0 111.4718054122195,-7.221271584422808,0 111.4718279138246,-7.221307206603405,0 111.4717619692695,-7.221381600653574,0 111.4717354882134,-7.221426818014998,0 111.471735289805,-7.221449407255811,0 111.4717286618044,-7.221462310453789,0 111.4716085153293,-7.221410685794477,0 111.4715890273024,-7.221400998822301,0 111.4715695347533,-7.221391309577134,0 111.4715434957758,-7.221384849906926,0 111.471475266109,-7.221342829330709,0 111.4714721495784,-7.221316946298947,0 111.471472295137,-7.221291046937782,0 111.4714767223996,-7.221226227395213,0 111.4714800869838,-7.221219739701109,0 111.471503853916,-7.22116130564291,0 111.471504053882,-7.221148309626559,0 111.4715023322329,-7.221047453724445,0 111.4713227166629,-7.22101488263652,0 111.4713135749537,-7.220962692954992,0 111.4713307833916,-7.220900630893662,0 111.4713343239001,-7.220881013429351,0 111.4713350648026,-7.220825381521937,0 111.4713351956535,-7.220815556465902,0 111.4713160573734,-7.220772956349857,0 111.4713063746689,-7.220759840205067,0 111.4712999319221,-7.220750000411501,0 111.471290202074,-7.220740158543961,0 111.4712640402878,-7.220730315754772,0 111.4711953030869,-7.220707340934935,0 111.4710444644798,-7.220671215812119,0 111.4710280232371,-7.220671217180112,0 111.4710149014688,-7.220667931450034,0 111.4709455324487,-7.220704077732282,0 111.470837159964,-7.220690948249734,0 111.4708537217593,-7.220674518113951,0 111.4708510287052,-7.220595570713062,0 111.4708119070354,-7.22054285982106,0 111.4708053205363,-7.220542860363463,0 111.470765823049,-7.220539566802955,0 111.4707427694089,-7.220539568694615,0 111.4707131095788,-7.22054286793169,0 111.4706965493807,-7.220559349550174,0 111.4706833058851,-7.220572530174192,0 111.4706700842799,-7.220582413215598,0 111.4706601223777,-7.220598878783065,0 111.4706434499309,-7.220641658462479,0 111.4706400777247,-7.220658100342805,0 111.4706334839318,-7.220661388466486,0 111.470633255825,-7.220707387295939,0 111.4706266020634,-7.220723803778426,0 111.4706068087505,-7.220740214964838,0 111.4705903372571,-7.220750058963928,0 111.4705705571956,-7.22076645985498,0 111.4705115627945,-7.220730377679264,0 111.4704855172926,-7.220654825036985,0 111.4704921381699,-7.220641670698769,0 111.4705152690674,-7.220612057698962,0 111.4705153392429,-7.220592305358793,0 111.4705617148893,-7.220519797093552,0 111.4704433924755,-7.220420735397483,0 111.4704104427786,-7.22040751095673,0 111.4702950467939,-7.220351258779132,0 111.4702058100471,-7.220377051623864,0 111.4701798516089,-7.220294021001346,0 111.4701774877642,-7.220244593665672,0 111.4701323251964,-7.220232214531941,0 111.4701239633523,-7.220170143647902,0 111.4701241043721,-7.220157697846172,0 111.4701244574445,-7.220126537287241,0 111.4700797954545,-7.220042077211058,0 111.4699766889336,-7.219994952043844,0 111.4699432304313,-7.219985510025091,0 111.4699219148273,-7.219982362241622,0 111.469861026822,-7.219957146346736,0 111.4698030863391,-7.219935047492214,0 111.4697817167794,-7.219922403799579,0 111.4697603353835,-7.219916078821193,0 111.4696202895773,-7.21985922683232,0 111.4695968528857,-7.219847307444919,0 111.4695857301161,-7.219814473829901,0 111.4695329793793,-7.219781568785806,0 111.469515209541,-7.219778574756032,0 111.46946782352,-7.219769588488289,0 111.4694411200707,-7.219766592700059,0 111.4693877432097,-7.219757599423496,0 111.4693699435446,-7.219754600432098,0 111.4693494215644,-7.219733581469615,0 111.4692754282147,-7.219697480944846,0 111.4691863560522,-7.219658270946041,0 111.4692193658662,-7.219703508426585,0 111.4691100050821,-7.219667335734532,0 111.4690780355048,-7.219631066194208,0 111.4690076126655,-7.219570416374435,0 111.4690049354174,-7.219555213125443,0 111.469005885753,-7.219509507164491,0 111.4690062667247,-7.219491184570413,0 111.4689825602314,-7.219475900106105,0 111.4689441747582,-7.219462811165599,0 111.4689606816172,-7.219412378993865,0 111.4689240705435,-7.219355808259635,0 111.468880806549,-7.219316975177559,0 111.4687841744228,-7.219373709057559,0 111.4686715448029,-7.219373718166924,0 111.4685179852837,-7.219343902533695,0 111.4685004022509,-7.219331955460122,0 111.4684657046076,-7.219278067415077,0 111.4684488027705,-7.219220965297311,0 111.4684197985681,-7.219169683552288,0 111.4684391200982,-7.219081777218037,0 111.4684642037815,-7.219014732826401,0 111.4684674122768,-7.219002509871609,0 111.4684736268168,-7.218990276431796,0 111.468476947909,-7.218971907498862,0 111.4684801664604,-7.218959648635795,0 111.4684957488164,-7.218928955807442,0 111.4685022138945,-7.21890435561199,0 111.4685088593867,-7.218870462913898,0 111.4685119887808,-7.218864292001184,0 111.4685122163617,-7.2188519429151,0 111.4685355958638,-7.218734104065996,0 111.4680634897002,-7.218565051997689,0 111.467963058417,-7.21881735249231,0 111.4678091307651,-7.218772048147316,0 111.4677037733416,-7.219083370017694,0 111.4672798790797,-7.218856566147243,0 111.4673025969676,-7.218776887553073,0 111.4673029440166,-7.218765095766989,0 111.467303552041,-7.218744436789572,0 111.4673081634606,-7.218688211856105,0 111.4673157553649,-7.218631765951924,0 111.4673161096174,-7.218619854452973,0 111.4672684892999,-7.218521211425267,0 111.4671031611053,-7.218467131845943,0 111.4671362625047,-7.218324929294608,0 111.4672723505868,-7.217839622262902,0 111.4665118867141,-7.217531502727803,0 111.4666510615522,-7.217255935942701,0 111.4661143621568,-7.217066681909084,0 111.4661625852203,-7.216929358410343,0 111.4657724473978,-7.216815507141988,0 111.4659236752083,-7.216401883981676,0 111.4655490040216,-7.216261374367977,0 111.4653935873195,-7.21657218134826,0 111.4653530011924,-7.216711813042562,0 111.4651017310222,-7.21661393619143,0 111.4652809204365,-7.216206392523479,0 111.4654622052833,-7.215787152502131,0 111.4651621980405,-7.215727205817841,0 111.4651122998461,-7.215881377276731,0 111.4647922724878,-7.215755670577402,0 111.4648284404157,-7.21560018182114,0 111.4645743073396,-7.215552276116417,0 111.4646097566963,-7.215375225780597,0 111.4643836475147,-7.215327155499507,0 111.4642521886477,-7.215758807082383,0 111.4639954526252,-7.215776912338844,0 111.4638823063536,-7.215767879505587,0 111.4639336021147,-7.215490935016959,0 111.4638050232668,-7.215484797025487,0 111.4637511014584,-7.215758841582461,0 111.4635069450477,-7.215761873220687,0 111.4634093400315,-7.215734712736045,0 111.4632375728261,-7.21567720397311,0 111.4629955849025,-7.215576329282987,0 111.4627627392203,-7.215510505881819,0 111.4626886465917,-7.21549850783449,0 111.4627246967329,-7.215347621863452,0 111.4625432355137,-7.215286839192853,0 111.462572556598,-7.215146039593447,0 111.4625975097521,-7.215096745350872,0 111.4626038159134,-7.215081306974051,0 111.4626442874026,-7.215016286851689,0 111.4627266965793,-7.214982109377083,0 111.4627393628547,-7.214957206330442,0 111.4627520505706,-7.214932261169523,0 111.4627585453368,-7.214913524756865,0 111.4627588312178,-7.214901020927534,0 111.4627620832001,-7.214891635843565,0 111.4627817865701,-7.214828915995574,0 111.4627821573319,-7.214813194733772,0 111.4627855755146,-7.214797456457634,0 111.4627963071747,-7.214731173220357,0 111.4627944646133,-7.21468047292576,0 111.4627702116608,-7.214670949128683,0 111.4626883643916,-7.214632791389791,0 111.4626485929141,-7.21462960942584,0 111.462630148614,-7.214632795448615,0 111.4626024618433,-7.214639164714396,0 111.4625501858203,-7.214651894939574,0 111.4625347793502,-7.21465825518409,0 111.4625255008894,-7.214664612291161,0 111.4625101062665,-7.214670967192006,0 111.462414115758,-7.214772266475089,0 111.4624046254219,-7.214803779895328,0 111.4623983654201,-7.214819511559428,0 111.4623829190234,-7.214841508268986,0 111.4621515953315,-7.214784767795302,0 111.4621262058054,-7.214840177038567,0 111.4621260653396,-7.214846320536214,0 111.4621117616757,-7.214947317656146,0 111.4621346875044,-7.214992993395611,0 111.4621450108304,-7.215062753900734,0 111.4621412400636,-7.215096000187529,0 111.4621098443575,-7.215165271342286,0 111.462103556365,-7.215180286510526,0 111.4620943678227,-7.215192287722441,0 111.4620781479539,-7.21525512888611,0 111.4620780194295,-7.215261099421074,0 111.4620770571912,-7.215305799827045,0 111.4620824638554,-7.215329583062802,0 111.4621019808228,-7.215382951527856,0 111.4621017815501,-7.215391827262303,0 111.4621184092199,-7.215439070878338,0 111.462118273241,-7.21544496555085,0 111.4621177977556,-7.215465577823617,0 111.4621131001886,-7.215541879075249,0 111.4621069588586,-7.215553582013689,0 111.4621066262369,-7.215568196742137,0 111.4621033606348,-7.215582796711724,0 111.4621032945193,-7.21558571488365,0 111.462093388975,-7.215635233053669,0 111.4620872114274,-7.215649764734986,0 111.4620776720514,-7.215684579988682,0 111.4620775455429,-7.215690374153903,0 111.4620736806409,-7.215733755442739,0 111.4620734297389,-7.215745301351101,0 111.4620729285461,-7.215768365089366,0 111.4620989606629,-7.215777002625119,0 111.4621680135336,-7.215811502396775,0 111.4621696217065,-7.215863101456616,0 111.4621691167978,-7.215883117042193,0 111.4621682529056,-7.215917363552316,0 111.4621679654079,-7.2159287605992,0 111.4621520018949,-7.215988445218918,0 111.4621458019768,-7.216005451685303,0 111.4621397470809,-7.216016778018359,0 111.4620854718129,-7.216118305789747,0 111.4620824680514,-7.216123924770759,0 111.462079278126,-7.21613796192498,0 111.4620602660927,-7.216219100755941,0 111.462054291408,-7.216230255562779,0 111.4620513058889,-7.216235829701509,0 111.4620273505497,-7.21628589610993,0 111.4620242065563,-7.216299771404103,0 111.4618868429438,-7.21626645751599,0 111.4618502644105,-7.216249768112636,0 111.4618445349392,-7.216249768468967,0 111.4618072933532,-7.216249770784462,0 111.4616638803249,-7.216255345774008,0 111.4616416220723,-7.216418552812341,0 111.4616067153708,-7.216443282814784,0 111.4612418870627,-7.216792296030301,0 111.4586036188824,-7.216470453058155,0 111.4574927223417,-7.21552982967876,0 111.4559692085993,-7.215756265356558,0 111.4526124561082,-7.21970963354213,0 111.4526142434845,-7.219644404098151,0 111.4522608794505,-7.219519436520225,0 111.4522130973785,-7.219489598007052,0 111.4520615254997,-7.219507503464425,0 111.4519889427135,-7.219507502793296,0 111.4518384327046,-7.219453745659555,0 111.4517628374164,-7.219703702164218,0 111.4500338022441,-7.219369799618097,0 111.4494754951942,-7.220948121241492,0 111.4492199983809,-7.220917535456243,0 111.4491400794367,-7.221039665311804,0 111.4490355032497,-7.221173385390863,0 111.4489563601389,-7.221294387241683,0 111.4488911573363,-7.221384789474077,0 111.4488243206773,-7.221642300249381,0 111.4488198212514,-7.221737501407929,0 111.4488933657394,-7.221838290194361,0 111.4488941999499,-7.221944600351517,0 111.4488446931541,-7.221974056343415,0 111.4487490990653,-7.221962275807566,0 111.4487141117453,-7.221938702126634,0 111.448579373472,-7.221856032287759,0 111.4485618125403,-7.221844201724165,0 111.44847846275,-7.221820524392974,0 111.4484193900186,-7.221790899395426,0 111.4478497923488,-7.221683975344912,0 111.4476575683633,-7.221642280535658,0 111.4476457834467,-7.221630356762147,0 111.4473150867802,-7.221534774350026,0 111.4470438204983,-7.221444861494835,0 111.4468891475329,-7.221402799495982,0 111.4466834460405,-7.221366693960713,0 111.4466533074834,-7.221354648969911,0 111.4464238971573,-7.221258098187327,0 111.4462715429505,-7.221270181825229,0 111.4461863313919,-7.221270179990698,0 111.4461189472773,-7.221312440625122,0 111.4460339584176,-7.221294334378186,0 111.4460096229918,-7.221294333835843,0 111.4460174253645,-7.221088312650906,0 111.4459320554467,-7.221070058059068,0 111.4457549459247,-7.221057878855819,0 111.4456754501107,-7.221088304862595,0 111.445561413262,-7.221053545223243,0 111.4455457236575,-7.220960541464924,0 111.445515584318,-7.220908043004861,0 111.4454489524869,-7.220900517161395,0 111.4453347001006,-7.220915556717268,0 111.4451997249796,-7.22097174350563,0 111.4451624463893,-7.221072022939223,0 111.4450812062852,-7.22105353338309,0 111.44502107869,-7.221016443993296,0 111.4450798534616,-7.22081353365783,0 111.4451650351387,-7.220805934005254,0 111.4452466731407,-7.220802132801616,0 111.4452823017978,-7.220741067241492,0 111.4452819166932,-7.2207257374791,0 111.4452884298796,-7.220687302093836,0 111.4452876669642,-7.220656438761219,0 111.4452910332463,-7.22064096872388,0 111.4453052924777,-7.220609951589316,0 111.4453161979645,-7.220594404366689,0 111.4453304477906,-7.220559327970767,0 111.4452805262025,-7.220520197706024,0 111.4451838430107,-7.220441444267252,0 111.4451819418549,-7.220377965726559,0 111.4451814645601,-7.220362029152194,0 111.445228077444,-7.220257784066192,0 111.4452315748325,-7.22024568173141,0 111.4452425234082,-7.220225477051371,0 111.4452571229322,-7.220197118293338,0 111.4452642846085,-7.220176810223525,0 111.4452742982955,-7.220115625338896,0 111.445284574899,-7.220062280490895,0 111.4452882430949,-7.220054047304542,0 111.4453148464024,-7.220033433771768,0 111.4453652501879,-7.220037561499069,0 111.4453846784342,-7.220041686586795,0 111.4454078938712,-7.220041687177294,0 111.4455281701016,-7.220070512947646,0 111.4456323840147,-7.220054055849974,0 111.4456627521363,-7.219925531743891,0 111.4456665569619,-7.219904640837298,0 111.4456781116643,-7.219866923502441,0 111.4456897114494,-7.219829058925342,0 111.4456935527105,-7.219803733590824,0 111.4457052484162,-7.219778342378409,0 111.445705229847,-7.219769863869004,0 111.445705174042,-7.219744383913199,0 111.4457167779339,-7.219628895764315,0 111.4456771621499,-7.219603045005895,0 111.4455226228902,-7.21958577022418,0 111.4454898589961,-7.219503315998438,0 111.4454698487122,-7.219494596027118,0 111.4454298453497,-7.21948150131102,0 111.4453949426597,-7.219533771325244,0 111.4453555739098,-7.219551132712391,0 111.4452976316753,-7.219791036335202,0 111.4452382381743,-7.219917170106725,0 111.4451629844152,-7.219875304771943,0 111.4450763986124,-7.219854302731834,0 111.4450000408138,-7.219900439772909,0 111.4450122847533,-7.220016902194001,0 111.445001435139,-7.220136056384201,0 111.445002230589,-7.220156451383011,0 111.4449889487086,-7.220209275151287,0 111.4449594560621,-7.220330069143575,0 111.4448841433694,-7.220350050779961,0 111.4448589366352,-7.220461184883653,0 111.4448211900729,-7.220539770021914,0 111.4447908662497,-7.220609937554921,0 111.4448237898612,-7.220668011941409,0 111.4448295044509,-7.220783081571081,0 111.4447673929929,-7.220874115747891,0 111.4447575063838,-7.220896734576892,0 111.4447294470991,-7.22099038458919,0 111.4447270170611,-7.221012718889372,0 111.4447170445554,-7.221031288939175,0 111.4447146350548,-7.221053523463795,0 111.4447148448789,-7.221057223980609,0 111.4448445864217,-7.221086777527067,0 111.4448034866982,-7.221348474724052,0 111.4447275486955,-7.221344889581386,0 111.4445867653861,-7.221287360318696,0 111.4445599137072,-7.22137350993282,0 111.4445240236472,-7.221480043467751,0 111.4445259626084,-7.22150823891688,0 111.4445174329417,-7.221539851945371,0 111.4444356305,-7.221543355339511,0 111.4443524634593,-7.221483568019933,0 111.4443480514602,-7.221472975721685,0 111.4443030681577,-7.221448210279503,0 111.4442881426536,-7.22144112169575,0 111.4441693910075,-7.221355618847661,0 111.4437757434705,-7.221083056710174,0 111.4434754774737,-7.220904220465723,0 111.4433518137769,-7.220862738656625,0 111.4434076456322,-7.220718003402778,0 111.4434061924794,-7.220706479743577,0 111.4433586721491,-7.220656376451382,0 111.4433666119065,-7.220599997738949,0 111.4432521552095,-7.220571162211733,0 111.4431455540469,-7.220553091835223,0 111.4431796735109,-7.220403563940764,0 111.4435123024268,-7.220458567345365,0 111.4435002850058,-7.220337140495975,0 111.4434987502486,-7.220314887721635,0 111.4435203204958,-7.220199045122807,0 111.443525945319,-7.220172683341676,0 111.4435315863064,-7.220146245782447,0 111.4435882026539,-7.219986011328288,0 111.4435947149285,-7.219970605429089,0 111.4436077719225,-7.219939716863056,0 111.4436236823782,-7.219893191011334,0 111.4436427405321,-7.219834705792062,0 111.4437731911658,-7.219807291041312,0 111.4437844197197,-7.219732462314286,0 111.443781345289,-7.219672963583952,0 111.4437805221561,-7.219657033721944,0 111.4437862874928,-7.219621093359773,0 111.4437890759716,-7.219601067373776,0 111.4437884613041,-7.219589031367,0 111.4437896169587,-7.219536698455216,0 111.4437890005456,-7.219524580579251,0 111.443791395496,-7.219496245570985,0 111.4437988643868,-7.21949219107676,0 111.4438311291717,-7.21936563373937,0 111.4438305338779,-7.219353296939388,0 111.443841284127,-7.219254029413382,0 111.4438612489153,-7.21918743135514,0 111.4438698506968,-7.219133865938721,0 111.4438691156585,-7.219118504414424,0 111.4438732917956,-7.219049061822108,0 111.443879696317,-7.219025798884861,0 111.4438864797337,-7.219010258041839,0 111.4439238170215,-7.218920393427055,0 111.4439457897613,-7.218904676917231,0 111.4439604030376,-7.218892872199774,0 111.4439753626801,-7.218888934302453,0 111.4440000881636,-7.218845503955699,0 111.4440218300928,-7.218722021092251,0 111.4441063163635,-7.218738047855556,0 111.4441192358343,-7.218781975551029,0 111.4441467593371,-7.218809824251695,0 111.4443111828728,-7.21885737772598,0 111.4444474212012,-7.218849473283311,0 111.4444622073492,-7.218825709321491,0 111.4445368413591,-7.218718025376921,0 111.4445443381121,-7.218705984512228,0 111.444562521965,-7.218617214632722,0 111.4445623143027,-7.218596923620444,0 111.444562106198,-7.218576589409175,0 111.4445618976487,-7.218556211772915,0 111.4445616886544,-7.218535790689669,0 111.4445615630432,-7.218523517075584,0 111.4445611852412,-7.21848660165699,0 111.4446903365106,-7.217845326379689,0 111.4445385587542,-7.217836541129177,0 111.4444019971378,-7.217792513799663,0 111.4443738112878,-7.217783684734763,0 111.4443294822413,-7.217770426483352,0 111.4442459103058,-7.217792509221592,0 111.4442212259745,-7.217915285539382,0 111.4442177244856,-7.217932701332046,0 111.4442024397395,-7.2179544278259,0 111.4441911538668,-7.217976106571002,0 111.4441884393558,-7.21801932206127,0 111.4442017717337,-7.218070931748535,0 111.4440835325184,-7.218075216693208,0 111.4440125160216,-7.218075214432462,0 111.4439636565603,-7.21813505621963,0 111.443948452376,-7.218147831764099,0 111.4439446987436,-7.218152086672817,0 111.4439091448129,-7.218147830471358,0 111.4438893019317,-7.21814357298746,0 111.4438617805841,-7.218143572066836,0 111.4438209816489,-7.218194530738433,0 111.443816207473,-7.218257858044542,0 111.4437668973644,-7.218287268589217,0 111.4437076755173,-7.218274672217901,0 111.4436869571725,-7.218181811024756,0 111.443685325038,-7.218152077841186,0 111.4436883234427,-7.218135046860575,0 111.4436906288601,-7.218105170892577,0 111.4436896963634,-7.218088057903998,0 111.4436985164445,-7.218032233628593,0 111.4436975873853,-7.218014992852945,0 111.4436959575912,-7.217984748409955,0 111.4436950240325,-7.217967424183009,0 111.443633541331,-7.217932681737229,0 111.4436131669833,-7.217923976857962,0 111.4435930314506,-7.21791962110586,0 111.4435370890118,-7.217915262202721,0 111.4434765541274,-7.217963080185962,0 111.4434395724332,-7.21806232293031,0 111.4433785425904,-7.21803652718925,0 111.4432745150466,-7.217967408086184,0 111.4432212543492,-7.217945707538992,0 111.4432050268852,-7.21794136156099,0 111.4431443767547,-7.217928311364213,0 111.4431360695835,-7.217923957918026,0 111.4431122147139,-7.21792395690455,0 111.4430843838652,-7.217923955714146,0 111.4429480203734,-7.217954380985246,0 111.4429068958863,-7.218190258971189,0 111.4427878863513,-7.218221068891973,0 111.4427808020424,-7.218232722017187,0 111.442867744864,-7.218481690108536,0 111.4432031153187,-7.218620474300984,0 111.443291414146,-7.218627918549463,0 111.4433317523487,-7.218616754795876,0 111.4433466564776,-7.218646497956335,0 111.4433258964328,-7.218808367548771,0 111.4433260672419,-7.218830218545119,0 111.4433227243661,-7.218866519663083,0 111.4433156843224,-7.218891843625251,0 111.4433159576082,-7.218924298888065,0 111.4433127449875,-7.218970972623162,0 111.4433128992002,-7.218988859632245,0 111.4433131145811,-7.219013841513284,0 111.4433061132894,-7.219035198903903,0 111.4433025533682,-7.219038753485544,0 111.4432777488722,-7.21907068100703,0 111.4432216484067,-7.219162278552298,0 111.4432147636427,-7.219179785775779,0 111.4431419188578,-7.219287562671391,0 111.4430505640703,-7.21931860555965,0 111.4429193134164,-7.21930481726283,0 111.4427988738722,-7.219301364199708,0 111.4427457861524,-7.219301362626695,0 111.4426487837933,-7.219270253343834,0 111.4425834032317,-7.219239034692437,0 111.4423683534271,-7.219207700586808,0 111.4423158907784,-7.219221635903348,0 111.4421990677356,-7.219228592549549,0 111.4421586770368,-7.219123609476105,0 111.4420907534531,-7.219123607376681,0 111.4420800286749,-7.21912360704347,0 111.4419083969932,-7.219123601829022,0 111.4417867396007,-7.219158730985148,0 111.4417759707318,-7.21914820543044,0 111.4417509007042,-7.219137666930449,0 111.441639629282,-7.2190989178659,0 111.4415142594666,-7.219095383113184,0 111.4414677946624,-7.219098912359117,0 111.441442823354,-7.21910244084507,0 111.4414070315554,-7.21910243967904,0 111.4411520362363,-7.219081234302985,0 111.440776330392,-7.218974474574164,0 111.4406056196246,-7.218956552789655,0 111.4405692708925,-7.218952964043051,0 111.440518741111,-7.218952962176494,0 111.4403372530301,-7.219024432471908,0 111.4402640215288,-7.219049312349314,0 111.4402131675174,-7.219081200736852,0 111.4401691429523,-7.219070581619265,0 111.4401612864877,-7.219063496018912,0 111.4401335992732,-7.218963705566841,0 111.4401228611146,-7.218927794860686,0 111.4399836106877,-7.218909780197722,0 111.4399498843224,-7.21889895601366,0 111.4398778789061,-7.218870028453781,0 111.4398597488279,-7.218870027716083,0 111.4398403859919,-7.218859156177388,0 111.4397511638287,-7.218841005448344,0 111.4396404348512,-7.218768045769644,0 111.439576663845,-7.218782681178218,0 111.439567605193,-7.218797295306645,0 111.4395594989716,-7.218819172595792,0 111.4395572702905,-7.218830091495973,0 111.439520153883,-7.218851888331255,0 111.4395065922508,-7.21885914224294,0 111.4394901676285,-7.218881345138508,0 111.4394795424778,-7.218956470445112,0 111.4394601849303,-7.21899911705593,0 111.4394211045657,-7.219006203714891,0 111.4393713006305,-7.219013284327637,0 111.4393603417573,-7.219009743329409,0 111.4393559353896,-7.218995566918513,0 111.4393429364223,-7.218895697766848,0 111.4393423087574,-7.218884931161167,0 111.4393461930292,-7.218827290592739,0 111.4393457743817,-7.218820059478845,0 111.4393513555698,-7.218791076981855,0 111.4393428885161,-7.218707229584295,0 111.4392649508054,-7.218685224997117,0 111.4391588945079,-7.21905212947234,0 111.439043361428,-7.219038016058612,0 111.4386322096283,-7.218970675155295,0 111.4386189372127,-7.219319713249228,0 111.438739723349,-7.219327141990822,0 111.438825851992,-7.219371622509752,0 111.4389671038124,-7.219349403648299,0 111.4391779443276,-7.21941933005521,0 111.4393199187445,-7.219455578674689,0 111.4394695379447,-7.219487170909087,0 111.4395220404105,-7.219496176096388,0 111.439640133852,-7.219518646674907,0 111.4398138236028,-7.219541059981948,0 111.4398576552331,-7.219554476978669,0 111.4398708183352,-7.219558944515655,0 111.4398922989292,-7.219558945384204,0 111.4399481486346,-7.219558947626016,0 111.4401373787375,-7.219563419700428,0 111.4403262603543,-7.21958570911132,0 111.4405364383976,-7.219585717821071,0 111.4405578851598,-7.219585718691133,0 111.4406133138682,-7.219581268067936,0 111.4407789078083,-7.219554507933368,0 111.4410215828247,-7.219594635373929,0 111.4410486113476,-7.21962127619257,0 111.441085138794,-7.219669899261441,0 111.4411865503603,-7.219748862756724,0 111.4411954007708,-7.219757590556195,0 111.4412129013713,-7.219770665336324,0 111.4412344467727,-7.219779370823483,0 111.4412771591149,-7.219788067997028,0 111.4414346481067,-7.219814106009361,0 111.4414769607062,-7.219814107424408,0 111.4415275553879,-7.219805440596692,0 111.4416657398292,-7.219683130853177,0 111.4419002015908,-7.219740149635952,0 111.4419214518966,-7.219740150280479,0 111.4420443477926,-7.219775045702953,0 111.4422209400385,-7.219848714263598,0 111.4422459851439,-7.219861646941411,0 111.4424467228371,-7.219913179596587,0 111.4424633947407,-7.219917459513025,0 111.4425049552757,-7.219930285817252,0 111.4425301657082,-7.219930286483876,0 111.4427133073785,-7.219964394669506,0 111.4427318493228,-7.219930291669193,0 111.4427696289859,-7.21985304170498,0 111.4427867514838,-7.219848729183093,0 111.4428043661894,-7.219835777456481,0 111.442946692856,-7.219921748952939,0 111.4429344466829,-7.219981399122576,0 111.4429288992331,-7.220002598597953,0 111.4429236356417,-7.22001951888281,0 111.4428987549418,-7.220149481004078,0 111.4428670424252,-7.220261010650599,0 111.4428652852859,-7.220289677326606,0 111.4428609254672,-7.220293764222335,0 111.4428449169145,-7.220354821256956,0 111.4428360026795,-7.220366977217991,0 111.4428268623699,-7.220383156637368,0 111.4428218229857,-7.22039930377279,0 111.4428040918479,-7.220423463419631,0 111.4427266406232,-7.22042346138832,0 111.4426379178809,-7.22040333070523,0 111.442453660867,-7.220306001897509,0 111.442313605289,-7.220322300511992,0 111.4421820280961,-7.220338566271285,0 111.4421491752515,-7.220342627630711,0 111.4421123030786,-7.220342626550949,0 111.4420960272552,-7.220334499509697,0 111.4418953214918,-7.220223976752556,0 111.4418746868002,-7.220203343556195,0 111.4418083690799,-7.22015360882796,0 111.4417374866474,-7.22010356860874,0 111.4416332366809,-7.220082625406645,0 111.4416290736822,-7.220082625273197,0 111.4416082586885,-7.220082624604415,0 111.4415583026991,-7.22008262298876,0 111.4415499767002,-7.220082622718029,0 111.4414746334613,-7.220065829610036,0 111.4410938114105,-7.220032131907625,0 111.4409894153569,-7.220032128179603,0 111.4409400250449,-7.220044774383882,0 111.4409238223506,-7.220053194933533,0 111.4409034679706,-7.220061606754352,0 111.4407734022249,-7.220048979902911,0 111.4406225801028,-7.219985571322129,0 111.440579369099,-7.219968579382313,0 111.4405493417413,-7.219960069896397,0 111.4405406093517,-7.219955812133215,0 111.440329860776,-7.21990025633069,0 111.4403033842933,-7.219887383460201,0 111.4401634796685,-7.219878785323103,0 111.4401466202299,-7.21987878461559,0 111.4401255457774,-7.219878783728547,0 111.4401086863286,-7.219878783016804,0 111.4400290823864,-7.219883076950675,0 111.4400080133549,-7.219883076048002,0 111.4399658756631,-7.219883074233868,0 111.4398141793523,-7.219883067605925,0 111.4396230669872,-7.219809700807659,0 111.4395741147098,-7.219792343331262,0 111.4395123364636,-7.219774949001003,0 111.4394820232278,-7.219770594021769,0 111.4393514593098,-7.219748785949779,0 111.4392254996692,-7.219731297266452,0 111.4391822714069,-7.219726918756506,0 111.4391297928448,-7.219718156551479,0 111.439108514028,-7.219718155483582,0 111.4390822484266,-7.219713770939828,0 111.439063749081,-7.219704996607762,0 111.4390331908768,-7.219700604938428,0 111.4389875627933,-7.219683019003217,0 111.4389041957169,-7.219669802781044,0 111.4388315931866,-7.219703895875659,0 111.4386903236718,-7.219789346209477,0 111.4386676111643,-7.219822353114483,0 111.438657103405,-7.219845853116435,0 111.4386499323602,-7.219859922525302,0 111.4386186335141,-7.219929928432998,0 111.4386038796158,-7.219953137843122,0 111.4385940936319,-7.219980907179121,0 111.4385799759293,-7.220008586856619,0 111.438559042259,-7.220086531638731,0 111.4385520490501,-7.220100213001174,0 111.4385418635394,-7.220122966693162,0 111.4385360331193,-7.220145660030445,0 111.4385300874347,-7.220235833235032,0 111.4385360839769,-7.220249277221784,0 111.4385824092878,-7.220276102975684,0 111.4385969335648,-7.220289483520514,0 111.4386216281814,-7.220316180970236,0 111.4386446499141,-7.220329498565419,0 111.4386756681312,-7.220338366014846,0 111.4387061383756,-7.220342796934176,0 111.438802217125,-7.220360496126015,0 111.4388197965381,-7.220364914772635,0 111.438879611232,-7.220364917554155,0 111.4389511108389,-7.22031175302667,0 111.4390316435274,-7.220213403552368,0 111.439085469368,-7.220235859642713,0 111.4391012836882,-7.22026719571317,0 111.4393503989722,-7.22032065544558,0 111.4393760240908,-7.220430929523436,0 111.4396576513979,-7.220513787980077,0 111.4398927659157,-7.220561387369322,0 111.4400460610874,-7.22059583377498,0 111.4400718046065,-7.220608713153005,0 111.4400887956082,-7.220613002122418,0 111.4401774445496,-7.220621575395821,0 111.4402112193835,-7.220625858366501,0 111.4402280437396,-7.220625858974284,0 111.4404133719063,-7.220642970204995,0 111.440459484837,-7.220634423869291,0 111.4405728237236,-7.220604440305293,0 111.4406275349208,-7.220587257592459,0 111.4406399886914,-7.220457228438132,0 111.4408310614987,-7.220470329317961,0 111.4408773750341,-7.220500805356778,0 111.440953281076,-7.220522507236699,0 111.4409575134425,-7.220522507368918,0 111.4410066117142,-7.220604454362516,0 111.4410146723685,-7.220621603590348,0 111.4410421700786,-7.2207068195562,0 111.4411860240232,-7.220786969720907,0 111.4413137150837,-7.22078697397501,0 111.4413801701005,-7.220807937402599,0 111.4414092887647,-7.220807938306453,0 111.4414425672398,-7.220807939333253,0 111.4415008045769,-7.220807941114318,0 111.4415174438176,-7.220807941619493,0 111.44154240268,-7.220807942374169,0 111.4415632017335,-7.220807943000234,0 111.4416047998445,-7.220807944244661,0 111.4417174403646,-7.220936720435129,0 111.4418039643456,-7.220940843159115,0 111.4418628458816,-7.220911959273465,0 111.4420065321507,-7.22093260631864,0 111.4420851828179,-7.220928484083712,0 111.4421718956632,-7.220928486426577,0 111.4422214459174,-7.22092848774656,0 111.4422841839642,-7.220916103560009,0 111.4423310338018,-7.220895419718161,0 111.4423508364584,-7.220787003429398,0 111.4423873795545,-7.220681386499703,0 111.4424908836862,-7.220698379291609,0 111.4424985502868,-7.2209078438573,0 111.4426449485383,-7.220998332753336,0 111.442597265981,-7.221099940502916,0 111.4425888081973,-7.221112047628746,0 111.4425507769043,-7.221172310757133,0 111.4425621825027,-7.221208252977973,0 111.4425617418356,-7.221228150956254,0 111.4425655279316,-7.221240066087064,0 111.4426691066254,-7.221299377854614,0 111.4426839486535,-7.221342591700236,0 111.4426745171976,-7.221389465594244,0 111.4425868132588,-7.221366060747806,0 111.4424222888832,-7.221350415929712,0 111.4423224786152,-7.221639746264379,0 111.4422125181334,-7.221639743225754,0 111.4421030795926,-7.222086629974462,0 111.4422013081072,-7.222108815120911,0 111.442237313054,-7.222001805163265,0 111.4422511676428,-7.221947788171711,0 111.4424654163502,-7.222006297366452,0 111.4424153224858,-7.222262477164767,0 111.4420496618811,-7.22315587193479,0 111.4409204854869,-7.225928730728929,0 111.440678405757,-7.225940940379514,0 111.4406290669263,-7.225956540787597,0 111.4405179657354,-7.22591006595143,0 111.440489078964,-7.225897345312073,0 111.4402421463152,-7.225888846584492,0 111.4401710246122,-7.225880344757671,0 111.4401417259252,-7.225876090693847,0 111.4401040237261,-7.225871834206783,0 111.4399865528782,-7.225897328707962,0 111.4399488925393,-7.22592697621552,0 111.4398943320834,-7.225876082178965,0 111.4398732244337,-7.225850517109127,0 111.4397806423823,-7.225833426770511,0 111.4397637745048,-7.22582914890933,0 111.4397047018487,-7.225816301657257,0 111.4396877968368,-7.22581201492226,0 111.4396498306048,-7.225807725191005,0 111.4396119361677,-7.225807723790981,0 111.4395698312321,-7.225807722224348,0 111.4395194207064,-7.225812008672187,0 111.4395025830878,-7.225812008036965,0 111.4392784178529,-7.225786235872319,0 111.4392216827155,-7.225743115792575,0 111.4391914909081,-7.225730135502741,0 111.4391656935965,-7.225721470438602,0 111.4387301275331,-7.2256692781104,0 111.4386360277907,-7.225660546493352,0 111.4385724273223,-7.225712772338277,0 111.43856155113,-7.225734437558928,0 111.438527114615,-7.225824819866418,0 111.4385231786435,-7.225876027939001,0 111.4383433014443,-7.225837643523374,0 111.4383395201795,-7.225756036995219,0 111.4383594395816,-7.22569973622777,0 111.4383692415887,-7.225669261998808,0 111.4383756577003,-7.22564742637491,0 111.4383626069491,-7.225555087914936,0 111.4383442294198,-7.2255418126111,0 111.438279901223,-7.225497409658546,0 111.4382408415704,-7.225492954935141,0 111.4382001661509,-7.225555080261789,0 111.4381916165236,-7.225555079853617,0 111.4380924686944,-7.22558596751484,0 111.4380192390214,-7.225616743093511,0 111.4380107207242,-7.225616742678669,0 111.4379521480562,-7.225625513156889,0 111.4379351205601,-7.225625512319892,0 111.437856448254,-7.225643027523906,0 111.437772784953,-7.225621118707901,0 111.4377293522617,-7.225550634501554,0 111.4377094055913,-7.225497381378491,0 111.437692940284,-7.225470627843661,0 111.4373826583202,-7.225384671597017,0 111.4369098854032,-7.226898490356428,0 111.4362059865641,-7.226893085363535,0 111.4360872276301,-7.227081698598375,0 111.4349715187307,-7.226931083553481,0 111.4348941212008,-7.227319976346553,0 111.432956037547,-7.226958182497984,0 111.4329987273306,-7.226745657678679,0 111.4325248845743,-7.226644636007354,0 111.432461747296,-7.226924335664087,0 111.4310647724415,-7.226635756656876,0 111.4311321126687,-7.226393629703062,0 111.4303683447072,-7.226127561852864,0 111.4300822038358,-7.226198531230957,0 111.4300022667128,-7.225985627328056,0 111.430048088274,-7.22576717294457,0 111.4295768130067,-7.225666985891649,0 111.4295473655374,-7.22557514408642,0 111.4292359846103,-7.225491652120913,0 111.4290045530083,-7.225395634333478,0 111.4290087685211,-7.225249516244972,0 111.4287777291122,-7.22516496345969,0 111.4287188056102,-7.225290202776196,0 111.428243325903,-7.225110694613256,0 111.4282854152458,-7.224968753466591,0 111.4277972974588,-7.224810111485213,0 111.4273505554638,-7.224573165147824,0 111.426496353193,-7.224356077582044,0 111.4266310910187,-7.223855790913282,0 111.4263323262993,-7.223763941949288,0 111.4261934306028,-7.224269097228663,0 111.4260377352059,-7.224323367548823,0 111.425991441074,-7.224486177223133,0 111.4259156992908,-7.224498700617065,0 111.4258346715561,-7.224778123717346,0 111.4264279680647,-7.224970156584645,0 111.4263732500076,-7.225132962141255,0 111.4267361621973,-7.225254260395604,0 111.4270348969742,-7.225350266349213,0 111.4267023972907,-7.226464670225204,0 111.4290172985152,-7.227292314183035,0 
					</coordinates>
				</LinearRing>
			</outerBoundaryIs>
		</Polygon>
	</Placemark>
	<Placemark>
		<name>DESNARUM JAYA AKASHA_KENDAL_ST-KALIBODRI</name>
		<description>ST: DESNARUM JAYA AKASHA_KENDAL_ST-KALIBODRI | Partner: Poligon Tanpa Nama</description>
		<styleUrl>#m_ylw-pushpin</styleUrl>
		<Polygon>
			<outerBoundaryIs>
				<LinearRing>
					<coordinates>
						110.1280168943475,-6.957823030156252,0 110.127419768526,-6.963265511957154,0 110.1268001728317,-6.96717390051989,0 110.1272180022974,-6.970034396982688,0 110.1266552585978,-6.97095079849908,0 110.126814775114,-6.971603354008013,0 110.1291530215483,-6.972826073473582,0 110.1316337096393,-6.973105753902766,0 110.1369963449996,-6.973832623275567,0 110.1381225700185,-6.970133847878983,0 110.140169503897,-6.970740913167132,0 110.1401306907423,-6.969324302246754,0 110.1380371462835,-6.968635565524646,0 110.1387495224524,-6.967107903509976,0 110.1405346643333,-6.967158622806306,0 110.1405641998423,-6.96561428414872,0 110.1369137299096,-6.964169365373102,0 110.1369009213466,-6.964169365798996,0 110.1358902407276,-6.964104530757991,0 110.1349988742106,-6.965421801841979,0 110.1359399893274,-6.966229134642931,0 110.1338923593342,-6.969623802387436,0 110.1334421348969,-6.970716183342637,0 110.1337180670933,-6.971787551254351,0 110.1312777344452,-6.97123443526437,0 110.1317143954414,-6.96765280281736,0 110.132038807983,-6.965858114894688,0 110.130217930294,-6.965614455029941,0 110.1306238649091,-6.964515837219782,0 110.1315515008129,-6.964549857968355,0 110.1318222215221,-6.963485030788818,0 110.1311481761634,-6.963267664723708,0 110.1309324324699,-6.96139486822319,0 110.1298169675068,-6.959585693552278,0 110.1297294207158,-6.957637767810619,0 110.1289409988329,-6.957401639672155,0 110.1280168943475,-6.957823030156252,0 
					</coordinates>
				</LinearRing>
			</outerBoundaryIs>
		</Polygon>
	</Placemark>
	<Placemark>
		<name>DESNARUM JAYA AKASHA_SEMARANG_ST-ALASTUA</name>
		<description>ST: DESNARUM JAYA AKASHA_SEMARANG_ST-ALASTUA | Partner: DESNARUM JAYA AKASHA</description>
		<styleUrl>#m_ylw-pushpin</styleUrl>
		<Polygon>
			<outerBoundaryIs>
				<LinearRing>
					<coordinates>
						110.4657816,-7.0321005,0 110.4657792,-7.0321028,0 110.4659329,-7.0322093,0 110.4660392,-7.0322921,0 110.466039,-7.032493,0 110.4659915,-7.032658299999999,0 110.4662043,-7.032729499999999,0 110.466961,-7.0328485,0 110.4671948,-7.0328654,0 110.4671661,-7.033426,0 110.46716,-7.03349,0 110.4671483,-7.0344673,0 110.4671475,-7.0351762,0 110.4670995,-7.035814199999999,0 110.4671584,-7.0360151,0 110.4673476,-7.0360626,0 110.4674185,-7.0360662,0 110.4675841,-7.0360746,0 110.4679151,-7.0361932,0 110.4678437,-7.036583,0 110.4678191,-7.0373745,0 110.4678264,-7.0376411,0 110.4678437,-7.0376388,0 110.467854,-7.0378708,0 110.4679126,-7.038319799999999,0 110.4679239,-7.0388633,0 110.4678877,-7.039442200000001,0 110.4677572,-7.0397965,0 110.4671942,-7.0409006,0 110.4668623,-7.0415973,0 110.4668145,-7.0420225,0 110.4667669,-7.042306000000001,0 110.4666366,-7.0425067,0 110.466447,-7.0428137,0 110.466683,-7.043286600000001,0 110.4671967,-7.043931099999999,0 110.4674328,-7.0442976,0 110.4678814,-7.045007,0 110.4681882,-7.0455508,0 110.4685188,-7.046012,0 110.4692567,-7.0471293,0 110.4696817,-7.0477914,0 110.4705435,-7.0491157,0 110.4709566,-7.049884099999999,0 110.4712006,-7.0503382,0 110.4712005,-7.0505044,0 110.471226,-7.050801799999999,0 110.4711718,-7.051496199999999,0 110.4711159,-7.052088499999999,0 110.4709084,-7.0526531,0 110.4707425,-7.053066199999999,0 110.4707695,-7.0536035,0 110.4707941,-7.0538325,0 110.4706175,-7.053823699999999,0 110.470273,-7.053616700000001,0 110.4699697,-7.053547499999999,0 110.469763,-7.0534232,0 110.4694599,-7.0532438,0 110.4691842,-7.0531195,0 110.4688259,-7.0529262,0 110.4684813,-7.0527743,0 110.4681368,-7.0525948,0 110.4675304,-7.0522911,0 110.466979,-7.0521251,0 110.4665654,-7.052055799999999,0 110.4665334,-7.0520489,0 110.46607,-7.05211,0 110.46499,-7.05218,0 110.4648488,-7.0521631,0 110.4648629,-7.0521402,0 110.46478,-7.0521374,0 110.4646849,-7.0520659,0 110.4644866,-7.0518912,0 110.4644392,-7.051748400000001,0 110.4645504,-7.051677199999999,0 110.4647648,-7.051598199999999,0 110.4647967,-7.051415800000001,0 110.4646699,-7.0512809,0 110.464559,-7.0510428,0 110.4644561,-7.050789,0 110.4643238,-7.0505293,0 110.4642771,-7.050473700000001,0 110.4641009,-7.0503141,0 110.4638071,-7.0501795,0 110.4636055,-7.0501793,0 110.4633619,-7.050145400000001,0 110.4631268,-7.0500696,0 110.4629758,-7.049926800000001,0 110.4627912,-7.0498259,0 110.4626233,-7.0497334,0 110.4624385,-7.049708,0 110.4622117,-7.0497665,0 110.4621779,-7.049942699999999,0 110.4621778,-7.050035,0 110.4621608,-7.050211199999999,0 110.4620767,-7.0503034,0 110.4619422,-7.050412299999999,0 110.4619002,-7.050412299999999,0 110.4617406,-7.050345,0 110.4616568,-7.0502609,0 110.4614888,-7.050202,0 110.4613628,-7.0502019,0 110.4611276,-7.050251900000001,0 110.4610352,-7.050277,0 110.4609259,-7.050344,0 110.4608838,-7.0504531,0 110.4608584,-7.0505957,0 110.4608416,-7.050620800000001,0 110.4607492,-7.0506543,0 110.4606568,-7.050670999999999,0 110.4605391,-7.050696,0 110.4604792,-7.050755800000001,0 110.4604299,-7.0507714,0 110.4601612,-7.0506872,0 110.4599346,-7.0505694,0 110.4596911,-7.0504517,0 110.4594812,-7.0504263,0 110.4593384,-7.0504261,0 110.4591704,-7.050434299999999,0 110.4590696,-7.050451,0 110.4588848,-7.0504507,0 110.4587084,-7.050458900000001,0 110.4584313,-7.050425,0 110.4583809,-7.0503914,0 110.4583306,-7.050332599999999,0 110.4583306,-7.050265500000001,0 110.4583307,-7.0501984,0 110.4583308,-7.0501145,0 110.4582889,-7.050064099999999,0 110.4581713,-7.050021999999999,0 110.4580454,-7.050005,0 110.4579026,-7.0499881,0 110.4577851,-7.0499292,0 110.4577012,-7.0498704,0 110.4576341,-7.0497696,0 110.4574914,-7.049693900000001,0 110.4573822,-7.049677,0 110.4572395,-7.0496349,0 110.4570883,-7.0496179,0 110.4569623,-7.049617800000001,0 110.4568615,-7.0496177,0 110.4566431,-7.0496258,0 110.4565809,-7.0496257,0 110.456504,-7.0496379,0 110.4560754,-7.0496136,0 110.4555278,-7.049533600000001,0 110.4551944,-7.049533299999999,0 110.454877,-7.0494774,0 110.4545436,-7.049477,0 110.4542022,-7.0495321,0 110.453472,-7.0495075,0 110.4528212,-7.049475000000001,0 110.452194,-7.0495298,0 110.4520025,-7.049515,0 110.45191,-7.04953,0 110.45118,-7.049610000000001,0 110.4502,-7.0498,0 110.44876,-7.05019,0 110.44824,-7.050330000000001,0 110.4482398,-7.050334,0 110.4481723,-7.050333899999999,0 110.448158,-7.0503027,0 110.4481426,-7.050182900000001,0 110.4482,-7.0500736,0 110.4483252,-7.0499801,0 110.4483515,-7.0499548,0 110.4483992,-7.0498185,0 110.448409,-7.049604899999999,0 110.4483616,-7.0494719,0 110.4482478,-7.0492534,0 110.448115,-7.0490965,0 110.4480344,-7.0489255,0 110.4480489,-7.0487356,0 110.4480444,-7.0485315,0 110.4479922,-7.048427000000001,0 110.4478782,-7.0483604,0 110.4477832,-7.048317600000001,0 110.4476408,-7.048193899999999,0 110.4475269,-7.0480846,0 110.4475534,-7.0478259,0 110.4475678,-7.047640799999999,0 110.4474777,-7.0474793,0 110.4473685,-7.047379400000001,0 110.447326,-7.0472132,0 110.4473309,-7.0470281,0 110.4474334,-7.0468264,0 110.4475286,-7.0466699,0 110.4475382,-7.0465987,0 110.4475415,-7.0465994,0 110.4477515,-7.0466441,0 110.4477486,-7.0466371,0 110.4480204,-7.046627,0 110.4482932,-7.0466273,0 110.4486379,-7.046484299999999,0 110.4489917,-7.0463743,0 110.44901,-7.04639,0 110.44939,-7.04631,0 110.44951,-7.04626,0 110.44974,-7.04609,0 110.44998,-7.04601,0 110.45017,-7.045959999999999,0 110.45025,-7.04586,0 110.45027,-7.04576,0 110.45029,-7.04533,0 110.45031,-7.04525,0 110.4503363,-7.045171,0 110.4503373,-7.045111,0 110.4505249,-7.0446391,0 110.4507347,-7.0442591,0 110.4510272,-7.043670099999999,0 110.4511797,-7.043448500000001,0 110.4513321,-7.0432649,0 110.4514909,-7.043075,0 110.4516054,-7.042809,0 110.4517705,-7.0426381,0 110.4519799,-7.042612999999999,0 110.4522925,-7.0425468,0 110.4525847,-7.0424716,0 110.4526778,-7.0424363,0 110.453471,-7.042196500000001,0 110.4536487,-7.0421206,0 110.4536904,-7.042027,0 110.45384,-7.04142,0 110.45388,-7.04132,0 110.4539,-7.04115,0 110.45392,-7.04098,0 110.45391,-7.04054,0 110.45391,-7.04032,0 110.45391,-7.04026,0 110.4539544,-7.040272299999999,0 110.4540251,-7.0402517,0 110.4543675,-7.0403154,0 110.454729,-7.0403919,0 110.4549827,-7.040455599999999,0 110.4553378,-7.0404877,0 110.4554585,-7.040342,0 110.455706,-7.040272599999999,0 110.4559281,-7.0401652,0 110.4564103,-7.0400897,0 110.45681,-7.0400141,0 110.4571399,-7.0399448,0 110.4573345,-7.0399508,0 110.45741,-7.039940000000001,0 110.4575675,-7.039931899999999,0 110.4577425,-7.039901100000001,0 110.4581231,-7.0398699,0 110.4584277,-7.039762499999999,0 110.458707,-7.0396044,0 110.4588088,-7.0393764,0 110.458805,-7.0392105,0 110.4588022,-7.039207799999999,0 110.4586013,-7.038849,0 110.4581158,-7.0385117,0 110.4578885,-7.0381878,0 110.457819,-7.0377329,0 110.4578984,-7.0372257,0 110.4579164,-7.036762099999999,0 110.4582579,-7.0367625,0 110.4585034,-7.0363955,0 110.4586964,-7.036107,0 110.4589153,-7.0360548,0 110.4592041,-7.0361601,0 110.4594406,-7.0360642,0 110.4596246,-7.0359507,0 110.459686,-7.035837,0 110.4598611,-7.035811,0 110.4601589,-7.0357239,0 110.4604479,-7.0355843,0 110.4604482,-7.0353219,0 110.4604486,-7.0349895,0 110.4608597,-7.0352961,0 110.4614809,-7.035707900000001,0 110.4623643,-7.036373700000001,0 110.4629592,-7.036733,0 110.4632371,-7.037003699999999,0 110.4633518,-7.0367752,0 110.4634109,-7.0353344,0 110.463404,-7.0350692,0 110.4634496,-7.034865299999999,0 110.46355,-7.03478,0 110.4635497,-7.034773599999999,0 110.4641328,-7.0344521,0 110.4642412,-7.0327154,0 110.4642417,-7.0322546,0 110.4643604,-7.0319121,0 110.4644909,-7.0314988,0 110.4645615,-7.031806,0 110.4647244,-7.0319691,0 110.4649288,-7.0319596,0 110.4651,-7.0319408,0 110.4652206,-7.031940899999999,0 110.4653918,-7.031966499999999,0 110.4655249,-7.0320173,0 110.4655543,-7.032035199999999,0 110.4655993,-7.032027100000001,0 110.4657088,-7.0320872,0 110.4657816,-7.0321005,0 
					</coordinates>
				</LinearRing>
			</outerBoundaryIs>
		</Polygon>
	</Placemark>
	<Placemark>
		<name>DESNARUM JAYA AKASHA_SEMARANG_ST-ALASTUA</name>
		<description>ST: DESNARUM JAYA AKASHA_SEMARANG_ST-ALASTUA | Partner: DESNARUM JAYA AKASHA</description>
		<styleUrl>#m_ylw-pushpin</styleUrl>
		<Polygon>
			<outerBoundaryIs>
				<LinearRing>
					<coordinates>
						110.4713875,-7.0181231,0 110.47145,-7.018169999999999,0 110.47213,-7.01864,0 110.4723,-7.01871,0 110.4727,-7.01888,0 110.47276,-7.0189,0 110.47282,-7.018930000000001,0 110.4732,-7.01915,0 110.47326,-7.0192,0 110.4733224,-7.0192897,0 110.4733983,-7.0194913,0 110.4735041,-7.019710100000001,0 110.4736697,-7.0199024,0 110.4738023,-7.0200086,0 110.4738454,-7.0200239,0 110.47395,-7.0201,0 110.47414,-7.02014,0 110.4741941,-7.0201452,0 110.4742301,-7.0201931,0 110.4742583,-7.020212,0 110.4743724,-7.020247799999999,0 110.4745779,-7.020353999999999,0 110.47479,-7.0204536,0 110.4748337,-7.0204844,0 110.4748694,-7.020489600000001,0 110.4749267,-7.0205183,0 110.4750125,-7.0206138,0 110.4751174,-7.020728300000001,0 110.4752032,-7.0208334,0 110.4752414,-7.0208906,0 110.4752413,-7.020967000000001,0 110.4752411,-7.0211291,0 110.4752315,-7.0211768,0 110.4752123,-7.021224500000001,0 110.4751358,-7.0213389,0 110.4751357,-7.0214438,0 110.4751261,-7.0214724,0 110.475126,-7.0215583,0 110.4751451,-7.021606,0 110.4752691,-7.0217111,0 110.4753264,-7.0217302,0 110.4754027,-7.021778,0 110.47546,-7.021797099999999,0 110.4754981,-7.0217972,0 110.4755172,-7.021825800000001,0 110.4755554,-7.0218354,0 110.4756318,-7.021844999999999,0 110.4756591,-7.021844999999999,0 110.47582,-7.02196,0 110.4759979,-7.022041599999999,0 110.4760897,-7.0221794,0 110.4762569,-7.0225624,0 110.476259,-7.0225673,0 110.4762748,-7.0226033,0 110.4762752,-7.0226047,0 110.4764824,-7.0233261,0 110.4766392,-7.0237157,0 110.476796,-7.0240437,0 110.4769463,-7.0241805,0 110.4771035,-7.0242148,0 110.4771719,-7.0242149,0 110.4772744,-7.0242901,0 110.4773973,-7.0243586,0 110.477445,-7.0245226,0 110.4777042,-7.0250488,0 110.4778782,-7.025400800000001,0 110.4779052,-7.0256672,0 110.4779221,-7.025696200000001,0 110.4770906,-7.026917,0 110.4765815,-7.0274599,0 110.475635,-7.0277897,0 110.4744878,-7.027918400000001,0 110.4738492,-7.027905799999999,0 110.4735742,-7.0278878,0 110.473571,-7.0278972,0 110.4730806,-7.0278577,0 110.4726549,-7.027809999999999,0 110.4723121,-7.0277269,0 110.4721111,-7.027703,0 110.4717444,-7.0277853,0 110.471488,-7.027878899999999,0 110.471354,-7.0278676,0 110.471224,-7.027796600000001,0 110.4710821,-7.0278318,0 110.4707626,-7.0279614,0 110.4703131,-7.0280791,0 110.4702187,-7.027937199999999,0 110.4700769,-7.027783400000001,0 110.4699116,-7.027606,0 110.4694743,-7.0273574,0 110.4689189,-7.027014200000001,0 110.4683989,-7.0267418,0 110.4677428,-7.0266031,0 110.4677725,-7.0264086,0 110.4678067,-7.0260277,0 110.467844,-7.0256561,0 110.4678627,-7.0254657,0 110.4678661,-7.0253919,0 110.4678794,-7.025334400000001,0 110.4678876,-7.0252323,0 110.4679154,-7.0250327,0 110.4674222,-7.0248955,0 110.4672593,-7.02484,0 110.4670503,-7.0247753,0 110.4667369,-7.024692,0 110.4664572,-7.024602599999999,0 110.4660085,-7.024451600000001,0 110.4658057,-7.0243592,0 110.4657438,-7.0243252,0 110.4657414,-7.02433,0 110.4655845,-7.0242514,0 110.4653019,-7.0240791,0 110.4646306,-7.023696,0 110.4643541,-7.0235236,0 110.4638195,-7.0231882,0 110.4633372,-7.0228775,0 110.4629686,-7.0226344,0 110.46291,-7.0226,0 110.4629061,-7.0226,0 110.4628334,-7.022563600000001,0 110.4627135,-7.0225696,0 110.4626058,-7.0226616,0 110.4624673,-7.0228427,0 110.4621116,-7.0233291,0 110.4618592,-7.0236513,0 110.4614728,-7.024134599999999,0 110.4609431,-7.024908,0 110.4608631,-7.025021600000001,0 110.4607616,-7.0250522,0 110.4606612,-7.025050799999999,0 110.46055,-7.02504,0 110.45993,-7.02495,0 110.45984,-7.024939999999999,0 110.4598368,-7.0249311,0 110.4596857,-7.0249127,0 110.4596766,-7.0248359,0 110.4595953,-7.0246746,0 110.4594233,-7.024542299999999,0 110.459193,-7.0243424,0 110.4586693,-7.0239103,0 110.4584113,-7.0237257,0 110.4579182,-7.023419500000001,0 110.4576663,-7.023247200000001,0 110.4574175,-7.0230841,0 110.4572854,-7.0229734,0 110.4572123,-7.022916899999999,0 110.4572,-7.02291,0 110.45715,-7.022880000000001,0 110.45692,-7.022709999999999,0 110.45677,-7.02257,0 110.45653,-7.022310000000001,0 110.4564255,-7.0222537,0 110.4563339,-7.02223,0 110.4563256,-7.0221331,0 110.4563184,-7.0219924,0 110.4563854,-7.0217259,0 110.4564822,-7.0213557,0 110.4565507,-7.0209763,0 110.4564824,-7.020836200000001,0 110.4563748,-7.0205228,0 110.4563083,-7.0202146,0 110.4561802,-7.019854899999999,0 110.45612,-7.019627,0 110.45592,-7.01904,0 110.4559053,-7.019016799999999,0 110.455878,-7.0189147,0 110.4557138,-7.0186371,0 110.4554317,-7.0180924,0 110.4554027,-7.0180295,0 110.45579,-7.01808,0 110.45664,-7.01825,0 110.45691,-7.01829,0 110.45721,-7.01823,0 110.45734,-7.01821,0 110.4574,-7.01814,0 110.4574456,-7.018043,0 110.4575014,-7.0179875,0 110.4576752,-7.0176906,0 110.4579317,-7.0172618,0 110.4582461,-7.0167835,0 110.458351,-7.0166605,0 110.4583569,-7.016663400000001,0 110.4583785,-7.016626800000001,0 110.4586427,-7.0167427,0 110.4590223,-7.0169742,0 110.4590551,-7.0170054,0 110.45918,-7.01706,0 110.45936,-7.017189999999999,0 110.45973,-7.01747,0 110.46004,-7.017690000000001,0 110.46044,-7.017780000000001,0 110.4611,-7.017770000000001,0 110.46151,-7.017690000000001,0 110.46178,-7.01762,0 110.462,-7.01755,0 110.46241,-7.01746,0 110.46273,-7.01738,0 110.46302,-7.01733,0 110.46327,-7.01728,0 110.46379,-7.01722,0 110.46388,-7.01725,0 110.46403,-7.01734,0 110.46435,-7.01747,0 110.46473,-7.01759,0 110.46526,-7.01766,0 110.46556,-7.017690000000001,0 110.46606,-7.01779,0 110.466116,-7.01779,0 110.4661225,-7.017529,0 110.4661531,-7.0171748,0 110.4661759,-7.0169563,0 110.466229,-7.016722699999999,0 110.4663576,-7.0163912,0 110.4665315,-7.016044800000001,0 110.4667073,-7.0155897,0 110.46678,-7.01562,0 110.46689,-7.01566,0 110.46714,-7.01573,0 110.46746,-7.01583,0 110.46772,-7.01592,0 110.46942,-7.016540000000001,0 110.47003,-7.016689999999999,0 110.47015,-7.01682,0 110.47023,-7.01698,0 110.4706,-7.017440000000001,0 110.47089,-7.01775,0 110.4713875,-7.0181231,0 
					</coordinates>
				</LinearRing>
			</outerBoundaryIs>
		</Polygon>
	</Placemark>
	<Placemark>
		<name>DESNARUM JAYA AKASHA_SEMARANG_ST-ALASTUA</name>
		<description>ST: DESNARUM JAYA AKASHA_SEMARANG_ST-ALASTUA | Partner: DESNARUM JAYA AKASHA</description>
		<styleUrl>#m_ylw-pushpin</styleUrl>
		<Polygon>
			<outerBoundaryIs>
				<LinearRing>
					<coordinates>
						110.4874718,-7.004629,0 110.4874634,-7.0046514,0 110.4875254,-7.0047757,0 110.4876239,-7.0049039,0 110.48778,-7.00506,0 110.4880366,-7.005208299999999,0 110.4882952,-7.005392800000001,0 110.4884506,-7.0055728,0 110.4884864,-7.0056368,0 110.4884359,-7.0061466,0 110.4884159,-7.0062483,0 110.4882985,-7.006763300000001,0 110.4882691,-7.0069723,0 110.4883129,-7.0070161,0 110.4884732,-7.0071475,0 110.4885174,-7.007176299999999,0 110.4885163,-7.0071832,0 110.4885777,-7.0072618,0 110.4884652,-7.007815800000001,0 110.4883477,-7.0084961,0 110.4882549,-7.0089091,0 110.4881522,-7.0093659,0 110.4879691,-7.0100145,0 110.4878131,-7.0103011,0 110.4876692,-7.010663,0 110.4875813,-7.0110031,0 110.4874883,-7.0114891,0 110.4874515,-7.011763599999999,0 110.4874122,-7.011804700000001,0 110.48741,-7.01182,0 110.48724,-7.01202,0 110.48718,-7.012079999999999,0 110.48676,-7.01261,0 110.48665,-7.012739999999999,0 110.48651,-7.01306,0 110.4864,-7.013580000000001,0 110.48626,-7.014219999999999,0 110.48617,-7.014490000000001,0 110.48612,-7.0146,0 110.48595,-7.01496,0 110.48555,-7.01599,0 110.48553,-7.01624,0 110.48539,-7.01618,0 110.48424,-7.015699999999999,0 110.48388,-7.015549999999999,0 110.48379,-7.01552,0 110.48334,-7.01532,0 110.48301,-7.01518,0 110.48294,-7.01514,0 110.48203,-7.014730000000001,0 110.48178,-7.014640000000001,0 110.48168,-7.01459,0 110.48149,-7.01451,0 110.48124,-7.01441,0 110.48109,-7.01433,0 110.48091,-7.01425,0 110.48085,-7.01423,0 110.48076,-7.01419,0 110.48,-7.01387,0 110.47994,-7.01384,0 110.47932,-7.013580000000001,0 110.47925,-7.01355,0 110.47919,-7.01353,0 110.47867,-7.0133,0 110.47825,-7.01312,0 110.47788,-7.01297,0 110.47755,-7.012830000000001,0 110.47708,-7.01264,0 110.47688,-7.01255,0 110.47665,-7.01245,0 110.47626,-7.01227,0 110.47558,-7.01198,0 110.47529,-7.01185,0 110.47517,-7.01181,0 110.47502,-7.011739999999999,0 110.475,-7.01162,0 110.47502,-7.011190000000001,0 110.47502,-7.01095,0 110.4750255,-7.010889599999999,0 110.4751343,-7.010790700000001,0 110.4752306,-7.010713999999999,0 110.4753654,-7.010554000000001,0 110.4754617,-7.010387599999999,0 110.4755389,-7.010169900000001,0 110.4756225,-7.0099202,0 110.475793,-7.0093152,0 110.4758126,-7.0090462,0 110.4758257,-7.0087708,0 110.475967,-7.0084955,0 110.4760955,-7.0082523,0 110.4762465,-7.0079738,0 110.4763301,-7.0077113,0 110.4764073,-7.0075,0 110.4764588,-7.007301600000001,0 110.4765103,-7.0071159,0 110.4765938,-7.0069751,0 110.476671,-7.006744599999999,0 110.4767995,-7.0064821,0 110.4768509,-7.0063092,0 110.4769216,-7.0061684,0 110.4769474,-7.006014699999999,0 110.4769989,-7.005822599999999,0 110.4770632,-7.005662600000001,0 110.4771147,-7.0055089,0 110.4771468,-7.0053872,0 110.4771888,-7.0052827,0 110.47814,-7.00553,0 110.47873,-7.005660000000001,0 110.4787305,-7.0056582,0 110.4788197,-7.005683700000001,0 110.4789226,-7.0053572,0 110.4790513,-7.0049026,0 110.4791929,-7.0043968,0 110.4794232,-7.0037152,0 110.48012,-7.00387,0 110.48064,-7.00398,0 110.4807,-7.00393,0 110.48085,-7.00379,0 110.48097,-7.003839999999999,0 110.48113,-7.00389,0 110.4812,-7.00388,0 110.4813,-7.00372,0 110.48135,-7.003670000000001,0 110.48143,-7.00366,0 110.48191,-7.00365,0 110.48194,-7.00355,0 110.48199,-7.00348,0 110.48208,-7.00347,0 110.48219,-7.003499999999999,0 110.48229,-7.00354,0 110.48244,-7.0036,0 110.48253,-7.00361,0 110.4826,-7.00361,0 110.48268,-7.00356,0 110.48281,-7.00321,0 110.48285,-7.00313,0 110.4829832,-7.0031157,0 110.4831464,-7.003156699999999,0 110.4832988,-7.0031008,0 110.4834272,-7.002924800000001,0 110.4835476,-7.0027808,0 110.4835879,-7.002516499999999,0 110.4835721,-7.0023564,0 110.4835723,-7.0021402,0 110.4836286,-7.001956,0 110.4837251,-7.001659899999999,0 110.4838245,-7.00137,0 110.4839,-7.00141,0 110.4842,-7.00155,0 110.4845,-7.00174,0 110.48495,-7.0019,0 110.48531,-7.002,0 110.4854,-7.00203,0 110.4854152,-7.0020447,0 110.4855601,-7.0020623,0 110.4856882,-7.0021905,0 110.4859844,-7.002495099999999,0 110.4860563,-7.0026394,0 110.486072,-7.0029837,0 110.4860875,-7.0034322,0 110.4861274,-7.0036244,0 110.4862154,-7.0037847,0 110.4863158,-7.003985799999999,0 110.48633,-7.004,0 110.48681,-7.004259999999999,0 110.48697,-7.004340000000001,0 110.4871,-7.0044,0 110.4872,-7.00445,0 110.48736,-7.00455,0 110.48742,-7.004580000000001,0 110.4874193,-7.0045849,0 110.4874718,-7.004629,0 
					</coordinates>
				</LinearRing>
			</outerBoundaryIs>
		</Polygon>
	</Placemark>
	<Placemark>
		<name>DESNARUM JAYA AKASHA_SEMARANG_ST-ALASTUA</name>
		<description>ST: DESNARUM JAYA AKASHA_SEMARANG_ST-ALASTUA | Partner: DESNARUM JAYA AKASHA</description>
		<styleUrl>#m_ylw-pushpin</styleUrl>
		<Polygon>
			<outerBoundaryIs>
				<LinearRing>
					<coordinates>
						110.47502,-7.011739999999999,0 110.47517,-7.01181,0 110.47529,-7.01185,0 110.47558,-7.01198,0 110.47626,-7.01227,0 110.47665,-7.01245,0 110.47688,-7.01255,0 110.47708,-7.01264,0 110.47755,-7.012830000000001,0 110.47788,-7.01297,0 110.47825,-7.01312,0 110.47867,-7.0133,0 110.47919,-7.01353,0 110.47925,-7.01355,0 110.47932,-7.013580000000001,0 110.47994,-7.01384,0 110.48,-7.01387,0 110.48076,-7.01419,0 110.48085,-7.01423,0 110.48091,-7.01425,0 110.48109,-7.01433,0 110.48124,-7.01441,0 110.48149,-7.01451,0 110.48168,-7.01459,0 110.48178,-7.014640000000001,0 110.48203,-7.014730000000001,0 110.48294,-7.01514,0 110.48301,-7.01518,0 110.48334,-7.01532,0 110.48379,-7.01552,0 110.48388,-7.015549999999999,0 110.48424,-7.015699999999999,0 110.48539,-7.01618,0 110.48553,-7.01624,0 110.4855767,-7.0162659,0 110.4854528,-7.0166489,0 110.4854254,-7.016683,0 110.4853023,-7.0166966,0 110.4851656,-7.016716899999999,0 110.4850494,-7.0166895,0 110.4849332,-7.0166757,0 110.4848443,-7.0166551,0 110.4847212,-7.0166891,0 110.4845844,-7.0167982,0 110.4844544,-7.0168732,0 110.4842766,-7.0169277,0 110.4841261,-7.0169548,0 110.4840167,-7.0169752,0 110.4838594,-7.0169955,0 110.483791,-7.0170296,0 110.4836677,-7.0172754,0 110.4835307,-7.017480100000001,0 110.4833938,-7.0176849,0 110.4829932,-7.018248000000001,0 110.4827467,-7.0186439,0 110.4824043,-7.019121699999999,0 110.4819558,-7.0197052,0 110.4818805,-7.0197871,0 110.4817849,-7.019698200000001,0 110.4816002,-7.0198141,0 110.4813128,-7.020005,0 110.4810664,-7.0202711,0 110.4808645,-7.0205202,0 110.4806933,-7.020697599999999,0 110.4804606,-7.0209228,0 110.4802485,-7.0211275,0 110.4801252,-7.0212981,0 110.4799609,-7.0215028,0 110.4798856,-7.0216394,0 110.4798239,-7.0217759,0 110.4797006,-7.021987499999999,0 110.4795876,-7.022182099999999,0 110.4794779,-7.0224074,0 110.4794093,-7.0226463,0 110.4794158,-7.0229264,0 110.4794018,-7.0232133,0 110.4793605,-7.023431800000001,0 110.4792814,-7.0239406,0 110.4792674,-7.024234300000001,0 110.4792943,-7.0246168,0 110.4794169,-7.024992700000001,0 110.4797405,-7.026089300000001,0 110.479863,-7.0265403,0 110.4803565,-7.0284705,0 110.4808639,-7.030257200000001,0 110.4813508,-7.032023499999999,0 110.4817966,-7.033816999999999,0 110.4822562,-7.035535399999999,0 110.4828113,-7.0374315,0 110.4832369,-7.039047400000001,0 110.4834379,-7.039645299999999,0 110.4835472,-7.039761500000001,0 110.4837385,-7.0398437,0 110.4839085,-7.039879700000001,0 110.4837927,-7.0403083,0 110.4836625,-7.040540399999999,0 110.4836172,-7.040630799999999,0 110.48333,-7.040610000000001,0 110.4831,-7.04064,0 110.4829751,-7.0406301,0 110.482924,-7.0406352,0 110.4827257,-7.040648599999999,0 110.4823703,-7.0405731,0 110.4820217,-7.0404498,0 110.4814511,-7.0402066,0 110.4811642,-7.040015100000001,0 110.4810481,-7.039830500000001,0 110.4809868,-7.039680200000001,0 110.4810212,-7.0394753,0 110.4811893,-7.0389598,0 110.4814084,-7.038645800000001,0 110.4816482,-7.0382021,0 110.481751,-7.0379699,0 110.4817545,-7.0378846,0 110.4817068,-7.0377479,0 110.4816113,-7.0375292,0 110.4813859,-7.037351400000001,0 110.4811741,-7.037207699999999,0 110.4809862,-7.0371016,0 110.4808633,-7.0369785,0 110.4807883,-7.0367599,0 110.4807954,-7.0365891,0 110.480953,-7.0362751,0 110.481001,-7.036111199999999,0 110.4809773,-7.035937,0 110.4808066,-7.0357046,0 110.4805676,-7.0354311,0 110.4804244,-7.0351304,0 110.4803804,-7.0347102,0 110.4803397,-7.0344438,0 110.4803469,-7.0340886,0 110.4802993,-7.0338563,0 110.4801901,-7.033705899999999,0 110.4800641,-7.0332584,0 110.4799278,-7.032834700000001,0 110.4798393,-7.0324726,0 110.4797235,-7.032137800000001,0 110.4795977,-7.031471699999999,0 110.4795705,-7.031328200000001,0 110.4795162,-7.0310003,0 110.4794754,-7.030836300000001,0 110.4793389,-7.0305834,0 110.479346,-7.030357999999999,0 110.4793462,-7.0301804,0 110.4792747,-7.0298832,0 110.4791382,-7.029753300000001,0 110.4789948,-7.0295414,0 110.4789199,-7.0292817,0 110.4789065,-7.029070000000001,0 110.4788246,-7.0288649,0 110.4787428,-7.0287146,0 110.4787634,-7.0285848,0 110.478774,-7.028253599999999,0 110.4786864,-7.0271469,0 110.4786661,-7.0269488,0 110.4783897,-7.0264942,0 110.4782054,-7.0262413,0 110.4780485,-7.0259133,0 110.4779221,-7.025696200000001,0 110.4779052,-7.0256672,0 110.4778782,-7.025400800000001,0 110.4777042,-7.0250488,0 110.477445,-7.0245226,0 110.4773973,-7.0243586,0 110.4772744,-7.0242901,0 110.4771719,-7.0242149,0 110.4771035,-7.0242148,0 110.4769463,-7.0241805,0 110.476796,-7.0240437,0 110.4766392,-7.0237157,0 110.4764824,-7.0233261,0 110.4762752,-7.0226047,0 110.4762748,-7.0226033,0 110.476259,-7.0225673,0 110.4762569,-7.0225624,0 110.4760897,-7.0221794,0 110.4759979,-7.022041599999999,0 110.47582,-7.02196,0 110.4756591,-7.021844999999999,0 110.4756318,-7.021844999999999,0 110.4755554,-7.0218354,0 110.4755172,-7.021825800000001,0 110.4754981,-7.0217972,0 110.47546,-7.021797099999999,0 110.4754027,-7.021778,0 110.4753264,-7.0217302,0 110.4752691,-7.0217111,0 110.4751451,-7.021606,0 110.475126,-7.0215583,0 110.4751261,-7.0214724,0 110.4751357,-7.0214438,0 110.4751358,-7.0213389,0 110.4752123,-7.021224500000001,0 110.4752315,-7.0211768,0 110.4752411,-7.0211291,0 110.4752413,-7.020967000000001,0 110.4752414,-7.0208906,0 110.4752032,-7.0208334,0 110.4751174,-7.020728300000001,0 110.4750125,-7.0206138,0 110.4749267,-7.0205183,0 110.4748694,-7.020489600000001,0 110.4748337,-7.0204844,0 110.47479,-7.0204536,0 110.4745779,-7.020353999999999,0 110.4743724,-7.020247799999999,0 110.4742583,-7.020212,0 110.4742301,-7.0201931,0 110.4741941,-7.0201452,0 110.47414,-7.02014,0 110.47395,-7.0201,0 110.4738454,-7.0200239,0 110.4738023,-7.0200086,0 110.4736697,-7.0199024,0 110.4735041,-7.019710100000001,0 110.4733983,-7.0194913,0 110.4733224,-7.0192897,0 110.47326,-7.0192,0 110.4732,-7.01915,0 110.47282,-7.018930000000001,0 110.47276,-7.0189,0 110.4727,-7.01888,0 110.4723,-7.01871,0 110.47213,-7.01864,0 110.47145,-7.018169999999999,0 110.4713875,-7.0181231,0 110.4714336,-7.0180562,0 110.4715749,-7.017845,0 110.4716713,-7.0176273,0 110.471742,-7.017480100000001,0 110.471803,-7.017336000000001,0 110.4718353,-7.0171503,0 110.4718675,-7.017003,0 110.4719318,-7.0168686,0 110.4720025,-7.0166894,0 110.472054,-7.0164845,0 110.4721183,-7.0163244,0 110.4721249,-7.0161963,0 110.4720898,-7.0160522,0 110.4719939,-7.015783,0 110.4719237,-7.0155524,0 110.4719304,-7.0152322,0 110.4719371,-7.0149824,0 110.4719375,-7.0146749,0 110.4719474,-7.0143515,0 110.4719479,-7.013960800000001,0 110.4719674,-7.0136854,0 110.472019,-7.0134101,0 110.4720834,-7.013134700000001,0 110.4721607,-7.012795399999999,0 110.472283,-7.0124304,0 110.4723754,-7.0121867,0 110.47238,-7.01215,0 110.47253,-7.01165,0 110.47264,-7.01138,0 110.47267,-7.01128,0 110.472713,-7.011205899999999,0 110.4727595,-7.011073,0 110.47299,-7.01113,0 110.47368,-7.01129,0 110.47404,-7.01137,0 110.47452,-7.011509999999999,0 110.47502,-7.011739999999999,0 
					</coordinates>
				</LinearRing>
			</outerBoundaryIs>
		</Polygon>
	</Placemark>
	<Placemark>
		<name>DESNARUM JAYA AKASHA_SEMARANG_ST-ALASTUA</name>
		<description>ST: DESNARUM JAYA AKASHA_SEMARANG_ST-ALASTUA | Partner: DESNARUM JAYA AKASHA</description>
		<styleUrl>#m_ylw-pushpin</styleUrl>
		<Polygon>
			<outerBoundaryIs>
				<LinearRing>
					<coordinates>
						110.4887841953305,-7.016902027577057,0 110.4889432124153,-7.016653252579682,0 110.4896350565918,-7.016796787127086,0 110.4898491534131,-7.016638328782204,0 110.4900046855497,-7.016459131441241,0 110.4902768492128,-7.015860125997045,0 110.4905577183685,-7.015200035704887,0 110.4906305882242,-7.014820021597219,0 110.4904887932531,-7.014542158013589,0 110.4902671292946,-7.014315888625432,0 110.4901605374048,-7.014301625518789,0 110.4901793047878,-7.014211700126388,0 110.4900788857822,-7.013855849865324,0 110.4902446307482,-7.013287653260345,0 110.4907027331367,-7.01270794255756,0 110.4911917980683,-7.012364438136414,0 110.4913499772453,-7.011903039389717,0 110.4909308202125,-7.011300658824062,0 110.4910728871642,-7.010736119344497,0 110.4913506198774,-7.010217091971304,0 110.4915185243173,-7.009318700376158,0 110.4916709732681,-7.00871376212441,0 110.4919795395475,-7.007812563704568,0 110.4920929327297,-7.007254126920192,0 110.4919893104495,-7.006784312754567,0 110.4918937997671,-7.005697844670104,0 110.4921249672939,-7.00563643401156,0 110.4920385541143,-7.005177715936409,0 110.4919583273719,-7.005149431926463,0 110.4920801399932,-7.004530267410871,0 110.4926037794388,-7.003923036328849,0 110.4930066410619,-7.003568472816593,0 110.493407522982,-7.003050888195285,0 110.4939735576558,-7.002346875845697,0 110.4947075186241,-7.001532173495719,0 110.4938471334675,-7.000770565821024,0 110.4929013078486,-7.001643625791982,0 110.4921120047714,-7.002149186518388,0 110.4914652447108,-7.002484318923759,0 110.490901269052,-7.00360909561301,0 110.4905252363234,-7.003522856210864,0 110.4901886196368,-7.002783584248414,0 110.4895375114795,-7.003230924928546,0 110.4895481986627,-7.003333820864318,0 110.4891236785526,-7.003127669928612,0 110.489082175398,-7.002855924096123,0 110.4892070469459,-7.002605991141334,0 110.4895008773997,-7.002743311503038,0 110.4897924199994,-7.00241106246919,0 110.4894249909085,-7.002042135423662,0 110.4903283899265,-7.001129559980059,0 110.4904616459689,-7.000796343632775,0 110.4906754738352,-7.000822104971615,0 110.4907765815935,-7.000381253916615,0 110.4905606326678,-7.000259134736696,0 110.4915136876715,-6.998672944146301,0 110.4909476630363,-6.998238130347342,0 110.4907289593642,-6.999210542900967,0 110.490343303089,-7.00008384745159,0 110.4901000422843,-7.000905402287734,0 110.4891365528321,-7.001905708673432,0 110.4883520425726,-7.002812240514289,0 110.4877559362288,-7.003731272557252,0 110.4874406722646,-7.003720622598247,0 110.487197278267,-7.003682004326584,0 110.4862857265353,-7.003483777275274,0 110.4849451539935,-7.002825644305209,0 110.4842581224723,-7.003034317769864,0 110.4836948883982,-7.003694199516633,0 110.4836827418589,-7.00416783665313,0 110.483506793221,-7.004422761093327,0 110.4822947412511,-7.004386532990865,0 110.4812797748204,-7.004646193051592,0 110.4804722374547,-7.005093508733616,0 110.4802968301778,-7.006502770167833,0 110.480834395182,-7.007158581366989,0 110.4807776222029,-7.008657792353043,0 110.4820786007085,-7.009244526713075,0 110.4837321751195,-7.01007167917892,0 110.4853683695298,-7.006920593972551,0 110.4866677137765,-7.007482129578245,0 110.4866668135578,-7.008010756338377,0 110.4860154484545,-7.008035326864722,0 110.4857636108027,-7.008627937200265,0 110.4868261337766,-7.008900303575165,0 110.4870936988531,-7.008981952542666,0 110.4872800468041,-7.009133231242512,0 110.4864420026692,-7.011790003272991,0 110.4869613329701,-7.012041752861422,0 110.4869312639,-7.012268389439499,0 110.4865947166417,-7.012748748281236,0 110.486148570629,-7.012492757814187,0 110.485902765788,-7.013404833449343,0 110.4855679026558,-7.014324010623286,0 110.4849944564815,-7.015945832658232,0 110.4854904586534,-7.016130772570093,0 110.4869109523023,-7.016772752989988,0 110.4891994930709,-7.017877630402118,0 110.4894126427678,-7.017187765795174,0 110.4887841953305,-7.016902027577057,0 
					</coordinates>
				</LinearRing>
			</outerBoundaryIs>
		</Polygon>
	</Placemark>
	<Placemark>
		<name>DESNARUM JAYA AKASHA_SEMARANG_ST-ALASTUA</name>
		<description>ST: DESNARUM JAYA AKASHA_SEMARANG_ST-ALASTUA | Partner: DESNARUM JAYA AKASHA</description>
		<styleUrl>#m_ylw-pushpin</styleUrl>
		<Polygon>
			<outerBoundaryIs>
				<LinearRing>
					<coordinates>
						110.4731187,-6.9964723,0 110.4731274,-6.996475099999999,0 110.4731212,-6.9965853,0 110.4732635,-6.9965953,0 110.4741491,-6.9966644,0 110.4744696,-6.9967368,0 110.4748222,-6.9967773,0 110.4750947,-6.9967696,0 110.4755515,-6.9967861,0 110.475832,-6.9967864,0 110.4760403,-6.9968347,0 110.4763007,-6.9969431,0 110.4766211,-6.9970876,0 110.4768455,-6.9971278,0 110.477142,-6.997184200000001,0 110.4775186,-6.997224700000001,0 110.4778151,-6.9972971,0 110.4780955,-6.9973615,0 110.4783359,-6.9974338,0 110.4788005,-6.9976345,0 110.4797217,-6.998059900000001,0 110.4800261,-6.998236499999999,0 110.4796349,-6.999233599999999,0 110.4799227,-6.9993892,0 110.4810325,-6.9998562,0 110.4817144,-7.000114400000001,0 110.4825327,-7.000297,0 110.4830101,-7.0004187,0 110.4830475,-7.000842799999999,0 110.4830949,-7.0010211,0 110.48373,-7.00132,0 110.4838245,-7.00137,0 110.4837251,-7.001659899999999,0 110.4836286,-7.001956,0 110.4835723,-7.0021402,0 110.4835721,-7.0023564,0 110.4835879,-7.002516499999999,0 110.4835476,-7.0027808,0 110.4834272,-7.002924800000001,0 110.4832988,-7.0031008,0 110.4831464,-7.003156699999999,0 110.4829832,-7.0031157,0 110.48285,-7.00313,0 110.48281,-7.00321,0 110.48268,-7.00356,0 110.4826,-7.00361,0 110.48253,-7.00361,0 110.48244,-7.0036,0 110.48229,-7.00354,0 110.48219,-7.003499999999999,0 110.48208,-7.00347,0 110.48199,-7.00348,0 110.48194,-7.00355,0 110.48191,-7.00365,0 110.48143,-7.00366,0 110.48135,-7.003670000000001,0 110.4813,-7.00372,0 110.4812,-7.00388,0 110.48113,-7.00389,0 110.48097,-7.003839999999999,0 110.48085,-7.00379,0 110.4807,-7.00393,0 110.48064,-7.00398,0 110.48012,-7.00387,0 110.4794232,-7.0037152,0 110.4791929,-7.0043968,0 110.4790513,-7.0049026,0 110.4789226,-7.0053572,0 110.4788197,-7.005683700000001,0 110.4787305,-7.0056582,0 110.47873,-7.005660000000001,0 110.47814,-7.00553,0 110.4771888,-7.0052827,0 110.4771468,-7.0053872,0 110.4771147,-7.0055089,0 110.4770632,-7.005662600000001,0 110.4769989,-7.005822599999999,0 110.4769474,-7.006014699999999,0 110.4769216,-7.0061684,0 110.4768509,-7.0063092,0 110.4767995,-7.0064821,0 110.476671,-7.006744599999999,0 110.4765938,-7.0069751,0 110.4765103,-7.0071159,0 110.4764588,-7.007301600000001,0 110.4764073,-7.0075,0 110.4763301,-7.0077113,0 110.4762465,-7.0079738,0 110.4760955,-7.0082523,0 110.475967,-7.0084955,0 110.4758257,-7.0087708,0 110.4758126,-7.0090462,0 110.475793,-7.0093152,0 110.4756225,-7.0099202,0 110.4755389,-7.010169900000001,0 110.4754617,-7.010387599999999,0 110.4753654,-7.010554000000001,0 110.4752306,-7.010713999999999,0 110.4751343,-7.010790700000001,0 110.4750255,-7.010889599999999,0 110.47502,-7.01095,0 110.47502,-7.011190000000001,0 110.475,-7.01162,0 110.47502,-7.011739999999999,0 110.47452,-7.011509999999999,0 110.47404,-7.01137,0 110.47368,-7.01129,0 110.47299,-7.01113,0 110.4727595,-7.011073,0 110.47205,-7.01088,0 110.47183,-7.01082,0 110.47193,-7.01033,0 110.47211,-7.009689999999999,0 110.47224,-7.009290000000001,0 110.47231,-7.00906,0 110.4724,-7.00867,0 110.47243,-7.008540000000001,0 110.4725,-7.00831,0 110.47255,-7.008119999999999,0 110.47255,-7.008073699999999,0 110.4725655,-7.008001700000001,0 110.4725335,-7.0079055,0 110.4722854,-7.007625,0 110.4717571,-7.0070158,0 110.4709446,-7.006138000000001,0 110.4702482,-7.0053445,0 110.4694518,-7.0044107,0 110.4688114,-7.003641199999999,0 110.4680952,-7.002675400000001,0 110.4662463,-7.0004472,0 110.4657341,-6.99983,0 110.4656486,-6.9996443,0 110.4656526,-6.9996385,0 110.4657111,-6.9995555,0 110.4657641,-6.9994199,0 110.465787,-6.9991637,0 110.465822,-6.9982705,0 110.4658072,-6.9980142,0 110.465815,-6.9977127,0 110.4658229,-6.997464,0 110.4658383,-6.997139900000001,0 110.4658575,-6.996902500000001,0 110.465752,-6.9967818,0 110.4656767,-6.9966686,0 110.4656466,-6.9965329,0 110.4656695,-6.996337,0 110.4657225,-6.996148600000001,0 110.4658132,-6.996028100000001,0 110.4658435,-6.9959452,0 110.4658663,-6.9957945,0 110.4659041,-6.9956589,0 110.4659646,-6.9955534,0 110.465995,-6.9953726,0 110.4659576,-6.9950635,0 110.4659155,-6.9947739,0 110.4659007,-6.9947723,0 110.4658984,-6.9947501,0 110.4661847,-6.9947736,0 110.4665052,-6.994822,0 110.4667937,-6.9948544,0 110.4669059,-6.9948705,0 110.4670581,-6.9949347,0 110.4673144,-6.9950151,0 110.4674907,-6.9950794,0 110.467771,-6.9952158,0 110.4680114,-6.9953122,0 110.4682277,-6.995368499999999,0 110.4685082,-6.9954088,0 110.4688207,-6.995465299999999,0 110.4691573,-6.9955057,0 110.4694938,-6.995554099999999,0 110.470191,-6.995667000000001,0 110.4706076,-6.9957796,0 110.4708559,-6.9958679,0 110.4710563,-6.9959082,0 110.4714449,-6.995952699999999,0 110.4717013,-6.996000999999999,0 110.4718937,-6.9960172,0 110.4720299,-6.996041399999999,0 110.4721501,-6.996081599999999,0 110.4724064,-6.996202000000001,0 110.4725746,-6.9962823,0 110.4728951,-6.9964027,0 110.4729188,-6.9964146,0 110.4729187,-6.9964101,0 110.4731187,-6.9964723,0 
					</coordinates>
				</LinearRing>
			</outerBoundaryIs>
		</Polygon>
	</Placemark>
	<Placemark>
		<name>DESNARUM JAYA AKASHA_SEMARANG_ST-ALASTUA</name>
		<description>ST: DESNARUM JAYA AKASHA_SEMARANG_ST-ALASTUA | Partner: DESNARUM JAYA AKASHA</description>
		<styleUrl>#m_ylw-pushpin</styleUrl>
		<Polygon>
			<outerBoundaryIs>
				<LinearRing>
					<coordinates>
						110.4516895,-7.0040685,0 110.4519204,-7.0042632,0 110.451916,-7.004268,0 110.4522959,-7.004533700000001,0 110.4528612,-7.0049338,0 110.4532759,-7.0051906,0 110.4538865,-7.0055154,0 110.4543239,-7.0057194,0 110.4547612,-7.005885700000001,0 110.4553042,-7.006059699999999,0 110.4557341,-7.0061657,0 110.4573593,-7.006638700000001,0 110.45778,-7.0067583,0 110.45778,-7.0067639,0 110.4579149,-7.0067982,0 110.458795,-7.0070371,0 110.4591923,-7.0071641,0 110.45952,-7.00725,0 110.45961,-7.00728,0 110.45976,-7.00734,0 110.46007,-7.00743,0 110.46058,-7.00758,0 110.46077,-7.007639999999999,0 110.46106,-7.00773,0 110.46155,-7.00786,0 110.46283,-7.00823,0 110.46341,-7.0084,0 110.46453,-7.008720000000001,0 110.46459,-7.00874,0 110.46472,-7.00877,0 110.46518,-7.0089,0 110.46545,-7.00899,0 110.46583,-7.0091,0 110.46639,-7.00928,0 110.46749,-7.00957,0 110.46758,-7.009599999999999,0 110.46813,-7.00975,0 110.46821,-7.009770000000001,0 110.46833,-7.00981,0 110.46843,-7.009839999999999,0 110.46868,-7.00992,0 110.4691,-7.01004,0 110.46959,-7.010190000000001,0 110.46983,-7.010259999999999,0 110.47031,-7.01039,0 110.47107,-7.01061,0 110.47183,-7.01082,0 110.47205,-7.01088,0 110.4727595,-7.011073,0 110.472713,-7.011205899999999,0 110.47267,-7.01128,0 110.47264,-7.01138,0 110.47253,-7.01165,0 110.47238,-7.01215,0 110.4723754,-7.0121867,0 110.472283,-7.0124304,0 110.4721607,-7.012795399999999,0 110.4720834,-7.013134700000001,0 110.472019,-7.0134101,0 110.4719674,-7.0136854,0 110.4719479,-7.013960800000001,0 110.4719474,-7.0143515,0 110.4719375,-7.0146749,0 110.4719371,-7.0149824,0 110.4719304,-7.0152322,0 110.4719237,-7.0155524,0 110.4719939,-7.015783,0 110.4720898,-7.0160522,0 110.4721249,-7.0161963,0 110.4721183,-7.0163244,0 110.472054,-7.0164845,0 110.4720025,-7.0166894,0 110.4719318,-7.0168686,0 110.4718675,-7.017003,0 110.4718353,-7.0171503,0 110.471803,-7.017336000000001,0 110.471742,-7.017480100000001,0 110.4716713,-7.0176273,0 110.4715749,-7.017845,0 110.4714336,-7.0180562,0 110.4713875,-7.0181231,0 110.47089,-7.01775,0 110.4706,-7.017440000000001,0 110.47023,-7.01698,0 110.47015,-7.01682,0 110.47003,-7.016689999999999,0 110.46942,-7.016540000000001,0 110.46772,-7.01592,0 110.46746,-7.01583,0 110.46714,-7.01573,0 110.46689,-7.01566,0 110.46678,-7.01562,0 110.4667073,-7.0155897,0 110.46666,-7.01557,0 110.46621,-7.015369999999999,0 110.46608,-7.01532,0 110.46575,-7.01519,0 110.46555,-7.01517,0 110.46543,-7.015119999999999,0 110.46521,-7.01505,0 110.46502,-7.01498,0 110.4649797,-7.0149643,0 110.4648454,-7.014941500000001,0 110.4645487,-7.014818700000001,0 110.4642662,-7.0146395,0 110.4639884,-7.0144085,0 110.4638364,-7.0143293,0 110.46381,-7.01432,0 110.4636,-7.01432,0 110.46337,-7.01425,0 110.4632924,-7.0142241,0 110.4632253,-7.014224,0 110.4629709,-7.0141531,0 110.4625611,-7.0140679,0 110.4623068,-7.013964100000001,0 110.4622739,-7.013860500000001,0 110.4621164,-7.013566,0 110.4619893,-7.0133964,0 110.4618766,-7.0130903,0 110.4618581,-7.0128266,0 110.4618772,-7.012539500000001,0 110.461854,-7.012294699999999,0 110.4617176,-7.012045000000001,0 110.4615866,-7.0118566,0 110.46155,-7.01182,0 110.4614913,-7.011761300000001,0 110.4614447,-7.0116633,0 110.4613036,-7.0115172,0 110.4611387,-7.011441700000001,0 110.460809,-7.0113425,0 110.460517,-7.0112527,0 110.4603924,-7.011234,0 110.4601667,-7.011145699999999,0 110.4601166,-7.011092200000001,0 110.4598577,-7.010927099999999,0 110.4596457,-7.0108327,0 110.4595238,-7.010797,0 110.4594413,-7.0107495,0 110.4593914,-7.010738299999999,0 110.4591512,-7.0106815,0 110.4589157,-7.0105871,0 110.4588525,-7.010549100000001,0 110.4588352,-7.0105517,0 110.4588168,-7.0105399,0 110.4586378,-7.0104644,0 110.4583976,-7.010426400000001,0 110.4580866,-7.0104072,0 110.4577852,-7.0102845,0 110.4572953,-7.0101286,0 110.4571952,-7.010096099999999,0 110.4571916,-7.0100872,0 110.457154,-7.0100766,0 110.4569986,-7.0100011,0 110.4568338,-7.0098926,0 110.456622,-7.0096711,0 110.4563914,-7.0094825,0 110.456209,-7.00938,0 110.45594,-7.0093,0 110.45567,-7.00917,0 110.4554713,-7.0090891,0 110.4553542,-7.0090192,0 110.4550553,-7.0089303,0 110.4546899,-7.0088856,0 110.4544741,-7.0088676,0 110.4543179,-7.0088284,0 110.4541014,-7.0088115,0 110.4538794,-7.0087503,0 110.4536964,-7.0086447,0 110.4535855,-7.008472600000001,0 110.4535025,-7.0082562,0 110.4533794,-7.0081164,0 110.45337,-7.00811,0 110.45318,-7.00798,0 110.45301,-7.00791,0 110.4529215,-7.0079089,0 110.452859,-7.0078839,0 110.4527037,-7.0078393,0 110.4525038,-7.007811399999999,0 110.4522208,-7.007805500000001,0 110.4518765,-7.0078495,0 110.4516889,-7.0078209,0 110.45165,-7.0078,0 110.45144,-7.00768,0 110.45028,-7.007,0 110.45004,-7.00684,0 110.44978,-7.0066,0 110.44971,-7.006459999999999,0 110.4495791,-7.006205300000001,0 110.4495498,-7.006148099999999,0 110.4495401,-7.0061293,0 110.4516816,-7.0040619,0 110.4516895,-7.0040685,0 
					</coordinates>
				</LinearRing>
			</outerBoundaryIs>
		</Polygon>
	</Placemark>
	<Placemark>
		<name>DESNARUM JAYA AKASHA_SEMARANG_ST-ALASTUA</name>
		<description>ST: DESNARUM JAYA AKASHA_SEMARANG_ST-ALASTUA | Partner: DESNARUM JAYA AKASHA</description>
		<styleUrl>#m_ylw-pushpin</styleUrl>
		<Polygon>
			<outerBoundaryIs>
				<LinearRing>
					<coordinates>
						110.4691802532454,-6.989962380922933,0 110.4683921724819,-6.989854674862658,0 110.4675526908516,-6.990155085270744,0 110.4662791655368,-6.989944694454077,0 110.4657823214454,-6.990964994068418,0 110.4658965319206,-6.992141948146601,0 110.4669359124668,-6.992555755659092,0 110.4672442976959,-6.992085290907418,0 110.4675812351663,-6.991818885270875,0 110.4684076886681,-6.992174398755987,0 110.4687446311638,-6.992565523310691,0 110.4691957882342,-6.993421447416492,0 110.4682135267025,-6.993432771852446,0 110.467511088361,-6.994146969465736,0 110.4673625997543,-6.99520127264276,0 110.4670827267181,-6.997479940376174,0 110.4675852862791,-6.997865387017352,0 110.4701494745587,-6.997944731306943,0 110.4704064634492,-6.997508269880404,0 110.4705777894433,-6.99681673879692,0 110.473119094792,-6.997179510495251,0 110.4732488335142,-6.99626744349993,0 110.4745326361028,-6.99613858117899,0 110.4770749832539,-6.996571668410171,0 110.4769093818534,-6.997137872517181,0 110.4784672507503,-6.997499371793786,0 110.4786908201188,-6.996479265267914,0 110.4783734740213,-6.996285986128014,0 110.4790586368668,-6.994664543058621,0 110.4792389318225,-6.994000561292887,0 110.4757085105866,-6.993585394525906,0 110.4747752320609,-6.994345138054057,0 110.4740042584624,-6.994197760307134,0 110.4737758160675,-6.993438209415878,0 110.472622236625,-6.993398533618027,0 110.4724337845926,-6.993954023243221,0 110.471702808032,-6.993738629448169,0 110.4718912591645,-6.992128848548771,0 110.4709718348171,-6.991834100800514,0 110.4708918849469,-6.991635712000947,0 110.471320187904,-6.991647048527621,0 110.4713886740762,-6.990658137136739,0 110.4729431810275,-6.990437580513015,0 110.4731111609363,-6.990368695183351,0 110.4735083040974,-6.989262397214478,0 110.4725767475698,-6.988973466636277,0 110.4712765979817,-6.988911345756888,0 110.4704838572913,-6.988916160690832,0 110.4693385622029,-6.98936270825026,0 110.4691802532454,-6.989962380922933,0 
					</coordinates>
				</LinearRing>
			</outerBoundaryIs>
		</Polygon>
	</Placemark>
	<Placemark>
		<name>DESNARUM JAYA AKASHA_SEMARANG_ST-ALASTUA</name>
		<description>ST: DESNARUM JAYA AKASHA_SEMARANG_ST-ALASTUA | Partner: DESNARUM JAYA AKASHA</description>
		<styleUrl>#m_ylw-pushpin</styleUrl>
		<Polygon>
			<outerBoundaryIs>
				<LinearRing>
					<coordinates>
						110.4702187,-7.027937199999999,0 110.4703131,-7.0280791,0 110.4707626,-7.0279614,0 110.4710821,-7.0278318,0 110.471224,-7.027796600000001,0 110.471354,-7.0278676,0 110.471488,-7.027878899999999,0 110.4717444,-7.0277853,0 110.4721111,-7.027703,0 110.4723121,-7.0277269,0 110.4726549,-7.027809999999999,0 110.4730806,-7.0278577,0 110.473571,-7.0278972,0 110.4735742,-7.0278878,0 110.4738492,-7.027905799999999,0 110.4744878,-7.027918400000001,0 110.475635,-7.0277897,0 110.4765815,-7.0274599,0 110.4770906,-7.026917,0 110.4779221,-7.025696200000001,0 110.4780485,-7.0259133,0 110.4782054,-7.0262413,0 110.4783897,-7.0264942,0 110.4786661,-7.0269488,0 110.4786864,-7.0271469,0 110.478774,-7.028253599999999,0 110.4787634,-7.0285848,0 110.4787428,-7.0287146,0 110.4788246,-7.0288649,0 110.4789065,-7.029070000000001,0 110.4789199,-7.0292817,0 110.4789948,-7.0295414,0 110.4791382,-7.029753300000001,0 110.4792747,-7.0298832,0 110.4793462,-7.0301804,0 110.479346,-7.030357999999999,0 110.4793389,-7.0305834,0 110.4794754,-7.030836300000001,0 110.4795162,-7.0310003,0 110.4795705,-7.031328200000001,0 110.4795977,-7.031471699999999,0 110.4797235,-7.032137800000001,0 110.4798393,-7.0324726,0 110.4799278,-7.032834700000001,0 110.4800641,-7.0332584,0 110.4801901,-7.033705899999999,0 110.4802993,-7.0338563,0 110.4803469,-7.0340886,0 110.4803397,-7.0344438,0 110.4803804,-7.0347102,0 110.4804244,-7.0351304,0 110.4805676,-7.0354311,0 110.4808066,-7.0357046,0 110.4809773,-7.035937,0 110.481001,-7.036111199999999,0 110.480953,-7.0362751,0 110.4807954,-7.0365891,0 110.4807883,-7.0367599,0 110.4808633,-7.0369785,0 110.4809862,-7.0371016,0 110.4811741,-7.037207699999999,0 110.4813859,-7.037351400000001,0 110.4816113,-7.0375292,0 110.4817068,-7.0377479,0 110.4817545,-7.0378846,0 110.481751,-7.0379699,0 110.4816482,-7.0382021,0 110.4814084,-7.038645800000001,0 110.4811893,-7.0389598,0 110.4810212,-7.0394753,0 110.4809868,-7.039680200000001,0 110.4810481,-7.039830500000001,0 110.4811642,-7.040015100000001,0 110.4814511,-7.0402066,0 110.4820217,-7.0404498,0 110.4823703,-7.0405731,0 110.4827257,-7.040648599999999,0 110.482924,-7.0406352,0 110.4829751,-7.0406301,0 110.4831,-7.04064,0 110.48333,-7.040610000000001,0 110.4836172,-7.040630799999999,0 110.4836482,-7.0406331,0 110.4836417,-7.0408477,0 110.483662,-7.041066300000001,0 110.4835728,-7.041305299999999,0 110.4834016,-7.0415373,0 110.4831688,-7.0418308,0 110.4830866,-7.042021999999999,0 110.483059,-7.0422269,0 110.4831272,-7.042390899999999,0 110.4832775,-7.042500299999999,0 110.4835235,-7.0425826,0 110.4838038,-7.042651200000001,0 110.484084,-7.0427676,0 110.4843778,-7.042925,0 110.4845554,-7.043096,0 110.48475,-7.0433523,0 110.4848181,-7.04353,0 110.4848316,-7.0436871,0 110.4847906,-7.043734899999999,0 110.4846537,-7.0438509,0 110.4844075,-7.0438916,0 110.4839563,-7.0438364,0 110.4834299,-7.0437881,0 110.4828215,-7.043712199999999,0 110.4823634,-7.0436708,0 110.4819737,-7.043683999999999,0 110.4817446,-7.043762300000001,0 110.4814299,-7.0438985,0 110.4812725,-7.0440281,0 110.4811698,-7.0442056,0 110.4811696,-7.0443901,0 110.4812718,-7.044649700000001,0 110.4815997,-7.0448892,0 110.4819619,-7.0451013,0 110.4822694,-7.0452656,0 110.4825222,-7.045354700000001,0 110.4826795,-7.0453685,0 110.4828213,-7.0453687,0 110.4829178,-7.045394899999999,0 110.4831085,-7.0454182,0 110.4834519,-7.0454073,0 110.483688,-7.0453912,0 110.4838075,-7.0454381,0 110.4838895,-7.0455543,0 110.4838893,-7.0457387,0 110.4838071,-7.0458411,0 110.483636,-7.0459502,0 110.4835129,-7.045991,0 110.4831232,-7.0460042,0 110.4828839,-7.046024499999999,0 110.4826924,-7.0460789,0 110.4825623,-7.046229,0 110.4825485,-7.0463793,0 110.482562,-7.0465227,0 110.4826371,-7.046604799999999,0 110.4827943,-7.046632300000001,0 110.4829721,-7.0466188,0 110.4830227,-7.046602,0 110.483029,-7.0466076,0 110.4831085,-7.0466776,0 110.4832916,-7.0466776,0 110.4835892,-7.046700900000001,0 110.4836126,-7.046703800000001,0 110.4836186,-7.0467046,0 110.4836077,-7.046817599999999,0 110.4835529,-7.046967799999999,0 110.4832105,-7.0474661,0 110.4831076,-7.0476982,0 110.4830185,-7.0479235,0 110.482943,-7.048169300000001,0 110.4829155,-7.0483196,0 110.4829359,-7.0484152,0 110.4829769,-7.0484699,0 110.4830862,-7.0485247,0 110.4832434,-7.048559,0 110.483452,-7.0486069,0 110.4834576,-7.0486196,0 110.4834747,-7.0486583,0 110.4835739,-7.0487041,0 110.4837204,-7.048724699999999,0 110.4837659,-7.048731100000001,0 110.483818,-7.0487385,0 110.4840851,-7.0487504,0 110.4842072,-7.048773299999999,0 110.4843216,-7.0488653,0 110.4845047,-7.0490141,0 110.4845962,-7.0491056,0 110.484848,-7.0492549,0 110.4850769,-7.049404099999999,0 110.4853058,-7.0495872,0 110.4855347,-7.0498852,0 110.4856717,-7.050057000000001,0 110.485672,-7.0500574,0 110.4857712,-7.0503511,0 110.4858932,-7.050947599999999,0 110.4859619,-7.051544700000001,0 110.4860077,-7.0519919,0 110.4859619,-7.0522008,0 110.4858169,-7.052454400000001,0 110.4856339,-7.0527673,0 110.4854736,-7.0530057,0 110.4853363,-7.053274099999999,0 110.4852295,-7.053393299999999,0 110.4850998,-7.0534229,0 110.4849319,-7.053408100000001,0 110.4848543,-7.0533875,0 110.484835,-7.0533824,0 110.4846497,-7.0533332,0 110.4844131,-7.053138700000001,0 110.4842148,-7.052899799999999,0 110.4841995,-7.052751,0 110.48423,-7.052587,0 110.4844284,-7.052392899999999,0 110.4846039,-7.0522589,0 110.484787,-7.052139699999999,0 110.4849167,-7.0520205,0 110.4849319,-7.0519166,0 110.4849167,-7.0517373,0 110.4848175,-7.0515733,0 110.4846191,-7.051423999999999,0 110.4842758,-7.051244199999999,0 110.4840393,-7.051169399999999,0 110.4837417,-7.051109800000001,0 110.4837157,-7.0511097,0 110.483706,-7.0511097,0 110.483521,-7.051032,0 110.4832544,-7.0509975,0 110.4828921,-7.050983500000001,0 110.4826254,-7.0510105,0 110.482468,-7.051099100000001,0 110.482338,-7.0512356,0 110.4822626,-7.051338,0 110.4821667,-7.0515701,0 110.4821733,-7.0517477,0 110.4822756,-7.051973199999999,0 110.4823437,-7.0521851,0 110.4824256,-7.0523491,0 110.4824733,-7.0525336,0 110.4824594,-7.052656499999999,0 110.4823842,-7.0527315,0 110.4822679,-7.0527656,0 110.4821722,-7.052738100000001,0 110.4820355,-7.052656,0 110.4817758,-7.052607900000001,0 110.481516,-7.052594000000001,0 110.4813177,-7.0526211,0 110.4811193,-7.0526755,0 110.480962,-7.052771,0 110.4808114,-7.052866399999999,0 110.480654,-7.053037,0 110.480476,-7.0531871,0 110.4803255,-7.053282500000001,0 110.4801886,-7.0533985,0 110.4801441,-7.053487199999999,0 110.4801419,-7.0534867,0 110.4801445,-7.053529,0 110.4801453,-7.0535407,0 110.4800423,-7.0535063,0 110.4798396,-7.053433700000001,0 110.4796766,-7.053372,0 110.4793879,-7.0533442,0 110.4793849,-7.0533435,0 110.4785987,-7.0531241,0 110.4781258,-7.0529581,0 110.4771445,-7.0526735,0 110.4755722,-7.0521637,0 110.4745909,-7.051878999999999,0 110.4741535,-7.0517367,0 110.4735978,-7.0515825,0 110.4733377,-7.0515468,0 110.473066,-7.0513102,0 110.472818,-7.050967300000001,0 110.4727001,-7.0506009,0 110.4724837,-7.0505285,0 110.47196,-7.05044,0 110.4719,-7.050430000000001,0 110.47182,-7.050420000000001,0 110.4717254,-7.0503993,0 110.471659,-7.0503852,0 110.4712044,-7.050345200000001,0 110.4712006,-7.0503382,0 110.4709566,-7.049884099999999,0 110.4705435,-7.0491157,0 110.4696817,-7.0477914,0 110.4692567,-7.0471293,0 110.4685188,-7.046012,0 110.4681882,-7.0455508,0 110.4678814,-7.045007,0 110.4674328,-7.0442976,0 110.4671967,-7.043931099999999,0 110.466683,-7.043286600000001,0 110.466447,-7.0428137,0 110.4666366,-7.0425067,0 110.4667669,-7.042306000000001,0 110.4668145,-7.0420225,0 110.4668623,-7.0415973,0 110.4671942,-7.0409006,0 110.4677572,-7.0397965,0 110.4678877,-7.039442200000001,0 110.4679239,-7.0388633,0 110.4679126,-7.038319799999999,0 110.467854,-7.0378708,0 110.4678437,-7.0376388,0 110.4678264,-7.0376411,0 110.4678191,-7.0373745,0 110.4678437,-7.036583,0 110.4679151,-7.0361932,0 110.4675841,-7.0360746,0 110.4674185,-7.0360662,0 110.4673476,-7.0360626,0 110.4671584,-7.0360151,0 110.4670995,-7.035814199999999,0 110.4671475,-7.0351762,0 110.4671483,-7.0344673,0 110.46716,-7.03349,0 110.4671661,-7.033426,0 110.4671948,-7.0328654,0 110.466961,-7.0328485,0 110.4662043,-7.032729499999999,0 110.4659915,-7.032658299999999,0 110.466039,-7.032493,0 110.4660392,-7.0322921,0 110.4659329,-7.0322093,0 110.4657792,-7.0321028,0 110.4657816,-7.0321005,0 110.4659035,-7.0319848,0 110.4660279,-7.0318668,0 110.4662765,-7.0315717,0 110.4663479,-7.0311701,0 110.4663604,-7.030603,0 110.4663268,-7.030032500000001,0 110.4663256,-7.0300122,0 110.4663506,-7.0300122,0 110.4663617,-7.0294569,0 110.4662204,-7.0289487,0 110.4660318,-7.0284523,0 110.4654996,-7.0284044,0 110.4651804,-7.0283214,0 110.4648141,-7.0280847,0 110.4645423,-7.0279544,0 110.4641435,-7.0278547,0 110.4641108,-7.0276424,0 110.4643032,-7.0275379,0 110.4643142,-7.0275255,0 110.4643241,-7.0275108,0 110.4643799,-7.027399600000001,0 110.4643931,-7.0273701,0 110.4644059,-7.0273427,0 110.4648406,-7.0255918,0 110.4649475,-7.0251665,0 110.4650188,-7.0249303,0 110.4650261,-7.024924799999999,0 110.4650509,-7.0248417,0 110.4651226,-7.0247543,0 110.4652578,-7.024746600000001,0 110.4654726,-7.024683199999999,0 110.4656558,-7.0245007,0 110.4657414,-7.02433,0 110.4657438,-7.0243252,0 110.4658057,-7.0243592,0 110.4660085,-7.024451600000001,0 110.4664572,-7.024602599999999,0 110.4667369,-7.024692,0 110.4670503,-7.0247753,0 110.4672593,-7.02484,0 110.4674222,-7.0248955,0 110.4679154,-7.0250327,0 110.4678876,-7.0252323,0 110.4678794,-7.025334400000001,0 110.4678661,-7.0253919,0 110.4678627,-7.0254657,0 110.467844,-7.0256561,0 110.4678067,-7.0260277,0 110.4677725,-7.0264086,0 110.4677428,-7.0266031,0 110.4683989,-7.0267418,0 110.4689189,-7.027014200000001,0 110.4694743,-7.0273574,0 110.4699116,-7.027606,0 110.4700769,-7.027783400000001,0 110.4702187,-7.027937199999999,0 
					</coordinates>
				</LinearRing>
			</outerBoundaryIs>
		</Polygon>
	</Placemark>
	<Placemark>
		<name>DESNARUM JAYA AKASHA_SEMARANG_ST-ALASTUA</name>
		<description>ST: DESNARUM JAYA AKASHA_SEMARANG_ST-ALASTUA | Partner: DESNARUM JAYA AKASHA</description>
		<styleUrl>#m_ylw-pushpin</styleUrl>
		<Polygon>
			<outerBoundaryIs>
				<LinearRing>
					<coordinates>
						110.4749634703043,-6.983723520231828,0 110.4910795532483,-6.998147655026806,0 110.4983811605768,-7.004675479016807,0 110.499315255676,-7.00349818009221,0 110.5006498369827,-7.001478332727946,0 110.501049906467,-6.999828402805295,0 110.4991612817838,-6.998288863269731,0 110.5002906680934,-6.996381348081389,0 110.4970772231435,-6.994988960804777,0 110.4955945650751,-6.994339605072131,0 110.495001464751,-6.993837195184439,0 110.4949623638323,-6.991509140798846,0 110.4941591618242,-6.991458375588857,0 110.4806919855089,-6.981558748080329,0 110.4802915683208,-6.981436964666863,0 110.4749634703043,-6.983723520231828,0 
					</coordinates>
				</LinearRing>
			</outerBoundaryIs>
		</Polygon>
	</Placemark>
	<Placemark>
		<name>DESNARUM JAYA AKASHA_SEMARANG_ST-ALASTUA</name>
		<description>ST: DESNARUM JAYA AKASHA_SEMARANG_ST-ALASTUA | Partner: DESNARUM JAYA AKASHA</description>
		<styleUrl>#m_ylw-pushpin</styleUrl>
		<Polygon>
			<outerBoundaryIs>
				<LinearRing>
					<coordinates>
						110.4563339,-7.02223,0 110.4564255,-7.0222537,0 110.45653,-7.022310000000001,0 110.45677,-7.02257,0 110.45692,-7.022709999999999,0 110.45715,-7.022880000000001,0 110.4572,-7.02291,0 110.4572123,-7.022916899999999,0 110.4572854,-7.0229734,0 110.4574175,-7.0230841,0 110.4576663,-7.023247200000001,0 110.4579182,-7.023419500000001,0 110.4584113,-7.0237257,0 110.4586693,-7.0239103,0 110.459193,-7.0243424,0 110.4594233,-7.024542299999999,0 110.4595953,-7.0246746,0 110.4596766,-7.0248359,0 110.4596857,-7.0249127,0 110.4598368,-7.0249311,0 110.45984,-7.024939999999999,0 110.45993,-7.02495,0 110.46055,-7.02504,0 110.4606612,-7.025050799999999,0 110.4607616,-7.0250522,0 110.4608631,-7.025021600000001,0 110.4609431,-7.024908,0 110.4614728,-7.024134599999999,0 110.4618592,-7.0236513,0 110.4621116,-7.0233291,0 110.4624673,-7.0228427,0 110.4626058,-7.0226616,0 110.4627135,-7.0225696,0 110.4628334,-7.022563600000001,0 110.4629061,-7.0226,0 110.46291,-7.0226,0 110.4629686,-7.0226344,0 110.4633372,-7.0228775,0 110.4638195,-7.0231882,0 110.4643541,-7.0235236,0 110.4646306,-7.023696,0 110.4653019,-7.0240791,0 110.4655845,-7.0242514,0 110.4657414,-7.02433,0 110.4656558,-7.0245007,0 110.4654726,-7.024683199999999,0 110.4652578,-7.024746600000001,0 110.4651226,-7.0247543,0 110.4650509,-7.0248417,0 110.4650261,-7.024924799999999,0 110.4650188,-7.0249303,0 110.4649475,-7.0251665,0 110.4648406,-7.0255918,0 110.4644059,-7.0273427,0 110.4643931,-7.0273701,0 110.4643799,-7.027399600000001,0 110.4643241,-7.0275108,0 110.4643142,-7.0275255,0 110.4643032,-7.0275379,0 110.4641108,-7.0276424,0 110.4641435,-7.0278547,0 110.4645423,-7.0279544,0 110.4648141,-7.0280847,0 110.4651804,-7.0283214,0 110.4654996,-7.0284044,0 110.4660318,-7.0284523,0 110.4662204,-7.0289487,0 110.4663617,-7.0294569,0 110.4663506,-7.0300122,0 110.4663256,-7.0300122,0 110.4663268,-7.030032500000001,0 110.4663604,-7.030603,0 110.4663479,-7.0311701,0 110.4662765,-7.0315717,0 110.4660279,-7.0318668,0 110.4659035,-7.0319848,0 110.4657816,-7.0321005,0 110.4657088,-7.0320872,0 110.4655993,-7.032027100000001,0 110.4655543,-7.032035199999999,0 110.4655249,-7.0320173,0 110.4653918,-7.031966499999999,0 110.4652206,-7.031940899999999,0 110.4651,-7.0319408,0 110.4649288,-7.0319596,0 110.4647244,-7.0319691,0 110.4645615,-7.031806,0 110.4644909,-7.0314988,0 110.4643604,-7.0319121,0 110.4642417,-7.0322546,0 110.4642412,-7.0327154,0 110.4641328,-7.0344521,0 110.4635497,-7.034773599999999,0 110.46355,-7.03478,0 110.4634496,-7.034865299999999,0 110.463404,-7.0350692,0 110.4634109,-7.0353344,0 110.4633518,-7.0367752,0 110.4632371,-7.037003699999999,0 110.4629592,-7.036733,0 110.4623643,-7.036373700000001,0 110.4614809,-7.035707900000001,0 110.4608597,-7.0352961,0 110.4604486,-7.0349895,0 110.4604482,-7.0353219,0 110.4604479,-7.0355843,0 110.4601589,-7.0357239,0 110.4598611,-7.035811,0 110.459686,-7.035837,0 110.4596246,-7.0359507,0 110.4594406,-7.0360642,0 110.4592041,-7.0361601,0 110.4589153,-7.0360548,0 110.4586964,-7.036107,0 110.4585034,-7.0363955,0 110.4582579,-7.0367625,0 110.4579164,-7.036762099999999,0 110.4578984,-7.0372257,0 110.457819,-7.0377329,0 110.4578885,-7.0381878,0 110.4581158,-7.0385117,0 110.4586013,-7.038849,0 110.4588022,-7.039207799999999,0 110.458805,-7.0392105,0 110.4588088,-7.0393764,0 110.458707,-7.0396044,0 110.4584277,-7.039762499999999,0 110.4581231,-7.0398699,0 110.4577425,-7.039901100000001,0 110.4575675,-7.039931899999999,0 110.45741,-7.039940000000001,0 110.4573345,-7.0399508,0 110.4571399,-7.0399448,0 110.45681,-7.0400141,0 110.4564103,-7.0400897,0 110.4559281,-7.0401652,0 110.455706,-7.040272599999999,0 110.4554585,-7.040342,0 110.4553378,-7.0404877,0 110.4549827,-7.040455599999999,0 110.454729,-7.0403919,0 110.4543675,-7.0403154,0 110.4540251,-7.0402517,0 110.4539544,-7.040272299999999,0 110.45391,-7.04026,0 110.45391,-7.04032,0 110.45391,-7.04054,0 110.45392,-7.04098,0 110.4539,-7.04115,0 110.45388,-7.04132,0 110.45384,-7.04142,0 110.4536904,-7.042027,0 110.4536487,-7.0421206,0 110.453471,-7.042196500000001,0 110.4526778,-7.0424363,0 110.4525847,-7.0424716,0 110.4522925,-7.0425468,0 110.4519799,-7.042612999999999,0 110.4517705,-7.0426381,0 110.4516054,-7.042809,0 110.4514909,-7.043075,0 110.4513321,-7.0432649,0 110.4511797,-7.043448500000001,0 110.4510272,-7.043670099999999,0 110.4507347,-7.0442591,0 110.4505249,-7.0446391,0 110.4503373,-7.045111,0 110.4503363,-7.045171,0 110.45031,-7.04525,0 110.45029,-7.04533,0 110.45027,-7.04576,0 110.45025,-7.04586,0 110.45017,-7.045959999999999,0 110.44998,-7.04601,0 110.44974,-7.04609,0 110.44951,-7.04626,0 110.44939,-7.04631,0 110.44901,-7.04639,0 110.4489917,-7.0463743,0 110.4486379,-7.046484299999999,0 110.4482932,-7.0466273,0 110.4480204,-7.046627,0 110.4477486,-7.0466371,0 110.4477515,-7.0466441,0 110.4475415,-7.0465994,0 110.4475049,-7.0465654,0 110.4474101,-7.0463801,0 110.447201,-7.0463656,0 110.44703,-7.046336900000001,0 110.4469706,-7.046315500000001,0 110.4469755,-7.0462206,0 110.4469756,-7.0461019,0 110.4468902,-7.0459973,0 110.4466481,-7.0458024,0 110.4463775,-7.0456027,0 110.446178,-7.04546,0 110.4456204,-7.044839799999999,0 110.4453737,-7.0444692,0 110.4453482,-7.044407,0 110.44515,-7.044080000000001,0 110.44502,-7.04376,0 110.44474,-7.043569999999999,0 110.44438,-7.043330000000001,0 110.44401,-7.042990000000001,0 110.44377,-7.04305,0 110.4437479,-7.0430776,0 110.443531,-7.0430449,0 110.4431295,-7.042994199999999,0 110.4429119,-7.0430274,0 110.4427592,-7.0431491,0 110.4424963,-7.0436687,0 110.4422083,-7.0437621,0 110.4416062,-7.0435608,0 110.4410065,-7.0432817,0 110.4408774,-7.0432438,0 110.4402666,-7.0430802,0 110.4397706,-7.042949199999999,0 110.4399852,-7.0418705,0 110.4405396,-7.039999,0 110.4408067,-7.0386566,0 110.4408188,-7.0385531,0 110.4412844,-7.0386344,0 110.4414805,-7.0386719,0 110.4425394,-7.038713899999999,0 110.4428298,-7.038804,0 110.4430595,-7.0389793,0 110.4433879,-7.039067200000001,0 110.4437712,-7.0389802,0 110.4438941,-7.0387675,0 110.4438992,-7.0387678,0 110.4439029,-7.0386959,0 110.443827,-7.038116099999999,0 110.4436852,-7.0376784,0 110.4437514,-7.0372409,0 110.443905,-7.0369895,0 110.4440804,-7.0368147,0 110.4443325,-7.0365743,0 110.4445736,-7.036399600000001,0 110.4448255,-7.0363233,0 110.4450995,-7.0361048,0 110.4451217,-7.0358642,0 110.4450782,-7.0355688,0 110.4448485,-7.035349799999999,0 110.4446517,-7.0351526,0 110.4445372,-7.034786,0 110.4446469,-7.0345783,0 110.4448879,-7.0344473,0 110.4452603,-7.034338399999999,0 110.4453645,-7.0343243,0 110.4456545,-7.0343826,0 110.4458733,-7.0345032,0 110.4459826,-7.0346565,0 110.4459932,-7.034930000000001,0 110.4461353,-7.0351598,0 110.4462994,-7.0353022,0 110.4464527,-7.0352915,0 110.446471,-7.0352748,0 110.4464806,-7.0352825,0 110.4465294,-7.0352369,0 110.446683,-7.034952700000001,0 110.4466832,-7.0347776,0 110.4469023,-7.0346466,0 110.44722,-7.0345376,0 110.4474938,-7.0344614,0 110.4477895,-7.0344289,0 110.4479691,-7.034472800000001,0 110.44811,-7.03447,0 110.4482874,-7.0344582,0 110.4486217,-7.0343971,0 110.4488737,-7.0342005,0 110.4491476,-7.0340695,0 110.4496844,-7.0338514,0 110.450035,-7.033622099999999,0 110.4503418,-7.0334583,0 110.4505501,-7.0331742,0 110.4507807,-7.0326713,0 110.4510441,-7.0321574,0 110.4513404,-7.0315233,0 110.451412,-7.0311898,0 110.4512807,-7.0310693,0 110.4510402,-7.0307846,0 110.45092,-7.0305985,0 110.4509155,-7.0305214,0 110.4509,-7.03052,0 110.450806,-7.0304618,0 110.4500717,-7.0303073,0 110.4497566,-7.0302895,0 110.4499188,-7.030117000000001,0 110.4501638,-7.029821000000001,0 110.4503495,-7.0295398,0 110.4505278,-7.029162299999999,0 110.4505948,-7.0289624,0 110.4505803,-7.0286958,0 110.4505055,-7.0285513,0 110.45049,-7.02854,0 110.45029,-7.02845,0 110.450291,-7.0284437,0 110.4502825,-7.0284426,0 110.450254,-7.028395100000001,0 110.4502541,-7.0283143,0 110.450278,-7.0282194,0 110.4503304,-7.0281198,0 110.450478,-7.0278873,0 110.4506019,-7.0275931,0 110.4507355,-7.027146999999999,0 110.4507737,-7.0269477,0 110.4508547,-7.0268006,0 110.4509761,-7.0265515,0 110.4510428,-7.0263949,0 110.4510756,-7.0263472,0 110.45125,-7.02598,0 110.45129,-7.02591,0 110.45143,-7.02572,0 110.45148,-7.02564,0 110.45158,-7.025600000000001,0 110.4517,-7.02553,0 110.45183,-7.0254,0 110.45192,-7.02528,0 110.45201,-7.0252,0 110.45215,-7.02513,0 110.4523,-7.025089999999999,0 110.45255,-7.02504,0 110.4527259,-7.025019299999999,0 110.4528859,-7.024977599999999,0 110.4530831,-7.0249588,0 110.4533397,-7.0249353,0 110.4535108,-7.024897599999999,0 110.4537106,-7.0247506,0 110.454034,-7.0245231,0 110.4542242,-7.0244284,0 110.4543906,-7.0243384,0 110.4544714,-7.024272,0 110.4545857,-7.024086999999999,0 110.4546454,-7.023870999999999,0 110.4546978,-7.0237097,0 110.4547425,-7.0235597,0 110.4547604,-7.0235255,0 110.454936,-7.023120999999999,0 110.4550658,-7.022930800000001,0 110.4551336,-7.0228695,0 110.455232,-7.0228236,0 110.4553581,-7.022796100000001,0 110.4555395,-7.022784,0 110.4556502,-7.0227719,0 110.455681,-7.022707399999999,0 110.4556908,-7.0226694,0 110.455703,-7.022662399999999,0 110.455758,-7.022400000000001,0 110.4558131,-7.0221703,0 110.4560867,-7.022203499999999,0 110.4562293,-7.02223,0 110.4563339,-7.02223,0 
					</coordinates>
				</LinearRing>
			</outerBoundaryIs>
		</Polygon>
	</Placemark>
	<Placemark>
		<name>BOUNDARY [1:Polygon]</name>
		<open>1</open>
		<snippet></snippet>
		<styleUrl>#m_ylw-pushpin</styleUrl>
		<Polygon>
			<tessellate>1</tessellate>
			<outerBoundaryIs>
				<LinearRing>
					<coordinates>
						111.2192618480961,-7.174288932261347,0 111.2192539760684,-7.174345557148007,0 111.2192539760642,-7.174351414905805,0 111.219238232038,-7.174437328467931,0 111.2192382320313,-7.174443186190644,0 111.2192401999372,-7.17451347913125,0 111.2192421679361,-7.174513479139443,0 111.2193326955715,-7.174536910459975,0 111.2194468389835,-7.174568152103646,0 111.2195933858728,-7.1745832971887,0 111.219650458007,-7.174596965548151,0 111.2198630017943,-7.174626255184613,0 111.2200519291058,-7.174653591866791,0 111.2200263452641,-7.174723884709715,0 111.2200243772685,-7.174733647598208,0 111.2200361851964,-7.174768794044944,0 111.2201759124745,-7.174813703608978,0 111.22016410453,-7.174842992257496,0 111.2201522965774,-7.174883996370282,0 111.2201306486612,-7.17494257366474,0 111.2201070318698,-7.174981691971165,0 111.2200971918749,-7.174981691939031,0 111.2200440560137,-7.174977786524947,0 111.2200401200135,-7.174977786510253,0 111.2199987921005,-7.174983644160519,0 111.2199594322273,-7.17502074319364,0 111.219922040355,-7.1750656526009,0 111.2199200723717,-7.175077368078933,0 111.2199161364005,-7.175098846573055,0 111.2199102324612,-7.175114467251557,0 111.2199023604958,-7.175145708616324,0 111.2199023605009,-7.175149613774652,0 111.2199043285158,-7.175159376739433,0 111.2199338485534,-7.175208191491362,0 111.2199377845194,-7.17521600181488,0 111.2199417205363,-7.175231622506995,0 111.2199476245559,-7.175251148355295,0 111.2199515605796,-7.175280437132973,0 111.219951560581,-7.17528238970869,0 111.2199476245936,-7.175303868119475,0 111.2199456565975,-7.175311678445163,0 111.2199417205993,-7.175317536158158,0 111.2199023606761,-7.175342919631205,0 111.2198964566707,-7.175342919611927,0 111.2198728407389,-7.175354635014526,0 111.2198728407398,-7.175356587589502,0 111.2198000247642,-7.175405401899035,0 111.2197941207954,-7.175407354484307,0 111.2197705047411,-7.175430785361586,0 111.2197646008141,-7.175434690521495,0 111.2197567287928,-7.175444453398705,0 111.2197311447133,-7.175477647202961,0 111.2197272087877,-7.17548545751859,0 111.2197193367591,-7.175495220395343,0 111.219705560701,-7.175524509088995,0 111.2197016246824,-7.175534271978451,0 111.2196701366068,-7.17559284933642,0 111.2195441837659,-7.175833016575188,0 111.2195776398257,-7.175864257943644,0 111.220425846527,-7.176114188552475,0 111.2204455264861,-7.176036085435176,0 111.2204494624935,-7.175954077211291,0 111.2204671744246,-7.175909167957756,0 111.2204750463936,-7.175883784464568,0 111.2204789823736,-7.175877926735803,0 111.220486854337,-7.17585840098089,0 111.2204888223294,-7.175856448404772,0 111.2204966942925,-7.175829112337749,0 111.2205006302748,-7.175817396884603,0 111.2205006302753,-7.175811539155965,0 111.2205380220895,-7.175706100061193,0 111.2205419580696,-7.175696337179551,0 111.2205577019847,-7.175585040326857,0 111.2205577019848,-7.175581135172848,0 111.2205970617857,-7.17544721170587,0 111.2206009977609,-7.175441353991879,0 111.2206206776147,-7.175326151863651,0 111.220632485526,-7.175271479712325,0 111.2206738132378,-7.175158230277772,0 111.2207171089184,-7.175037170546397,0 111.2207545006285,-7.174863391219311,0 111.2207545006273,-7.174855580909929,0 111.2207545006262,-7.174847770600286,0 111.220785988423,-7.174734521073988,0 111.2207899243853,-7.17472671075429,0 111.2207938603695,-7.174722805576486,0 111.2208981637502,-7.174646654837654,0 111.2209020997376,-7.174644702257682,0 111.2210359230734,-7.174611508057383,0 111.221089058908,-7.174519736555041,0 111.2210929950644,-7.17437915036176,0 111.2206009977141,-7.174322526375785,0 111.2196908698488,-7.174281123624309,0 111.2193395118364,-7.174258085585043,0 111.2192618480961,-7.174288932261347,0 
					</coordinates>
				</LinearRing>
			</outerBoundaryIs>
		</Polygon>
	</Placemark>
	<Placemark>
		<name>BOUNDARY [2:Polygon]</name>
		<open>1</open>
		<snippet></snippet>
		<styleUrl>#m_ylw-pushpin</styleUrl>
		<Polygon>
			<tessellate>1</tessellate>
			<outerBoundaryIs>
				<LinearRing>
					<coordinates>
						111.2148686282127,-7.180144149722836,0 111.2147915215775,-7.18024615205251,0 111.2147658193868,-7.18044651416304,0 111.2147658193894,-7.180457443020553,0 111.2147070713082,-7.180708805932338,0 111.2147033990326,-7.181054885254954,0 111.214934717595,-7.181092006049934,0 111.2148429238395,-7.18124136682647,0 111.2146923818176,-7.181441728342946,0 111.2147658168377,-7.181882524836692,0 111.2146813662344,-7.181962669259196,0 111.2145785556792,-7.18207599423681,0 111.2145344942897,-7.182290927898739,0 111.2145528528893,-7.182469432203447,0 111.214875968312,-7.182545934952868,0 111.2149200295391,-7.182484005120604,0 111.214960419012,-7.182367431235162,0 111.2150375258905,-7.18238200319343,0 111.2151036173344,-7.182509506096049,0 111.2160803019653,-7.182626080501644,0 111.2155405547297,-7.183412954436553,0 111.2152798589283,-7.183766320548716,0 111.2150815820058,-7.184054115008423,0 111.2155846146012,-7.184272692833265,0 111.2158379670202,-7.184065043164515,0 111.2159334329137,-7.183952111323837,0 111.2162124865413,-7.183682532615028,0 111.2157498447598,-7.18344209796376,0 111.2159260889178,-7.183281808624052,0 111.2160399133243,-7.183340095660732,0 111.2161684246336,-7.183263593938455,0 111.2162235005721,-7.183023160082839,0 111.2161427235473,-7.182898957533702,0 111.2164070889367,-7.182447229248941,0 111.2160582718699,-7.182334297231649,0 111.2160546001046,-7.182330654289447,0 111.2157939058344,-7.182217722759681,0 111.215665394684,-7.182195865044242,0 111.2156910969539,-7.18212664907185,0 111.2157645319185,-7.181864357196678,0 111.2158012493293,-7.181707710935319,0 111.2159407752143,-7.181266916072489,0 111.2159444469512,-7.181248701414917,0 111.2160215533202,-7.181128484627227,0 111.2160288967783,-7.181113912906721,0 111.2160545988653,-7.180982767291717,0 111.216054598861,-7.180968195584594,0 111.2160876444424,-7.180837049891943,0 111.2161023313614,-7.180800620510923,0 111.2161096748216,-7.180782405831591,0 111.2161133465615,-7.180767834077676,0 111.2161574073535,-7.180498256422637,0 111.2156250061562,-7.180272393927947,0 111.2156139909714,-7.180265108041146,0 111.2151843980866,-7.180133222291547,0 111.2148686282127,-7.180144149722836,0 
					</coordinates>
				</LinearRing>
			</outerBoundaryIs>
		</Polygon>
	</Placemark>
	<Placemark>
		<name>BOUNDARY [3:Polygon]</name>
		<open>1</open>
		<snippet></snippet>
		<styleUrl>#m_ylw-pushpin</styleUrl>
		<Polygon>
			<tessellate>1</tessellate>
			<outerBoundaryIs>
				<LinearRing>
					<coordinates>
						111.2127160525188,-7.177499361947155,0 111.2126503418385,-7.177670500417474,0 111.2125599900148,-7.177914983594091,0 111.2122848282881,-7.178664091170996,0 111.2122807213675,-7.178668165890368,0 111.2120876974332,-7.179124533270789,0 111.2117796808892,-7.179901014515396,0 111.2115454733633,-7.180301309249288,0 111.2111553165361,-7.180757675838997,0 111.2108832224559,-7.181000643466851,0 111.2105998454429,-7.181502714599465,0 111.2105546679744,-7.181739049399212,0 111.2100823708371,-7.181694227598916,0 111.209979696834,-7.181934636082819,0 111.2099796967818,-7.181950934953475,0 111.2101562944698,-7.182007981201032,0 111.2103246782818,-7.182093550295017,0 111.2102096851052,-7.182320958411346,0 111.2101398664799,-7.182471723890737,0 111.2100166576013,-7.182667311035059,0 111.2097989893132,-7.182883270847978,0 111.2095484659922,-7.182993287342607,0 111.2094047225075,-7.183249993446451,0 111.2094047224711,-7.183262217583649,0 111.2095238229703,-7.183465953258797,0 111.2096798862558,-7.183539298399474,0 111.2096174981832,-7.183847687156699,0 111.209300519356,-7.184259306546921,0 111.2088611544268,-7.184924279323644,0 111.2087956081934,-7.18504329735191,0 111.2087462808511,-7.185176439084131,0 111.2087401419835,-7.185188742407304,0 111.2087897009068,-7.185289718988959,0 111.208857309094,-7.185314057909925,0 111.208866510401,-7.18532013406895,0 111.2088818555464,-7.18532317096364,0 111.2089829703464,-7.185350464323356,0 111.2090012668018,-7.185362572585263,0 111.2090776331402,-7.185383729636669,0 111.2090990660224,-7.185383729706924,0 111.2091726989765,-7.185374667822702,0 111.2091820919963,-7.185362573171421,0 111.209194667531,-7.185344405807456,0 111.2092387303579,-7.185286674373058,0 111.2092451213405,-7.185274481171315,0 111.2092482590752,-7.185271430725125,0 111.2092705659573,-7.185234758623342,0 111.2092769901107,-7.185222507094479,0 111.2093123128274,-7.185161042240946,0 111.209318570158,-7.185157959895273,0 111.209396404605,-7.185139447694115,0 111.2094335614809,-7.185139447753578,0 111.2094552363013,-7.185139447785562,0 111.2094645255411,-7.185139447798657,0 111.2096053092335,-7.185099230125086,0 111.20960852318,-7.185096130336188,0 111.2096348459805,-7.185055752997746,0 111.2096416462646,-7.185040183627303,0 111.2096449913467,-7.185033949698223,0 111.2096665490146,-7.184958865846409,0 111.2096732799556,-7.184946301990155,0 111.2097185517137,-7.184908524417889,0 111.2097844956099,-7.184974550527901,0 111.2097839459539,-7.184987082268313,0 111.2097831226422,-7.185005853180965,0 111.2097820270738,-7.185030831395241,0 111.2097718783164,-7.185120904307805,0 111.2097714741001,-7.185130180093116,0 111.2097703978618,-7.185154877188923,0 111.2098740772309,-7.185250054498886,0 111.2098393956344,-7.185332278416062,0 111.2098328313612,-7.185341376104843,0 111.2098137277792,-7.185356521933898,0 111.2098073197599,-7.185362574371834,0 111.2097810513359,-7.185401832794935,0 111.2097745324265,-7.185410872245311,0 111.2097323537674,-7.185539611995579,0 111.2097285566735,-7.185557453844462,0 111.2097105271274,-7.185625574064331,0 111.2097073766923,-7.185628525990523,0 111.2096393038884,-7.185666827121834,0 111.2096301265415,-7.185669767708814,0 111.2096209517237,-7.185672707439286,0 111.2096027178132,-7.185675646336427,0 111.2095176603689,-7.185690328744957,0 111.2095086049216,-7.185690328719136,0 111.209493512511,-7.185690328675758,0 111.2094633277635,-7.185690328587728,0 111.2094064629472,-7.18567270683934,0 111.2094005013455,-7.185669767069296,0 111.2093826843538,-7.185657999862204,0 111.2093646969074,-7.18565211134405,0 111.2092906652661,-7.185581195868369,0 111.2092848559722,-7.185569330868876,0 111.209278848623,-7.185566362565277,0 111.2092279750712,-7.185527699692076,0 111.2092158091755,-7.185527699654272,0 111.2091252050029,-7.18548291504689,0 111.2091161030496,-7.185479922773513,0 111.2091039897646,-7.185473935752346,0 111.209009708913,-7.185446952693275,0 111.2090005757179,-7.185443950370967,0 111.2089761491498,-7.185443950281984,0 111.2089150283509,-7.185455954056493,0 111.2088997473094,-7.185461951017148,0 111.20883568107,-7.185461950760841,0 111.2088265287495,-7.185461950723267,0 111.2088082228487,-7.185458952530564,0 111.2087807569917,-7.185455953511857,0 111.2086280706561,-7.185443948824104,0 111.2086158573802,-7.185443948766504,0 111.2085979646172,-7.185485904385285,0 111.2085951023249,-7.185503835459496,0 111.2085750987596,-7.185619663798502,0 111.2085751321737,-7.185622617403441,0 111.2086280967283,-7.185789634335438,0 111.2086371346465,-7.185792541220599,0 111.2087723886809,-7.185827362162212,0 111.2087813859217,-7.185827362200069,0 111.2087933920401,-7.185836049458057,0 111.208865281475,-7.185862068804889,0 111.2088682686934,-7.185864955868904,0 111.2088802351545,-7.185867842182148,0 111.2088322719965,-7.185965509142959,0 111.2086950639177,-7.185939743284587,0 111.2086682152678,-7.185939743170014,0 111.2086264507077,-7.185939742990652,0 111.2085756051934,-7.18592827136821,0 111.2085435540461,-7.185988357523514,0 111.2085435911603,-7.185991210227816,0 111.2085710140404,-7.186126112181406,0 111.2086839919919,-7.186197381572792,0 111.2086931204772,-7.186203299339113,0 111.2087022598003,-7.186212169888799,0 111.2087780789309,-7.186259355736811,0 111.2087871551097,-7.1862652393239,0 111.2087992447719,-7.186268179980702,0 111.2088566076603,-7.186291675624565,0 111.208865648523,-7.186297541426202,0 111.2088714298891,-7.186396768685525,0 111.2088683847488,-7.186414183514348,0 111.2088593423192,-7.186434464806169,0 111.2088593250919,-7.186443144897021,0 111.2088502631663,-7.186489319027228,0 111.2088502541826,-7.186495076716297,0 111.2088818405993,-7.186786983327768,0 111.2088755213923,-7.186853559906965,0 111.2088874895235,-7.186937705296668,0 111.2089540282739,-7.187021198846621,0 111.2089722279432,-7.18702416884283,0 111.209014601523,-7.187039006365256,0 111.2090267098999,-7.187041971411906,0 111.2091206354867,-7.187050861883198,0 111.2091267007833,-7.187050861904086,0 111.2092147028389,-7.187047899652618,0 111.2092329012856,-7.187047899711001,0 111.2092814305651,-7.187047899862941,0 111.209357257583,-7.187047900089447,0 111.2094089017171,-7.187044936870879,0 111.2094424430639,-7.187039007726296,0 111.209525447337,-7.187006338547374,0 111.2095864395939,-7.187000388127436,0 111.2095923045394,-7.187006338701084,0 111.209636414615,-7.187044937441424,0 111.2096392209208,-7.187050863363369,0 111.2096819629231,-7.187118777102422,0 111.2097378594617,-7.187224217185389,0 111.2098374081187,-7.187218386997468,0 111.2098720976161,-7.187186262264478,0 111.2098754017177,-7.187180410890938,0 111.2098811923387,-7.187124662727637,0 111.2098816320265,-7.18711583368962,0 111.2098826593778,-7.187095204254892,0 111.2098856056417,-7.187036042852974,0 111.209886196853,-7.187024171282878,0 111.2098866406922,-7.187015258966755,0 111.2098905028025,-7.186937707855718,0 111.2098908010461,-7.186931719150129,0 111.2098915473782,-7.186916732884527,0 111.2098982060939,-7.186844507708586,0 111.2098989606228,-7.186829399885501,0 111.2098932833132,-7.186820325087964,0 111.2098402511277,-7.186774836584446,0 111.2098253157879,-7.186765715942434,0 111.2098163765041,-7.186759631289091,0 111.2097716050204,-7.186729156697063,0 111.2097625030154,-7.186726104520474,0 111.2097414712811,-7.186713887304291,0 111.2097142517616,-7.18670165635768,0 111.2095531755167,-7.186634139758533,0 111.2095379204806,-7.186627981123109,0 111.2095165686013,-7.186618736647223,0 111.2094739960789,-7.18659404648791,0 111.2094618798022,-7.186584773314793,0 111.2094479004411,-7.186532076602344,0 111.2094482576459,-7.186519640502905,0 111.20944888373,-7.186497843392342,0 111.2094527151482,-7.18647287938136,0 111.2094948373887,-7.186419642222794,0 111.2095971966134,-7.186438461260742,0 111.2096094486066,-7.186444727129268,0 111.2096218079949,-7.186447858729324,0 111.2096769544899,-7.186472879504893,0 111.2096831833814,-7.186472879504887,0 111.2096952673783,-7.186482247657758,0 111.2097075935018,-7.18648536860317,0 111.2097590396691,-7.186519640666003,0 111.2097680938819,-7.186525860481579,0 111.2098366674493,-7.186587865442247,0 111.2098486233387,-7.18659713601566,0 111.2098545243579,-7.186603312030937,0 111.2099829118486,-7.186634139862926,0 111.2099889300881,-7.186637217860187,0 111.2100071421611,-7.186643371274417,0 111.2100557155493,-7.186658739665583,0 111.210080243043,-7.186661810721573,0 111.2101726843071,-7.186664880861628,0 111.2101819462218,-7.186664880850035,0 111.2101973826109,-7.186664880829957,0 111.21021590645,-7.18666488080462,0 111.2102875348887,-7.186655667402849,0 111.2103029779638,-7.186655667375397,0 111.2103415140187,-7.186544500649095,0 111.2103604494094,-7.18651030623163,0 111.2104413661171,-7.186504077617814,0 111.2104569161768,-7.186504077615953,0 111.2104755762567,-7.186504077612227,0 111.2105964352615,-7.186525862301851,0 111.2106179898674,-7.186535185394782,0 111.2106272408145,-7.18653829133139,0 111.2107013067003,-7.186556908481854,0 111.210800497719,-7.186560008133648,0 111.2108875619739,-7.186553807495847,0 111.2109899030922,-7.186472880678037,0 111.2109967246624,-7.186457249345239,0 111.2110143670212,-7.186403936323424,0 111.2110177350187,-7.186397647234082,0 111.2110244767733,-7.186385058288772,0 111.2110421289345,-7.186255189520162,0 111.2110456543492,-7.186245626963115,0 111.2110608157529,-7.186111158386314,0 111.2110641348375,-7.186099283550434,0 111.2110812270057,-7.186021775514294,0 111.2110817430309,-7.186000812284336,0 111.2110526300702,-7.185940691844157,0 111.211046649691,-7.185934661337161,0 111.2110198931517,-7.185898407723631,0 111.21100469357,-7.185892353616525,0 111.2109128109756,-7.185886296245841,0 111.2108943131091,-7.18589235372,0 111.2108481136587,-7.185907482646924,0 111.2108389217266,-7.185907482652129,0 111.2107900649773,-7.1858923537806,0 111.210780930882,-7.185886296325598,0 111.2107595495098,-7.18587720374554,0 111.2107199456673,-7.185840757051798,0 111.2107107925766,-7.185831626216676,0 111.2106866131773,-7.185764431601799,0 111.210686708605,-7.185749102090101,0 111.2106960902696,-7.185730678230866,0 111.2107433461256,-7.18562568556548,0 111.2107496662607,-7.185613267072657,0 111.2107528004422,-7.185610160248381,0 111.2108124445384,-7.185557209336679,0 111.2108311257564,-7.185557209319587,0 111.2109488191307,-7.185591500630524,0 111.2109549220575,-7.185597723953339,0 111.2110195223779,-7.185628787705609,0 111.2110287650257,-7.185631889231503,0 111.2110410383125,-7.185638089687703,0 111.2111982388145,-7.185672129410857,0 111.2112168224925,-7.185672129365827,0 111.2113124279017,-7.18559461190413,0 111.2113993875367,-7.185352371138049,0 111.211403538706,-7.185243699206517,0 111.2114069429776,-7.185237273596774,0 111.2114371887233,-7.185111230686803,0 111.2114457998497,-7.185041864128513,0 111.2114294835311,-7.184918770739143,0 111.2114326419357,-7.184912730166819,0 111.2114450928251,-7.184900638840426,0 111.2114987415563,-7.184818667813209,0 111.2115050695364,-7.184809521615412,0 111.2115144814057,-7.184800367687456,0 111.211578191031,-7.184705324157849,0 111.2115878202278,-7.184689916753262,0 111.2116684808246,-7.184446717068404,0 111.2116157109536,-7.184297544825428,0 111.2115882995308,-7.184255928475114,0 111.2115948300241,-7.184246302542967,0 111.2116771527734,-7.184117158193224,0 111.2116870260227,-7.184104161470412,0 111.2117545326192,-7.183970072046067,0 111.2117615145411,-7.183950314787956,0 111.2117752133528,-7.183920613910145,0 111.2117789216887,-7.183904079733798,0 111.2118297678717,-7.183720596543709,0 111.2118333291203,-7.183710502823891,0 111.2118335492023,-7.183703768769461,0 111.2118148021164,-7.18360237594569,0 111.2116882750108,-7.183579959142049,0 111.2116272710281,-7.183627034319862,0 111.2116001581519,-7.183640484353548,0 111.2115911204926,-7.183640484350027,0 111.2115775640553,-7.183640484344914,0 111.2114532965553,-7.183624792599377,0 111.2113922925415,-7.183629275922529,0 111.2113877737309,-7.183631517589097,0 111.2113651796787,-7.183662901074537,0 111.2112589875223,-7.183647209319918,0 111.2112476904858,-7.18364496765223,0 111.2112296152279,-7.183640484281844,0 111.2111753894607,-7.183631517579198,0 111.2111640924258,-7.183629275912812,0 111.211146017167,-7.18362703424718,0 111.2111008290264,-7.18362030921546,0 111.2110917914039,-7.183618067549659,0 111.2110714567358,-7.183611342516212,0 111.2110081933314,-7.183602375824154,0 111.2109946369048,-7.183602375826895,0 111.21098785866,-7.183606859197835,0 111.2109517080862,-7.18363151761908,0 111.2109471892734,-7.183638242659285,0 111.2109381516319,-7.183644967701542,0 111.2109155574798,-7.183678592879121,0 111.2109087792269,-7.183683076219963,0 111.2108432563074,-7.183694284669961,0 111.2108364780794,-7.183696526343401,0 111.2108206621854,-7.183698768022336,0 111.210770955135,-7.183701009723731,0 111.210750620428,-7.183701009737651,0 111.2107076915777,-7.183703251439623,0 111.2106579844577,-7.183703251479592,0 111.2106444279384,-7.183703251491115,0 111.2105721267841,-7.18367410972265,0 111.2105653485195,-7.183674109728453,0 111.2105517920393,-7.183674109740226,0 111.2105404949286,-7.183674109750218,0 111.2104930471663,-7.183669626450571,0 111.2104772312114,-7.183678593188666,0 111.210461415281,-7.183680834876731,0 111.2104546369864,-7.183685318228403,0 111.2104365614879,-7.183716701811482,0 111.2104252643028,-7.183727910193555,0 111.2104207454165,-7.183734635292227,0 111.2104049293757,-7.183754810454486,0 111.2103936322528,-7.183761535495819,0 111.2103891133849,-7.183763777177749,0 111.2103055147566,-7.183752568932413,0 111.2102942176267,-7.183748085528022,0 111.2102874393454,-7.183745843863156,0 111.2102603263155,-7.183736877203348,0 111.2102512885983,-7.183734635541938,0 111.2101925436807,-7.183692043577612,0 111.2101812466628,-7.183683076891008,0 111.2101789872551,-7.183678593542926,0 111.2101722092296,-7.183631518161361,0 111.2101789875846,-7.18362255145631,0 111.2102151386249,-7.18358444279372,0 111.2102173980808,-7.183579959446073,0 111.2102241764118,-7.183573234387256,0 111.2102512896404,-7.183541850853539,0 111.2102558085333,-7.183535125800901,0 111.2102625868657,-7.183526159076713,0 111.2102693652065,-7.183514950682825,0 111.210289700143,-7.183474600466021,0 111.2102942190559,-7.183461150374744,0 111.2102942190839,-7.183454425329796,0 111.2103009975195,-7.18341631680794,0 111.2103077758438,-7.183405108428966,0 111.2103100352791,-7.183402866760725,0 111.2103326295933,-7.183360274909112,0 111.2103394079077,-7.183349066519551,0 111.2103439268027,-7.18333561646226,0 111.210357483524,-7.183279574575804,0 111.2103778183047,-7.183254916171454,0 111.2103868560027,-7.183252674514043,0 111.2103936342708,-7.183252674520878,0 111.2104885296847,-7.18325939962496,0 111.2104975673519,-7.183263882981285,0 111.2105088643866,-7.18326836633904,0 111.210669282529,-7.183322166607151,0 111.2106783201811,-7.183326649939903,0 111.2107506212508,-7.183349066697541,0 111.2107619182609,-7.183353550046882,0 111.2107664370883,-7.183353550048163,0 111.2107867717547,-7.183355791735513,0 111.2108997421189,-7.183355791761565,0 111.2109110391535,-7.183353550082647,0 111.2109878589869,-7.183308716679742,0 111.2109901184008,-7.183304233337314,0 111.2110285283081,-7.183263883264271,0 111.2110353065293,-7.183254916582025,0 111.2110624193844,-7.183239224901284,0 111.2110691975997,-7.183236983223137,0 111.2112025024006,-7.183236983240342,0 111.2112183182242,-7.18323698324087,0 111.2112318746433,-7.183236983241066,0 111.2112454310624,-7.183236983241027,0 111.2113019161472,-7.18324146657949,0 111.2113064349514,-7.183241466579103,0 111.2113177319702,-7.183248191598811,0 111.2113651794608,-7.18328854165047,0 111.2113696982693,-7.183295266671921,0 111.2113787358965,-7.183301991675228,0 111.211428442843,-7.183378208503045,0 111.2114352210663,-7.183384933509829,0 111.2114645933632,-7.183411833575764,0 111.211464593374,-7.183423041929995,0 111.2114758904596,-7.18347684208423,0 111.2114781498581,-7.183488050443467,0 111.2114826686917,-7.183497017138826,0 111.2115188192435,-7.183523917231694,0 111.2115278568746,-7.183528400563993,0 111.2115436727417,-7.183530642267309,0 111.2115775638801,-7.183541850637773,0 111.2115978985593,-7.183546333973894,0 111.2116317896931,-7.183546333980711,0 111.2116408273161,-7.18354185064969,0 111.2116476055249,-7.183537367282692,0 111.2116769777683,-7.183503742188255,0 111.2116814965743,-7.183492533823788,0 111.2116860153896,-7.183485808791345,0 111.211713128149,-7.183405108523329,0 111.2117131281403,-7.183400625193927,0 111.2117140204486,-7.183394999050526,0 111.2117345550748,-7.183284981926511,0 111.2118413353334,-7.183227935895326,0 111.2118331210134,-7.1828775117429,0 111.2115620628217,-7.182632810442404,0 111.2114388547997,-7.182559465947313,0 111.2115086727723,-7.182465747469101,0 111.2115702756937,-7.18218348007656,0 111.2117016975094,-7.182338319439299,0 111.2119029373219,-7.182289422066668,0 111.2121781014274,-7.182138656700495,0 111.212288987788,-7.181906397612089,0 111.2124204081265,-7.181440496181311,0 111.2121288161535,-7.181187864719435,0 111.2117797283418,-7.181208238967518,0 111.2115004576715,-7.181375302739287,0 111.2114265331477,-7.18125306155551,0 111.2114388539196,-7.181236762683613,0 111.2115250993908,-7.181008578896865,0 111.2114799232887,-7.180898561992647,0 111.2114840302137,-7.180837441468698,0 111.2116195582987,-7.180678527984647,0 111.211701696391,-7.18055628694286,0 111.2117099101853,-7.180539988139718,0 111.2118700790476,-7.180209937432175,0 111.2121534539515,-7.17954298432448,0 111.212247911909,-7.179269979079582,0 111.2123546900319,-7.178850284980831,0 111.2124491481693,-7.178703595602563,0 111.2126052091273,-7.178312423724453,0 111.2129173323546,-7.177521926234465,0 111.2127859114206,-7.177497478700896,0 111.2127160525188,-7.177499361947155,0 
					</coordinates>
				</LinearRing>
			</outerBoundaryIs>
		</Polygon>
	</Placemark>
	<Placemark>
		<name>BOUNDARY [4:Polygon]</name>
		<open>1</open>
		<snippet></snippet>
		<styleUrl>#m_ylw-pushpin</styleUrl>
		<Polygon>
			<tessellate>1</tessellate>
			<outerBoundaryIs>
				<LinearRing>
					<coordinates>
						111.2213292175137,-7.151067868569198,0 111.2211943400053,-7.151050905145898,0 111.2210385659919,-7.151032056877924,0 111.2209416820742,-7.151011323365027,0 111.2207789418219,-7.150973625930314,0 111.2206117695487,-7.150935928565899,0 111.2205965720548,-7.150930273904101,0 111.220499688194,-7.150907655437456,0 111.2203990049867,-7.150883152023913,0 111.2203933059443,-7.150883152043959,0 111.2202394316214,-7.150847339339052,0 111.2198211736671,-7.150776139363761,0 111.219717268874,-7.150754877535885,0 111.2197178431297,-7.15087879367638,0 111.2196795439761,-7.150884013987614,0 111.2196675037999,-7.150910046225801,0 111.2196170422471,-7.151005434583655,0 111.219589500374,-7.151015660491337,0 111.2195770135292,-7.151020767111801,0 111.2195520705599,-7.151030967753478,0 111.2195496387174,-7.151033515220917,0 111.2195248474826,-7.151106938287766,0 111.2195227516626,-7.151116997459996,0 111.219520870118,-7.151132055451671,0 111.2195215162328,-7.151206796866802,0 111.2195194400518,-7.15121669393724,0 111.2195093224387,-7.151270842914086,0 111.219503488157,-7.151307488510936,0 111.2195393512557,-7.151336645556738,0 111.2195770455946,-7.151353588817951,0 111.219576242792,-7.151396942614309,0 111.2195716067421,-7.151404138165923,0 111.2195341171733,-7.151447131807167,0 111.2195220855223,-7.151451890114865,0 111.2194760513243,-7.151461396039707,0 111.2194638293722,-7.151461396343098,0 111.2194540517657,-7.151461396585479,0 111.2194418298113,-7.151461396888042,0 111.2193977036532,-7.151459023212658,0 111.2193852203369,-7.151454271166807,0 111.2193753054207,-7.151451893744733,0 111.2193377766867,-7.151437609297696,0 111.2193300069355,-7.151430453959729,0 111.2193070787564,-7.151416117959732,0 111.219278274364,-7.15138734261528,0 111.2192652060317,-7.1513753122472,0 111.2192431294271,-7.151339076254543,0 111.2192347561417,-7.151324520818647,0 111.2191888102355,-7.151268399644773,0 111.2191735593641,-7.151263495207459,0 111.2191511964336,-7.151263495721582,0 111.2191213791636,-7.151263496403849,0 111.2190841075443,-7.151263497251494,0 111.2190451514507,-7.151273303729231,0 111.2190409888664,-7.151283093648096,0 111.219029351032,-7.151322096240873,0 111.219020072109,-7.151329381566781,0 111.2189953586689,-7.151329382127663,0 111.2189902059866,-7.151326954819614,0 111.2189696910736,-7.151290427301131,0 111.2189688312272,-7.151280649296472,0 111.2189654867124,-7.151270855602336,0 111.2189530115366,-7.151214234236303,0 111.218942367223,-7.151206810214585,0 111.2189342078381,-7.15119937707973,0 111.2189001223219,-7.151181998265494,0 111.2188898837935,-7.151179511674958,0 111.2188666537032,-7.151172045645329,0 111.2188459001602,-7.151164570463155,0 111.2188404036985,-7.15115958179607,0 111.2188293973616,-7.15114959225157,0 111.2188103546194,-7.15110947055177,0 111.2188091009195,-7.151096878677916,0 111.2188368728526,-7.151071617013759,0 111.2188469685638,-7.151071616807001,0 111.2189723853943,-7.151091831308507,0 111.2189851995189,-7.151094353540357,0 111.2190611770082,-7.151099393782493,0 111.2190685336583,-7.151096873197952,0 111.2190931519553,-7.151056405296052,0 111.2191631910975,-7.151046245447597,0 111.219168249274,-7.151046245336112,0 111.2192011272996,-7.151046244608144,0 111.2192417559638,-7.151048784850189,0 111.2192468130986,-7.151048784736567,0 111.21926656692,-7.151041157736931,0 111.2192714698541,-7.151038613369131,0 111.2193294701847,-7.150855261858262,0 111.2193303936021,-7.150733550570046,0 111.2192817860101,-7.150677595278347,0 111.2192695911779,-7.150673284012506,0 111.2192043771284,-7.150634356497141,0 111.2189955535939,-7.150599550172851,0 111.2187356777135,-7.15059549116138,0 111.218718837995,-7.150786768663248,0 111.2186653894766,-7.150867087783618,0 111.218606499309,-7.150852008477769,0 111.2184697221147,-7.150838813973343,0 111.2184260293937,-7.150914210370617,0 111.218424129705,-7.15092175004005,0 111.2183956344379,-7.151004685997087,0 111.2183348445043,-7.151140399258685,0 111.2182911517219,-7.151232759623659,0 111.21826075633,-7.151413971101612,0 111.2182341606983,-7.151530835407441,0 111.2181638722589,-7.151523295613081,0 111.218108781283,-7.151510101098115,0 111.2180859849976,-7.151502561395437,0 111.218074586874,-7.151498791557475,0 111.2179188121091,-7.151474287199797,0 111.2179131130136,-7.151474287177987,0 111.2178751191607,-7.151495021036011,0 111.2178295264315,-7.151551568188083,0 111.2177611372857,-7.151632619104876,0 111.2177997321885,-7.151859677595031,0 111.2179061156194,-7.151901146231988,0 111.2181131827642,-7.151938845285916,0 111.2182670579454,-7.151961464648989,0 111.2183126505576,-7.151995393103803,0 111.2182594591996,-7.152099062949132,0 111.2182594591991,-7.15210094784967,0 111.2182214653292,-7.152157495013249,0 111.2181929697981,-7.152291323381244,0 111.2181934444398,-7.152403859301415,0 111.2181909442999,-7.152411300813582,0 111.2181684433434,-7.152465871710135,0 111.2181634432146,-7.152473313143895,0 111.2181434425382,-7.15251300099596,0 111.2181409424457,-7.152517961977408,0 111.2181334421139,-7.152535325431226,0 111.2181209411632,-7.152582455001209,0 111.2181159409215,-7.152597338002228,0 111.2181084404717,-7.152619662503872,0 111.2181059401584,-7.15263454556147,0 111.2181009395281,-7.152664311666635,0 111.2181009394188,-7.152669272704459,0 111.2181009377662,-7.152743688259716,0 111.218100937377,-7.152761051888454,0 111.2180959366153,-7.152795779035278,0 111.2181041402927,-7.152843113716036,0 111.2181291402613,-7.152850555898312,0 111.2181491401837,-7.152853036919759,0 111.2182091399769,-7.152867921519644,0 111.2182216399107,-7.152872882868998,0 111.2182491397114,-7.152880325086979,0 111.2182566396761,-7.152882805798894,0 111.2183041390297,-7.152912573185359,0 111.2183091389337,-7.152917534349351,0 111.2183016380621,-7.152959703091987,0 111.2182641369828,-7.153014273740539,0 111.2182616367169,-7.153026676303259,0 111.2182591356042,-7.153078767235827,0 111.2182591352845,-7.15309365037753,0 111.2182616350222,-7.153106053050706,0 111.2182666338441,-7.15316062466836,0 111.218274133532,-7.153175507968148,0 111.2183141324979,-7.153220158235381,0 111.2183291322403,-7.153232561161968,0 111.2183316320773,-7.153240002782264,0 111.2183591312124,-7.153274730662653,0 111.21836663105,-7.153282172385521,0 111.2183916306683,-7.15329457551479,0 111.2184166304449,-7.153304498118415,0 111.2184316303286,-7.153309459470403,0 111.2184866296133,-7.153334265807219,0 111.2184916294946,-7.153334265909106,0 111.2185091292472,-7.153344188337597,0 111.2185666283024,-7.153376436252387,0 111.2185791280502,-7.15338387807298,0 111.2186566269365,-7.153416126362942,0 111.2186616268093,-7.153421087500793,0 111.2186816259655,-7.153453334638536,0 111.2186916257083,-7.153463256912936,0 111.2187466243325,-7.153510387866536,0 111.218764123872,-7.153525271303383,0 111.2188266228709,-7.153550077722987,0 111.2188666223431,-7.153562481078068,0 111.2188816221003,-7.153567442384552,0 111.2188916219389,-7.153572403634353,0 111.2190516203559,-7.153584809278553,0 111.2191041203336,-7.153562485628957,0 111.219114120316,-7.153560005312467,0 111.2191291201546,-7.153560005599772,0 111.2191541200231,-7.153555045023702,0 111.2191616199689,-7.153555045167385,0 111.2191816198181,-7.153552565042899,0 111.2192416196976,-7.153530241548447,0 111.2192516196932,-7.153525280686857,0 111.2192966196425,-7.153505437417159,0 111.2193091196639,-7.153497996117708,0 111.2193166196394,-7.153495515755135,0 111.2193666192148,-7.153490555681361,0 111.2193741191397,-7.153490555825059,0 111.2193866190586,-7.153488075538592,0 111.2194466186216,-7.15347815462304,0 111.2194616184638,-7.153478154909844,0 111.2194841181804,-7.153480635865571,0 111.2194916180994,-7.153480636008839,0 111.2195941167999,-7.153493040534704,0 111.2196366163624,-7.153493041344157,0 111.2196466162551,-7.153493041534494,0 111.2196816160024,-7.153488081167546,0 111.2196966158577,-7.153488081452635,0 111.2197466154994,-7.153480640862386,0 111.2197566154412,-7.153478160525686,0 111.2197991155983,-7.153445914626466,0 111.2198016156699,-7.153440953641088,0 111.2198141168126,-7.153371499429621,0 111.2198141170845,-7.153356616355648,0 111.2198291181225,-7.153292123235233,0 111.2198366183552,-7.153274759767722,0 111.2198391185182,-7.153264837763076,0 111.2198791184914,-7.153244994378202,0 111.2198941184867,-7.153237553107377,0 111.2199266185251,-7.15321770958252,0 111.2199366184978,-7.153215229249002,0 111.2200491173218,-7.153222672827506,0 111.2200641171846,-7.153225153613762,0 111.2200816169788,-7.153227634444725,0 111.2201266161708,-7.153252440421452,0 111.220126615516,-7.153289648169347,0 111.2201266152121,-7.15330701179046,0 111.2201241139774,-7.153378946744267,0 111.2201241137216,-7.153393829851533,0 111.2201266124425,-7.153468245427931,0 111.2201291123052,-7.153475687040969,0 111.2201541117216,-7.153500492701748,0 111.2202266109081,-7.153522818737814,0 111.220284111184,-7.153488092532739,0 111.2203191120293,-7.153423599673224,0 111.2203316129377,-7.153366547951579,0 111.2203316129789,-7.153364067421938,0 111.220336614004,-7.153302054531147,0 111.2203366152733,-7.153227638961782,0 111.2204064697206,-7.153169921670602,0 111.2204139706407,-7.153112869866077,0 111.2204139707235,-7.153107908827418,0 111.2204139715156,-7.153060778972375,0 111.2204139715577,-7.153058298453271,0 111.2204139718101,-7.153043415338821,0 111.2204089721662,-7.153023571100165,0 111.2203864725626,-7.153008687603439,0 111.2203589728609,-7.153001245572715,0 111.220348973047,-7.152996284365658,0 111.2203164733845,-7.15298884224893,0 111.2202914735663,-7.152988841815149,0 111.2202589737097,-7.152993802284004,0 111.2202164735863,-7.153021087224376,0 111.2202039736303,-7.153026048032533,0 111.2201539740145,-7.15302852766227,0 111.2201289745467,-7.153011163607823,0 111.2201264746524,-7.153006202530854,0 111.2201089755312,-7.152964033451931,0 111.2200864764242,-7.152926825317907,0 111.2200589768227,-7.152919383289804,0 111.2200489769557,-7.15291938311296,0 111.2200139772694,-7.152921863007593,0 111.2199664781986,-7.152897057007252,0 111.2199314784416,-7.152904497926277,0 111.219916478599,-7.152904497656685,0 111.2198839789677,-7.152904497070621,0 111.2198739791308,-7.152902016374928,0 111.2198639792943,-7.152899535679061,0 111.2198489796428,-7.152889613348027,0 111.2198439798737,-7.152879691198237,0 111.2198389807386,-7.152837522364802,0 111.2198389809717,-7.152825119789828,0 111.2198364811348,-7.152817678199525,0 111.2198064820318,-7.152787911485476,0 111.2197939823184,-7.152780469703572,0 111.219746483119,-7.152768066272726,0 111.2197389832525,-7.152765585630254,0 111.2197064837464,-7.152760624003611,0 111.2196789841188,-7.152758142971423,0 111.2196189849865,-7.152750700320798,0 111.2196139850976,-7.152748219702425,0 111.2195989853292,-7.152745738916276,0 111.2195814856846,-7.152738297032426,0 111.2195689858848,-7.152735816291721,0 111.2195314864876,-7.152728374026947,0 111.2195214866084,-7.152728373836975,0 111.2194514875082,-7.152725891991994,0 111.2194064880572,-7.15272589112187,0 111.2193939882078,-7.152725890878919,0 111.2193489886955,-7.152728370505499,0 111.2192714893601,-7.152740771563514,0 111.2192664893865,-7.152743251969969,0 111.2192139897394,-7.15275565351065,0 111.2192064897867,-7.152758133866254,0 111.2191439899915,-7.152782937766099,0 111.2191089894125,-7.152830066848782,0 111.2190989893263,-7.152839988709601,0 111.2190439886871,-7.152899519966319,0 111.2190364888009,-7.152899519814692,0 111.2189814900723,-7.152862310963277,0 111.2189814902718,-7.152852388897579,0 111.2189739919118,-7.15277301221786,0 111.2189189940301,-7.152691153992047,0 111.2189139942178,-7.152686192849255,0 111.2188864962447,-7.152594413063987,0 111.2188639976837,-7.152529919061102,0 111.2188389997678,-7.152430697619458,0 111.2188390000457,-7.152415814498553,0 111.2188290018436,-7.152321554349993,0 111.2188290018889,-7.152319073794489,0 111.2188165041155,-7.152202488770038,0 111.2188165042917,-7.152192566612126,0 111.2188465048469,-7.152145437269672,0 111.218911503992,-7.152165283025826,0 111.2189215038273,-7.152167763775648,0 111.2190515017219,-7.152217377224279,0 111.2190740015803,-7.152212416682988,0 111.2191440018265,-7.152160327168765,0 111.2192465005086,-7.152170251414301,0 111.2192539994715,-7.152222342661463,0 111.2192989967528,-7.152338928152153,0 111.2193139964423,-7.152346370033028,0 111.2193989950507,-7.152366215905559,0 111.2194164946955,-7.152373657824159,0 111.2194289945448,-7.152373658069079,0 111.2194989937937,-7.15236869836288,0 111.2195339942245,-7.152324049656027,0 111.2195639955318,-7.152237231884875,0 111.2195689957573,-7.152222348887109,0 111.2196264973297,-7.152105765167435,0 111.2196314974132,-7.152098323700866,0 111.2196364975521,-7.152088401634733,0 111.2196689977114,-7.152061116422282,0 111.2196764976141,-7.152061116557682,0 111.2196914974479,-7.152061116827302,0 111.2197539957584,-7.152110728496881,0 111.2197414944386,-7.152185144135705,0 111.2197314931736,-7.152270001887112,0 111.2197314929277,-7.1522824045918,0 111.2197414916393,-7.152341937573896,0 111.2197464915841,-7.152341937661464,0 111.2197989906983,-7.152359302305999,0 111.2198239903419,-7.152364263776557,0 111.2198364901148,-7.152369225032115,0 111.2199039890196,-7.152389070409252,0 111.219918988777,-7.152394031698094,0 111.2199489878929,-7.152423798594624,0 111.2199714873182,-7.152441162678176,0 111.2199814870659,-7.152448604398502,0 111.2200214860899,-7.152478371347866,0 111.2200339858448,-7.152483332662245,0 111.2200414856916,-7.152488293818276,0 111.2200914849877,-7.15250069727129,0 111.2201139847349,-7.15250317813655,0 111.2201389845215,-7.152503178517802,0 111.2202239837106,-7.152510621343275,0 111.2202414834094,-7.152518063157478,0 111.2202489832688,-7.152523024384129,0 111.2202839822193,-7.152560232754848,0 111.2202939820706,-7.152565194015095,0 111.2203964804142,-7.152614805997537,0 111.2204164802922,-7.152614806277119,0 111.2204264802614,-7.152614806416045,0 111.2204539807415,-7.152585040485327,0 111.2204589808783,-7.152575118394889,0 111.2204639810207,-7.152567676901669,0 111.2205089821232,-7.152508144741601,0 111.2205214822025,-7.152498222731114,0 111.2205289823509,-7.152490781256253,0 111.2205339823976,-7.152488300795743,0 111.2205764821959,-7.15249078184887,0 111.2205864821384,-7.152493262495975,0 111.2205964820825,-7.152495743142634,0 111.2206389805489,-7.152562718112592,0 111.2206339785314,-7.152659458697077,0 111.2206439775209,-7.152709069413854,0 111.220646477371,-7.152716511042788,0 111.2206339761749,-7.152776043544924,0 111.2206314760763,-7.152781004545411,0 111.2206089741102,-7.152887666851791,0 111.220606474016,-7.152892627845578,0 111.2205889717351,-7.153014173235131,0 111.2205489705236,-7.153088588261505,0 111.2205489704337,-7.153093549304389,0 111.220513969176,-7.153172925405294,0 111.220513969088,-7.153177886446184,0 111.2204839672806,-7.153284548294254,0 111.2204814671575,-7.153291989810453,0 111.2204689646916,-7.1534433012837,0 111.2204464630953,-7.153547482713022,0 111.220443776494,-7.153618731404951,0 111.2206320616404,-7.153888773450349,0 111.2210375111906,-7.154044172512402,0 111.2211705741793,-7.153996402631662,0 111.2212422709414,-7.153787168839071,0 111.2212462002866,-7.153779590225175,0 111.2212594555018,-7.153564341494142,0 111.2212939133366,-7.153418814694492,0 111.2212115219694,-7.15335104674566,0 111.2212117106195,-7.153343035705241,0 111.2212451723933,-7.153234092199221,0 111.2212604080304,-7.153094768865075,0 111.2212923336891,-7.152927730818967,0 111.2213781984812,-7.152830112253401,0 111.2215625856669,-7.15286844266704,0 111.221585897606,-7.152876936811372,0 111.221593597618,-7.152881180694857,0 111.2216539287282,-7.153015841847035,0 111.2216033714715,-7.153254368556293,0 111.2216814068773,-7.15345444903972,0 111.2217493838581,-7.153595442329852,0 111.2217629874204,-7.153684215185525,0 111.2216949494466,-7.15376059899664,0 111.2216907957584,-7.153768196161731,0 111.2216821055235,-7.153926035323137,0 111.2219201815804,-7.154061693786565,0 111.2220417864102,-7.15407603760422,0 111.2221824863742,-7.154125890596226,0 111.2222219447417,-7.154387555852444,0 111.2223259654918,-7.154426937728762,0 111.2225612502061,-7.154439172500682,0 111.2227006341123,-7.154581170814071,0 111.2227006285096,-7.154585907683726,0 111.2227304054354,-7.154748635918885,0 111.2227440830339,-7.154986501562591,0 111.2228145486442,-7.155134840193747,0 111.2228166419962,-7.155144728057165,0 111.2228772305619,-7.155230353984284,0 111.2228938481975,-7.155373514573541,0 111.2228946223688,-7.155528185238335,0 111.2228039265277,-7.15574319913077,0 111.2227336090121,-7.155999147614168,0 111.2226369126972,-7.156015589602037,0 111.2225619116889,-7.156117289928095,0 111.2225504895225,-7.156173733784243,0 111.2225104882583,-7.1562233438526,0 111.222465487676,-7.15621838215484,0 111.2224554875442,-7.156215901473565,0 111.2223854868896,-7.15620101730998,0 111.2223654866401,-7.156198536509304,0 111.222357986538,-7.156198536403364,0 111.2223154855424,-7.156245665808973,0 111.2223079853615,-7.156253107272065,0 111.2222904844419,-7.156325042300771,0 111.2222829842391,-7.156334964298133,0 111.222280484181,-7.156337444797702,0 111.2222729833658,-7.156404418911542,0 111.2222704832302,-7.156414340986545,0 111.2222454823442,-7.156481314878441,0 111.2222379822534,-7.156481314756726,0 111.222172981757,-7.156468911072246,0 111.2221879826095,-7.156404417577058,0 111.2222079838805,-7.156300235789193,0 111.2222329849365,-7.156233261967659,0 111.222140484663,-7.156198533300222,0 111.2220272414229,-7.156203010270887,0 111.2218891813605,-7.15634812215982,0 111.221835480019,-7.156463944571831,0 111.2217479804666,-7.156411852222893,0 111.2216679806449,-7.15639696785506,0 111.2215754810021,-7.15636968067478,0 111.2214603515527,-7.156327510840009,0 111.2213203513223,-7.156292781210027,0 111.2213128513515,-7.156287820043454,0 111.2212403520902,-7.156228286360985,0 111.2212403532979,-7.156146429226861,0 111.2212403534093,-7.156138987668185,0 111.2212503556889,-7.155992637201079,0 111.2212328559811,-7.155970312268498,0 111.2210628567381,-7.155925660375095,0 111.2210528568097,-7.155920699187257,0 111.2210403569371,-7.155915737961282,0 111.2208478574328,-7.15591573496804,0 111.2208278575128,-7.155915734651185,0 111.2207828567904,-7.155967824748886,0 111.2207653551188,-7.156072006090713,0 111.2207628549591,-7.156081928105715,0 111.2207553528528,-7.156213395291349,0 111.2207553527727,-7.156218356323014,0 111.2207278522572,-7.156255563590571,0 111.2206703522679,-7.156267965190103,0 111.2205903524802,-7.156272924865395,0 111.2205778525443,-7.156272924652943,0 111.2203703532608,-7.156282843167507,0 111.2201981335161,-7.15628284061921,0 111.2201331335573,-7.156280358899082,0 111.2199856337762,-7.156275395104307,0 111.2199681338666,-7.156272914248717,0 111.2199031339689,-7.156272913027365,0 111.2197581343105,-7.156277871321863,0 111.2196956348988,-7.156258026009353,0 111.2196956350827,-7.156248103946774,0 111.2196906365504,-7.156171207897851,0 111.2196856382353,-7.156081909280426,0 111.2196031387605,-7.156074466192399,0 111.2195956387929,-7.156074466050933,0 111.219554036761,-7.156042218612315,0 111.2195190368128,-7.156037256908385,0 111.2195340379334,-7.155982685757937,0 111.2194940392012,-7.155913230470209,0 111.2194665393131,-7.15590578840256,0 111.2194565394377,-7.155900827178387,0 111.2193715396487,-7.155888423001243,0 111.2192840397003,-7.155888421353168,0 111.2192840408669,-7.155831369460896,0 111.2192190417796,-7.155794160460221,0 111.2191115424211,-7.155776794806351,0 111.2191340433363,-7.155732145919461,0 111.219169045141,-7.155640367397034,0 111.2191690451938,-7.155637886887463,0 111.2191740454027,-7.155627964901801,0 111.2192165475727,-7.155521303313128,0 111.219224047842,-7.155508900807327,0 111.219226547896,-7.155506420339449,0 111.2192290495799,-7.155429524195139,0 111.2191565509673,-7.15537495135902,0 111.2191415511405,-7.155367509547099,0 111.2190390523223,-7.155330299810363,0 111.2190290524744,-7.155325338596167,0 111.2189140537024,-7.155290609073844,0 111.2189065537731,-7.155288128415513,0 111.2188090543009,-7.155285646017584,0 111.2187615532378,-7.155345177667582,0 111.2187290514257,-7.155436956295053,0 111.2186815488704,-7.155568422863556,0 111.2186290479582,-7.15562831467606,0 111.2185815478392,-7.15564319679341,0 111.2184640490097,-7.155610947467876,0 111.2184515491121,-7.155608466676481,0 111.2183215499348,-7.155593580584256,0 111.2183040499853,-7.155593580185273,0 111.2182890500317,-7.155593579841644,0 111.2182315494171,-7.155633266976904,0 111.2182215476636,-7.15572008516465,0 111.2182215473551,-7.15573496833789,0 111.2181890464677,-7.155782097525381,0 111.2181315466045,-7.155784576693854,0 111.2181090473386,-7.155752329385701,0 111.2181290484454,-7.155695277747726,0 111.2180765495803,-7.155645665966031,0 111.217966550549,-7.155608455293458,0 111.2179515505809,-7.155605974395066,0 111.2179015502755,-7.155623336777401,0 111.2178890488287,-7.155697752376398,0 111.2178440452789,-7.155873868599178,0 111.2178440450738,-7.155883790696442,0 111.2178640424569,-7.156007817306566,0 111.2179615414962,-7.156047507974619,0 111.2179465404769,-7.156094637502314,0 111.2178915402678,-7.156109519296709,0 111.2178240402109,-7.156111998193612,0 111.2177590402701,-7.156109516112275,0 111.2175940403681,-7.156092148377727,0 111.2175790402871,-7.156092148001486,0 111.2175390396293,-7.156116952249688,0 111.2174940367077,-7.156240977261698,0 111.2174940365405,-7.156248418819859,0 111.2175165355164,-7.156295549282384,0 111.2175240353968,-7.156302991029495,0 111.2176265345181,-7.156357564937199,0 111.2176365345676,-7.156357565172878,0 111.2178340340793,-7.156389816493898,0 111.2178415340962,-7.156389816665533,0 111.2178865344629,-7.156372454071371,0 111.217889034523,-7.156369973611129,0 111.2179140357257,-7.156315402812509,0 111.2179165358393,-7.15631044183523,0 111.2179765506722,-7.156243468782993,0 111.2179915507775,-7.156243469136041,0 111.2180890506687,-7.156265796093329,0 111.2181040505282,-7.156270757480795,0 111.2183015503883,-7.156293086638348,0 111.2183190503724,-7.156293087027901,0 111.2183265503885,-7.15629308719457,0 111.2185365496211,-7.156315416429248,0 111.2185590494589,-7.156320377944732,0 111.2187065489946,-7.156322861589548,0 111.2187690481012,-7.156355109590149,0 111.2187440461197,-7.156454329642757,0 111.2187440460156,-7.156459290671574,0 111.2188215439849,-7.156543629748381,0 111.2189290422233,-7.156605459938033,0 111.218979041662,-7.156625305109127,0 111.2189865415903,-7.156627785770008,0 111.2189940415617,-7.156627785922316,0 111.2190340410306,-7.156647630873561,0 111.2190365410209,-7.156647630923807,0 111.2191040403463,-7.156669956957512,0 111.2191165402047,-7.156674918219665,0 111.2191315391488,-7.156724528853678,0 111.2191315390985,-7.156727009360376,0 111.2191165377423,-7.156796463513713,0 111.2191140376478,-7.156801424495445,0 111.219106536518,-7.156858476188289,0 111.2190515361415,-7.156885760746452,0 111.2189790363703,-7.156885759287435,0 111.2189715363979,-7.156885759135551,0 111.2189065366987,-7.156880796781846,0 111.2188990367181,-7.156880796628204,0 111.2188215370485,-7.156875833999622,0 111.2187790370465,-7.156880794145497,0 111.2187290360366,-7.156935364425469,0 111.2186940348217,-7.156997376560738,0 111.2186515330011,-7.157086674205441,0 111.2186390316445,-7.157151167333433,0 111.2186140295864,-7.157247906907513,0 111.218596527882,-7.157327283072478,0 111.2185965277187,-7.157334724612991,0 111.2186215259092,-7.157416582176766,0 111.2186315256823,-7.157426504448591,0 111.2187040247761,-7.157466194186797,0 111.2187140247107,-7.157468674894825,0 111.218724024727,-7.15746867509472,0 111.2187640252091,-7.157443870738658,0 111.2187640253159,-7.157438909684394,0 111.2187740260204,-7.157406663173587,0 111.2187790262102,-7.157396741207215,0 111.2188040277071,-7.157324806752031,0 111.2188065278664,-7.157317365265296,0 111.2188115280794,-7.157307443303947,0 111.2188540288721,-7.15726527541282,0 111.2188640288605,-7.157265275614844,0 111.218889027929,-7.157307444866661,0 111.2188865277728,-7.157314886352548,0 111.2188640259953,-7.157401703946356,0 111.2188615258366,-7.157409145435823,0 111.2188540245854,-7.157468677692641,0 111.2189540236758,-7.157505887462419,0 111.2189640236125,-7.157508368169896,0 111.2191040225194,-7.157553020271504,0 111.219109022564,-7.157550539862653,0 111.2191840232078,-7.157513333577923,0 111.2191890232965,-7.157508372661676,0 111.2192315245023,-7.157443880077714,0 111.2192415247387,-7.157431477663253,0 111.2192540255922,-7.157386828635135,0 111.2192640258125,-7.157374426262898,0 111.2193365261264,-7.157352103045081,0 111.2194365253479,-7.157386832252127,0 111.2194565252098,-7.157394274208325,0 111.2195265246639,-7.157421561255964,0 111.2195390246633,-7.157421561503575,0 111.2195465246348,-7.157424042199559,0 111.2196365247847,-7.157416602415802,0 111.2196915245454,-7.157433967145153,0 111.2197428402305,-7.157291555409789,0 111.2197589195209,-7.157090078650096,0 111.219774996734,-7.156999162692879,0 111.2198087566836,-7.156921007244394,0 111.2198553756528,-7.156917818070153,0 111.2198682361553,-7.156913033249573,0 111.219911639996,-7.156909844009166,0 111.2199245010026,-7.156874753766531,0 111.2199357550414,-7.156807763059421,0 111.2200126743229,-7.156739178211203,0 111.2200142819051,-7.156737583198614,0 111.2200480407034,-7.15672482367617,0 111.2200978748013,-7.156723229582255,0 111.2201043050426,-7.156721634686106,0 111.2201766448772,-7.156713660929507,0 111.2201814675608,-7.15671206600166,0 111.2202457695133,-7.156710472144427,0 111.2202538072334,-7.156710472291237,0 111.2202618449891,-7.156710472437746,0 111.2202892693503,-7.156702497445751,0 111.2203214207035,-7.156683357749658,0 111.2203214210065,-7.156664217443879,0 111.2203214210568,-7.156661027405241,0 111.2203214213828,-7.156640292075908,0 111.2203198145712,-7.156592441241346,0 111.2203198146696,-7.156586061159308,0 111.2203214227876,-7.156549375558296,0 111.2203246380692,-7.156538210421244,0 111.2203246381177,-7.156535020378343,0 111.2203391069007,-7.156480789712816,0 111.2203407145279,-7.156476004626304,0 111.2203583977461,-7.156466434838701,0 111.2203744732623,-7.156466435153775,0 111.2204194846352,-7.156469626071153,0 111.2204307374775,-7.156469626287096,0 111.2204403828008,-7.15646962647151,0 111.2204452054017,-7.156471221585507,0 111.2204805714064,-7.156477602392492,0 111.2204902166637,-7.156479197594993,0 111.22050789961,-7.156485578010629,0 111.2205127222185,-7.156488768142739,0 111.2205287971632,-7.156523859049391,0 111.2205287970888,-7.15652864411058,0 111.220523973435,-7.156592445065638,0 111.2205207581802,-7.156602015172528,0 111.2205175430116,-7.156608395215464,0 111.2205480857918,-7.156648271380237,0 111.2205561235132,-7.156648271523529,0 111.2206188178271,-7.156651462665171,0 111.2206220329104,-7.156651462721305,0 111.2207040177668,-7.156653059177205,0 111.2207219710151,-7.156608398558368,0 111.2207171489115,-7.15657171289773,0 111.2207171490075,-7.156565332767671,0 111.220720364805,-7.156519077083587,0 111.2207235799821,-7.156514292028788,0 111.2207509087802,-7.15648239199938,0 111.220754123909,-7.156480797036009,0 111.2207991354057,-7.156471227663153,0 111.2208039580138,-7.15647441779157,0 111.220823247783,-7.156528649037869,0 111.2208200325836,-7.156535029112533,0 111.2208200314668,-7.1566084002794,0 111.220955064586,-7.156661038350873,0 111.2209904300247,-7.156697724447862,0 111.2211785120306,-7.156750363152743,0 111.2211817271198,-7.156750363201958,0 111.2212506821274,-7.156710488548414,0 111.2212667582765,-7.156664233122386,0 111.2212908727772,-7.156573317130881,0 111.2213117722873,-7.156474425819078,0 111.2213133799057,-7.156469640781903,0 111.221348746294,-7.156445715936015,0 111.221448413675,-7.156482403152022,0 111.2216367813146,-7.156602820336676,0 111.2218489761468,-7.156724045921948,0 111.2219952623084,-7.156770303736288,0 111.2219711485631,-7.156808584056386,0 111.2219502496044,-7.156869194766216,0 111.2219325659666,-7.156913855193184,0 111.2219309583307,-7.156920235268573,0 111.2219020214039,-7.156998391023157,0 111.2218473630139,-7.157119282613603,0 111.2217830593763,-7.157243693724087,0 111.2217830593106,-7.157248478779814,0 111.2217492992927,-7.157356939891436,0 111.221969207939,-7.157450834594511,0 111.2220495854745,-7.157471571258259,0 111.2220528005723,-7.157473166329617,0 111.2221781895512,-7.157487523471283,0 111.2223369506464,-7.157505069914102,0 111.2224028604719,-7.157521021271648,0 111.2224157208709,-7.157524211513052,0 111.2224237586679,-7.157525806657739,0 111.2225587934188,-7.157532188800077,0 111.2226118428436,-7.157522619388343,0 111.2226182730898,-7.157517834368475,0 111.2226906133735,-7.157484339857029,0 111.222764259311,-7.157447654635765,0 111.222777120272,-7.157396613885489,0 111.2227787278766,-7.157391828838573,0 111.2227867659697,-7.157359928377397,0 111.2227899811629,-7.157351953252956,0 111.2227915887665,-7.15734716820341,0 111.2228173095991,-7.1573503586378,0 111.2228173095848,-7.15735195366214,0 111.2229234084603,-7.157331219788976,0 111.222986103013,-7.157336005785943,0 111.2229957483028,-7.157337600941401,0 111.2230005709426,-7.15734079105394,0 111.2231004586434,-7.157336005619213,0 111.2231101040516,-7.157336005770678,0 111.2231808368536,-7.157334411834114,0 111.2231953048695,-7.157334412052675,0 111.223246746644,-7.157363123377037,0 111.2232869351509,-7.15741735497669,0 111.2234573358826,-7.157449257789079,0 111.2234605509984,-7.157449257829708,0 111.223484664467,-7.157428522801774,0 111.2234910947505,-7.157422142744658,0 111.2235264614297,-7.157363127156455,0 111.2236331793659,-7.157355151734635,0 111.2236797986727,-7.157353557371741,0 111.2236894440496,-7.157356747559341,0 111.2237408860074,-7.157353558217959,0 111.2237923281593,-7.157323253323981,0 111.2238341247599,-7.157315278700456,0 111.223900034458,-7.157334419952632,0 111.2239402231041,-7.157369511080705,0 111.2239241468261,-7.157471592730003,0 111.224022207505,-7.157490734151645,0 111.2240382830132,-7.157493924420178,0 111.2240495358972,-7.157495519563465,0 111.2241090151759,-7.15751466048766,0 111.2241250902134,-7.157575271625651,0 111.2241250897484,-7.157632692474416,0 111.2241604553525,-7.157696493759176,0 111.2241620628039,-7.157704468882949,0 111.2242006432738,-7.157793790488578,0 111.2242022508004,-7.157796980547352,0 111.2242086809296,-7.157804955709896,0 111.2242488693257,-7.157846426639201,0 111.2242520844192,-7.157848021683293,0 111.2242617296631,-7.157852806840495,0 111.2243919408197,-7.157894278521883,0 111.2245167829825,-7.157938772635404,0 111.2245087449934,-7.157973863116901,0 111.2245087449723,-7.157977053155884,0 111.2244942762883,-7.158077539576673,0 111.2246504915563,-7.158148590599683,0 111.2246617445371,-7.158148590733215,0 111.2247083639108,-7.158135831021765,0 111.2247565909112,-7.15811669116448,0 111.2248160706039,-7.158132642176943,0 111.2248257158307,-7.158167732916692,0 111.2248257158161,-7.158170922964387,0 111.2248257157792,-7.158178898133555,0 111.224841791025,-7.158244294488267,0 111.224845006127,-7.15824907958662,0 111.2248642965948,-7.158296930621453,0 111.2256747492321,-7.158582608095264,0 111.2257856710695,-7.158635245084979,0 111.2257888861994,-7.158636840134978,0 111.225796923904,-7.158684691075369,0 111.2257824554169,-7.158805912986012,0 111.2257808478331,-7.158810698059623,0 111.2257728097144,-7.158903209489999,0 111.2257728096879,-7.158909589591532,0 111.2257728096678,-7.15891437467385,0 111.2258869461905,-7.158990936568292,0 111.2258885537472,-7.158992531595323,0 111.2260219811457,-7.158992532364089,0 111.226044487079,-7.158957442000429,0 111.2260541327078,-7.158893641144639,0 111.2260985367427,-7.158751683545709,0 111.2262560777603,-7.158805915501776,0 111.2262625079362,-7.158809105605178,0 111.2263782521369,-7.158845791825351,0 111.2267415590882,-7.159002105624779,0 111.2271077683857,-7.159142193669048,0 111.2273585469326,-7.159207590367628,0 111.2275452036773,-7.159278014733226,0 111.2275484187997,-7.159279609816834,0 111.2276448721957,-7.159340221122203,0 111.2276095059019,-7.159399237076306,0 111.2275693167811,-7.159624135419884,0 111.2275178747537,-7.159797992719648,0 111.2275162671835,-7.159804372803035,0 111.2275130518757,-7.15992080933815,0 111.2275130518646,-7.159927189423419,0 111.2275146594147,-7.159933569510091,0 111.2275355575681,-7.159983015198176,0 111.227818513602,-7.160058439141028,0 111.2280049903736,-7.160075984561492,0 111.2281207344576,-7.160107885046427,0 111.2282975684013,-7.160163710832248,0 111.2284936906375,-7.160219536518564,0 111.2287123184959,-7.160251436786041,0 111.2289499520861,-7.160305434007294,0 111.229090899894,-7.160365207980455,0 111.2290796471008,-7.160430603857595,0 111.2290732168898,-7.160441769016082,0 111.2290732168927,-7.160443364037355,0 111.2290265979243,-7.160593296083079,0 111.2290233828067,-7.160599676173542,0 111.2289687259203,-7.160738443132639,0 111.2289687259246,-7.160743228205702,0 111.2290796476776,-7.160803838820124,0 111.2293223823177,-7.160837333948999,0 111.2293384577735,-7.160725682312997,0 111.2293682907225,-7.160658750136857,0 111.2293763285106,-7.160580593857938,0 111.2294309856701,-7.160598138933857,0 111.2295853116341,-7.160599733383957,0 111.2296012679181,-7.160526362937393,0 111.2296060905602,-7.160515197721939,0 111.2296302041056,-7.160459371718647,0 111.2296318116768,-7.160457776667064,0 111.2296655706296,-7.160454586483785,0 111.2296768235626,-7.160454586435525,0 111.2298070364878,-7.160464156007059,0 111.2298359726972,-7.160470535976645,0 111.2298456180764,-7.16047372599481,0 111.229940464429,-7.160519981254625,0 111.2299404644484,-7.160527956368051,0 111.2299340342921,-7.160575807115471,0 111.2299308192185,-7.160586972310608,0 111.2299292116615,-7.160591757399406,0 111.2299292118155,-7.160669913644733,0 111.2299340345091,-7.160684268850241,0 111.23000476745,-7.160741689417853,0 111.230022450667,-7.160748069458743,0 111.2300304884733,-7.160751259458318,0 111.2302024978184,-7.160799109364187,0 111.2302185734392,-7.160799109284992,0 111.2302282188093,-7.160797514216497,0 111.2302442944057,-7.160791134053714,0 111.2304227336119,-7.160767207820395,0 111.2304902510452,-7.160741687104775,0 111.2305240093092,-7.160644390445597,0 111.2305256168215,-7.160636415297554,0 111.230541692218,-7.160596539632937,0 111.2305465148906,-7.160596539612085,0 111.2306606517784,-7.160612489379719,0 111.2306799425115,-7.160614084317375,0 111.230689587903,-7.160617274313706,0 111.2306944105982,-7.160617274293763,0 111.2308696349142,-7.160614083548029,0 111.2309258994977,-7.160591752981148,0 111.230943582368,-7.160543902140757,0 111.2309467974593,-7.160537522027654,0 111.2309741252047,-7.160416300083054,0 111.2309757327625,-7.160414705057817,0 111.2310094908453,-7.160299863197669,0 111.2309451879979,-7.160248822818742,0 111.2308776701656,-7.160215327723528,0 111.2308808852789,-7.160212137660788,0 111.2309098210252,-7.160145146557478,0 111.2309130361402,-7.160141956492852,0 111.2308345691647,-7.160092510789594,0 111.2307686583813,-7.16006539574037,0 111.2307461524668,-7.160094106377894,0 111.2307429373302,-7.160098891473061,0 111.2307413297724,-7.160103676570606,0 111.2306689894115,-7.160204163632489,0 111.2306625591957,-7.160207353717659,0 111.2306561288926,-7.160207353750902,0 111.2306271926114,-7.160207353899326,0 111.2306175471485,-7.160204163897698,0 111.2305853957205,-7.160199378985347,0 111.230582180574,-7.160199379001579,0 111.2305693200469,-7.160196189016599,0 111.2304809036586,-7.160173859119707,0 111.2304728658807,-7.160173859159431,0 111.2304407146336,-7.160189809553126,0 111.2304310692338,-7.160192999642898,0 111.2303651591081,-7.160197785018014,0 111.2303603363994,-7.160196190016909,0 111.2303137170673,-7.160194595203216,0 111.2302799582107,-7.16018343019768,0 111.230287995876,-7.160143554605288,0 111.2302429840819,-7.160122819518259,0 111.2301417077405,-7.160111654808916,0 111.2301465303366,-7.160086134449406,0 111.2301528029036,-7.160030513376381,0 111.2300418810125,-7.160003398369638,0 111.23003705812,-7.159953952700264,0 111.2300370578767,-7.159890151820426,0 111.2300386654229,-7.159885366747596,0 111.2300595635298,-7.159832730936945,0 111.2300643861695,-7.159827945849696,0 111.2301270808663,-7.159773714814942,0 111.2301302959971,-7.159773714800357,0 111.2301865606595,-7.159760954350123,0 111.2301913833441,-7.159756169249313,0 111.2302235344246,-7.159695558194982,0 111.2302267495408,-7.15968917807976,0 111.2302556854817,-7.159612616713328,0 111.2302524702366,-7.159567956006925,0 111.2302063433953,-7.159531269719081,0 111.2301886600779,-7.159512129481948,0 111.2301147116432,-7.15950255981713,0 111.2300970283775,-7.159499369893255,0 111.2300873829234,-7.159497774936471,0 111.2300439784745,-7.159486610019274,0 111.2300359406759,-7.159483420027359,0 111.2300246876589,-7.159478634983345,0 111.2299700303356,-7.159465875109023,0 111.2299571697643,-7.159464280168758,0 111.2299491319095,-7.159464280219627,0 111.2299025125161,-7.159459495441705,0 111.2298960822372,-7.15945790045871,0 111.2298832216829,-7.159456305514052,0 111.2298767914784,-7.159454710530565,0 111.2298173115333,-7.159453115801405,0 111.2298108813369,-7.159453115837242,0 111.229780337635,-7.159481826528634,0 111.229709530572,-7.159556792444153,0 111.2297063154267,-7.159558387483171,0 111.229690239699,-7.159558387569563,0 111.2296773791918,-7.159556792616499,0 111.2296693413301,-7.159553602591104,0 111.2296661261856,-7.159552007586803,0 111.2296355823889,-7.159523297263926,0 111.2296355823882,-7.159521702217309,0 111.2296355823846,-7.159512132063523,0 111.2296307596624,-7.159464281231681,0 111.2296291520914,-7.159461091196174,0 111.2295584192369,-7.159437166150787,0 111.2295471662561,-7.159430786122466,0 111.2295455586876,-7.15943078613101,0 111.229444282166,-7.159394100988141,0 111.229434636806,-7.159394101034709,0 111.2294282065427,-7.159394101065417,0 111.2293687267805,-7.159410051600419,0 111.2293301453648,-7.159510538423411,0 111.2293269302797,-7.159518513555496,0 111.2293237151589,-7.159526488686705,0 111.2292851338168,-7.15962697532605,0 111.2292851338242,-7.159633355420084,0 111.2292851338356,-7.15964292557325,0 111.2292851338413,-7.15964771062431,0 111.2293172850976,-7.159701941316142,0 111.2293365758329,-7.159709916368088,0 111.2293446136578,-7.159714701419645,0 111.2293542590089,-7.159717891436936,0 111.2294732186208,-7.159748196499491,0 111.2294748262581,-7.15980561732948,0 111.2294748262614,-7.159807212352889,0 111.2294587507528,-7.159863038206013,0 111.2294442829473,-7.159965119702242,0 111.2293944486316,-7.160008185415647,0 111.2293864108363,-7.160006590408213,0 111.2292851344611,-7.159990640373215,0 111.2292206401919,-7.159976285479978,0 111.2292045644213,-7.159971500431354,0 111.2291579448967,-7.159971500498161,0 111.2291370464392,-7.159971500526939,0 111.2291257934995,-7.159971500542133,0 111.2291209707809,-7.15997150054858,0 111.2290518453415,-7.159971500636766,0 111.229050237774,-7.159973095663157,0 111.2290325546789,-7.160024136450726,0 111.2290293395527,-7.16003051655126,0 111.2290196942827,-7.160092722509668,0 111.2290180867418,-7.160103887677402,0 111.2290180867546,-7.160108672758184,0 111.2290116565984,-7.16015333345972,0 111.2290068339104,-7.160161308579776,0 111.2289778977486,-7.160170878718947,0 111.2289441387722,-7.160135788190929,0 111.2289441387681,-7.160134193172835,0 111.2289441387125,-7.160111862832468,0 111.2289441386971,-7.160105482735696,0 111.2289521764161,-7.160051251915432,0 111.2289521763993,-7.160043276802512,0 111.2289505687579,-7.160006591264241,0 111.2289393157447,-7.159985855968204,0 111.228833216607,-7.159957145659813,0 111.2287656990608,-7.159973095939727,0 111.2287560536432,-7.159942790526181,0 111.2287550224811,-7.159859219045429,0 111.2287477479582,-7.159857586682359,0 111.2287097670203,-7.159849404441109,0 111.228702455332,-7.159847763891775,0 111.2286865619478,-7.159842833756273,0 111.2285538629735,-7.159822991653575,0 111.2285433809215,-7.159821329088301,0 111.2285363585508,-7.159816332012947,0 111.228516918684,-7.159799583483369,0 111.2285032852296,-7.159797901290389,0 111.2284973279745,-7.159796217388154,0 111.2284836747031,-7.159794532345707,0 111.2284292699399,-7.159784391024817,0 111.2284220366114,-7.159779300218641,0 111.2284163308465,-7.159774196352503,0 111.2284148208775,-7.159739833623869,0 111.228413733422,-7.159734628333617,0 111.2283895447139,-7.159706639475634,0 111.2283879725966,-7.159706639535736,0 111.2283278747425,-7.159688950692765,0 111.2283168221809,-7.15968895110808,0 111.2282533957287,-7.159694276910322,0 111.2282455113119,-7.159694277199888,0 111.2282302067879,-7.159718938456582,0 111.2282234049233,-7.159731157770585,0 111.2282214672899,-7.159739840831054,0 111.2282010118515,-7.159824666460239,0 111.228199102034,-7.159834606801792,0 111.2281971390562,-7.159846140899651,0 111.2281845576304,-7.159901218117823,0 111.2281531199987,-7.159901219220401,0 111.2280536259716,-7.159877758969353,0 111.2280550520095,-7.159848545560711,0 111.228056433367,-7.159844524309712,0 111.2280620130691,-7.159822922906642,0 111.2280648080087,-7.159816118494617,0 111.2280931385247,-7.159763546634878,0 111.2280945971302,-7.159759330467247,0 111.2281009688512,-7.15970796399374,0 111.2281171997574,-7.159600756892763,0 111.2280391416877,-7.159569519258008,0 111.2279754651301,-7.159558252842279,0 111.2279814690592,-7.159531447232446,0 111.2279933346977,-7.159500329906227,0 111.2280154342196,-7.159467706817773,0 111.2280407885965,-7.1594078927825,0 111.2280408176993,-7.159405036703503,0 111.2280355055816,-7.159352070184818,0 111.2279890084989,-7.15931182492227,0 111.2279334524191,-7.159287321793439,0 111.2279320009304,-7.159284435547626,0 111.2279365482964,-7.159258426248237,0 111.2279470497061,-7.159222204357061,0 111.2279283029187,-7.159149418279868,0 111.2278882149827,-7.159068635128538,0 111.227808032405,-7.159036593921424,0 111.2277605389829,-7.159023400301644,0 111.2276902484335,-7.158985703234022,0 111.2277035456195,-7.158946119795407,0 111.2277358392107,-7.158868837858126,0 111.2277415382662,-7.158863183015472,0 111.2277358369298,-7.158761397949026,0 111.2276940428155,-7.158746319421772,0 111.2276199534888,-7.158731241484176,0 111.2276047556369,-7.158727471956249,0 111.2275914576278,-7.158727472196571,0 111.2275477644855,-7.158744437155392,0 111.2274983728628,-7.158795330592298,0 111.2274983729379,-7.158799100395832,0 111.2274736777157,-7.158853763212569,0 111.2274679787392,-7.158863187858261,0 111.2274299845491,-7.158870728179447,0 111.2274109870126,-7.158851879433531,0 111.2274071874085,-7.158842454959988,0 111.2274033875266,-7.158819836113756,0 111.2274014877695,-7.15881795124613,0 111.2273596936698,-7.158799102894448,0 111.2273482952638,-7.15879344836658,0 111.2273084009258,-7.158776484919101,0 111.227304601421,-7.158772715186135,0 111.2272894039114,-7.158784024897495,0 111.2272875042683,-7.158787794764017,0 111.2272343124915,-7.158800990068049,0 111.2271849203786,-7.158827379707884,0 111.2271602235978,-7.158800991416721,0 111.227177320313,-7.15876140803478,0 111.2271564221817,-7.158691666839641,0 111.2270956308162,-7.15866339436178,0 111.2270177420184,-7.158635122165323,0 111.2268952000551,-7.158591771465152,0 111.2267964143175,-7.15855595996457,0 111.2267178779228,-7.158500747206895,0 111.2266133931733,-7.158476245074286,0 111.226525207329,-7.158431009276831,0 111.2264682153437,-7.158410276104479,0 111.2264587166656,-7.158404621509064,0 111.226424521704,-7.158402737122083,0 111.2263922273192,-7.158449860356193,0 111.2263485336721,-7.158440436467197,0 111.2263181377075,-7.158414048173048,0 111.2263124376295,-7.158359385903777,0 111.2263160254627,-7.158254092234184,0 111.2262210386678,-7.15822016506457,0 111.2260861577092,-7.158173044116712,0 111.2259398568382,-7.158086341880108,0 111.225962652403,-7.158020369554312,0 111.2259626522638,-7.158012829891477,0 111.2259626521597,-7.158007175137148,0 111.2259227571539,-7.157971362262129,0 111.2259151581675,-7.157969477454977,0 111.225909458853,-7.157963822809409,0 111.2258182712785,-7.1579393201214,0 111.2258144718109,-7.157939320172102,0 111.2257593799277,-7.157950630394469,0 111.225723286123,-7.158009063125612,0 111.2257175870936,-7.158018487783895,0 111.2256776938582,-7.158076920562208,0 111.2256738945302,-7.158084460261759,0 111.225641601417,-7.158208864934705,0 111.2256359023626,-7.15821640469239,0 111.2256017075509,-7.158229599508475,0 111.2255922089053,-7.158229599620272,0 111.2255276177004,-7.158193786980176,0 111.2255276176027,-7.158188132261743,0 111.2255029202106,-7.158129700287661,0 111.2255010199796,-7.158099541720692,0 111.2255010190118,-7.158041109467251,0 111.2254231299595,-7.158003412298963,0 111.2253946829871,-7.157962492922795,0 111.2253870840295,-7.157962492994138,0 111.2253737858694,-7.157958723232622,0 111.2253623873666,-7.157954953514157,0 111.2252863977915,-7.157939874888398,0 111.2252579017218,-7.157932335523134,0 111.2252484030191,-7.157930450706274,0 111.2251496168929,-7.157911602482852,0 111.2251268199757,-7.157902178171854,0 111.2251249202467,-7.15790217819157,0 111.2250299337794,-7.157881445080863,0 111.2250185354864,-7.157885215077589,0 111.2249311493949,-7.157949303118497,0 111.2248855558991,-7.157936109188277,0 111.2247886697823,-7.157900296893271,0 111.2247829705634,-7.15789652708429,0 111.2247069813048,-7.15785317499379,0 111.2247031817316,-7.157843750454041,0 111.2247031816776,-7.157839980645053,0 111.2247050808304,-7.157800397459223,0 111.2247069804413,-7.15779285782312,0 111.2247202777825,-7.157747619815983,0 111.224720277729,-7.157743849980791,0 111.2246917814156,-7.157698612483141,0 111.224686082212,-7.157694842746912,0 111.2245569012337,-7.157651491375876,0 111.2245018100307,-7.157683535493251,0 111.224499910375,-7.157687305317635,0 111.2244144238212,-7.157721234676322,0 111.2243954265025,-7.157704270732903,0 111.2243213372468,-7.1576590338256,0 111.2242605450065,-7.15753086090843,0 111.2242567435907,-7.157363104375642,0 111.2243099312821,-7.157021935881641,0 111.2244334120839,-7.157008151662805,0 111.2244372113068,-7.156993072359593,0 111.2244410105768,-7.156981762886668,0 111.224448609103,-7.156957259013904,0 111.2244524084436,-7.156951604240707,0 111.2244790030719,-7.156851703913239,0 111.2244790029529,-7.15684227937681,0 111.2243897162107,-7.156797042738233,0 111.2243897161179,-7.156789503116647,0 111.2244125120281,-7.156744265121393,0 111.2244163113904,-7.156740495264889,0 111.224420110706,-7.156732955597898,0 111.2244562045265,-7.156685832535262,0 111.224482800493,-7.156693371828718,0 111.2245701874116,-7.156729183946458,0 111.2247259627889,-7.156662367504126,0 111.2247430584424,-7.156539848230528,0 111.2247962480068,-7.156323841821578,0 111.2247962477475,-7.156306877590734,0 111.2247962476613,-7.156301222867945,0 111.2247962471175,-7.156265409454433,0 111.2247943473178,-7.156259754755807,0 111.224773450085,-7.156231481277739,0 111.2247677509316,-7.156227711530326,0 111.2246860632151,-7.15621074824771,0 111.2246727652753,-7.156210748399455,0 111.2246689658519,-7.156210748442867,0 111.2246423703784,-7.156240907345652,0 111.2246404706932,-7.156242792272622,0 111.2246043772817,-7.156316304322077,0 111.224583480439,-7.1563125346863,0 111.2245302885119,-7.156303110763919,0 111.2244599992011,-7.156291802085294,0 111.224446701209,-7.156288032429609,0 111.224403007894,-7.156282378168812,0 111.2243973087495,-7.156280493330796,0 111.2243745121346,-7.156269184169134,0 111.2243194206609,-7.156269184830119,0 111.2243156210226,-7.156250335704826,0 111.2243422161029,-7.156184363500219,0 111.2243460154443,-7.156178708744545,0 111.224361212436,-7.156125931075969,0 111.2243631120712,-7.156120276316785,0 111.224399205607,-7.156052419161022,0 111.2244011052627,-7.156048649336451,0 111.2244144024139,-7.155986447224106,0 111.2244144022962,-7.155977022694612,0 111.224414402155,-7.155965713236126,0 111.2244144020845,-7.155960058537092,0 111.2244087023171,-7.155907281215105,0 111.2243688082447,-7.155880893005301,0 111.2243232152555,-7.155869584115128,0 111.2242605248604,-7.155850735804088,0 111.2242187312316,-7.1558356570689,0 111.2242377273615,-7.155760260623262,0 111.2242377272497,-7.155750836095999,0 111.2242377265103,-7.155688634227522,0 111.2242206284175,-7.15562266275591,0 111.2241693360843,-7.155588735059466,0 111.2240648520921,-7.155554807953844,0 111.2240097605929,-7.155543499129957,0 111.2239755662318,-7.155568003286027,0 111.2239546700733,-7.155618895971893,0 111.2239527704296,-7.155624550711472,0 111.2239299745246,-7.155673558519643,0 111.2239299745878,-7.15567921323857,0 111.2239489719263,-7.155705601709289,0 111.2239565707814,-7.155707486529645,0 111.2239641695933,-7.155709371349827,0 111.224009762649,-7.155722565173382,0 111.2240154617721,-7.155724450006671,0 111.2240230606026,-7.155726334825546,0 111.2240572555499,-7.15575083820859,0 111.2240686541355,-7.155782881470036,0 111.2240306599424,-7.155771572482599,0 111.2239831672844,-7.155767803218605,0 111.2239261760041,-7.155754609526522,0 111.2239071792395,-7.155780998436668,0 111.2239033799238,-7.155786653193125,0 111.2238881828857,-7.155846970394601,0 111.223884383646,-7.155860164783127,0 111.2238843836658,-7.155862049683115,0 111.2238615879518,-7.155937446268145,0 111.223861588009,-7.155943101000821,0 111.2238596883734,-7.155950640627593,0 111.2238330927094,-7.155977029685151,0 111.223829293327,-7.155977029730986,0 111.2237666028637,-7.155971375751636,0 111.2237514047773,-7.155928023043263,0 111.2237723010816,-7.155877130255008,0 111.2237666004915,-7.155735762251556,0 111.223749502602,-7.155686754851327,0 111.2237457031164,-7.155681100173653,0 111.223722906098,-7.15563397773267,0 111.2237172066087,-7.155601934366229,0 111.2236944098659,-7.15557743079896,0 111.2236336188695,-7.155552927612836,0 111.2236184207053,-7.155513344676839,0 111.2236203203993,-7.155511459756815,0 111.2236621134955,-7.155464336635924,0 111.2237096058017,-7.155426638001402,0 111.2237191042772,-7.155422868092272,0 111.2237248033696,-7.15541909821975,0 111.2237703960282,-7.15539082415524,0 111.2237874933163,-7.155385169255455,0 111.223793192383,-7.155383284298694,0 111.223853982587,-7.15535124026297,0 111.2238653807736,-7.155345585416871,0 111.2239185718409,-7.155292807473138,0 111.2239223712572,-7.155292807435102,0 111.223931869685,-7.155287152605642,0 111.2240078576229,-7.155272072559495,0 111.2240325536524,-7.155264532667172,0 111.2240534503799,-7.155264532447341,0 111.2240591494985,-7.15526453238702,0 111.2241123411358,-7.15526453181645,0 111.2241978277047,-7.155266415771534,0 111.2242377217797,-7.155296573844999,0 111.2242320237433,-7.155383279624887,0 111.2242225262905,-7.155469985406926,0 111.2242738183347,-7.155481294243771,0 111.2242814171375,-7.155481294154393,0 111.2242890159632,-7.155483178978023,0 111.2242909156855,-7.15548506385384,0 111.2243859010734,-7.155515221207003,0 111.2243972992983,-7.155517105966774,0 111.2244086975002,-7.155517105828111,0 111.2244143966039,-7.155517105758629,0 111.2245834702422,-7.155537837615727,0 111.2247411456851,-7.155549145017176,0 111.2247508521075,-7.155618886409717,0 111.2247907468135,-7.155688627414215,0 111.2248135450522,-7.155829995065935,0 111.2248857339881,-7.155843188444235,0 111.224895232506,-7.155843188315471,0 111.2249883180018,-7.155846956862051,0 111.2250035156501,-7.155848841553337,0 111.2250187132978,-7.155850726244393,0 111.2250719047085,-7.155831876471666,0 111.2251744885538,-7.155828105250705,0 111.2251964576336,-7.155716755262633,0 111.2251964570015,-7.155667747583356,0 111.2252059546861,-7.155603660511597,0 111.2252249508193,-7.155535803510025,0 111.2253442069631,-7.155513183070409,0 111.2253670021242,-7.15541705243623,0 111.2253670019951,-7.155407627906424,0 111.2253480029455,-7.155262490368648,0 111.2252986102889,-7.15523798729936,0 111.2252169227368,-7.155217254480741,0 111.2252169220515,-7.155168246900388,0 111.2252150202116,-7.155024560429682,0 111.225215020162,-7.15502079061314,0 111.2252188175457,-7.154869997964411,0 111.2252321136281,-7.154739939207039,0 111.2252416107803,-7.154647578637437,0 111.225277703342,-7.154528828978688,0 111.2253156955428,-7.154410079255896,0 111.2252777009577,-7.154374266473401,0 111.2252644027965,-7.154334504774207,0 111.2253441891714,-7.154264762143424,0 111.2253460888186,-7.154260992303708,0 111.2253973791333,-7.154159206619921,0 111.2254030780966,-7.15414978201251,0 111.22539927745,-7.154068731039795,0 111.2253232888934,-7.154029148951821,0 111.2251998081489,-7.154014071217539,0 111.2252373630059,-7.153912964075364,0 111.2252677572169,-7.153843222028017,0 111.2253323459072,-7.153764054988318,0 111.2254064341109,-7.153750859676637,0 111.2254102335236,-7.153750859628385,0 111.2255641098472,-7.153788555797222,0 111.2255717086881,-7.153790440595327,0 111.2256685933134,-7.153796093990253,0 111.2256958532017,-7.153620779830564,0 111.2256958529687,-7.15360381565082,0 111.2257053510724,-7.1535736569474,0 111.2257072506285,-7.153566117280454,0 111.2257186483197,-7.153528418922111,0 111.225718648293,-7.153526534021037,0 111.2257547419396,-7.153483180567529,0 111.2257604409642,-7.153477525746619,0 111.2258003341425,-7.153445481698437,0 111.2258953187263,-7.153434170763441,0 111.2259751060471,-7.153443594026972,0 111.2260301950488,-7.153307879958558,0 111.2260567892334,-7.153213634274326,0 111.2259523026002,-7.152990482295507,0 111.2259826961384,-7.152890581794477,0 111.2262222500987,-7.152646074590725,0 111.2265128998208,-7.152468888657073,0 111.2267994802559,-7.152342260435807,0 111.2268013799546,-7.152342260403002,0 111.2268830641036,-7.152193351343827,0 111.2268925624043,-7.152185811553561,0 111.2269362553217,-7.15218581081174,0 111.2270825320414,-7.152217851681807,0 111.2270787343165,-7.152308327229919,0 111.2270787344541,-7.152315866849729,0 111.2270863346101,-7.152393147842609,0 111.2270863347123,-7.152398802560252,0 111.2271072326926,-7.152476083311163,0 111.2272630071039,-7.152472310646353,0 111.2273106664225,-7.152336332605539,0 111.2273163647578,-7.152296749448374,0 111.2273182643185,-7.152289209781885,0 111.2273182642496,-7.152285439966613,0 111.2273277612086,-7.152202503872105,0 111.2273296606598,-7.152189309488445,0 111.2273296605541,-7.152183654767172,0 111.2273619528052,-7.152051710689506,0 111.2273638524286,-7.152047940840456,0 111.2274442845109,-7.151837380079584,0 111.2274480838041,-7.151831725280979,0 111.2274746783414,-7.151767637900776,0 111.2274784775162,-7.151758213288809,0 111.2274822768042,-7.151752558493053,0 111.2274974722796,-7.151645118476352,0 111.2274993718296,-7.151637578817294,0 111.2275221666968,-7.151564067005476,0 111.2275259659386,-7.151556527304252,0 111.2275278655966,-7.151554642354204,0 111.227529765105,-7.151545217786901,0 111.2275544590092,-7.151443432289336,0 111.2275639523793,-7.15117278420339,0 111.2275658519316,-7.151165244550605,0 111.2275677515188,-7.151159589783273,0 111.2275677506692,-7.151114352011243,0 111.227567748546,-7.151003142501669,0 111.2275734475063,-7.150999372579754,0 111.2275810461642,-7.150993717714956,0 111.2276684308037,-7.150946593404172,0 111.2276855297038,-7.151035183667472,0 111.227696927989,-7.151042723071723,0 111.2277083262306,-7.151050262477085,0 111.2277748155651,-7.151069110243984,0 111.2277881134001,-7.151070994890427,0 111.227801411234,-7.151072879536433,0 111.2278337058823,-7.151074763809572,0 111.2278451039876,-7.1510747635858,0 111.2278982945827,-7.151048373864846,0 111.2279039934558,-7.151038949227012,0 111.2279077918662,-7.150991826521068,0 111.2279077916774,-7.150982401997359,0 111.2279495832508,-7.150910774774911,0 111.2279571819739,-7.150910774625704,0 111.2280274703828,-7.150920197764684,0 111.2280312696777,-7.150916427878364,0 111.2281262533128,-7.150895692026051,0 111.2281319523561,-7.150895691911208,0 111.2281452509741,-7.150937159553586,0 111.2281452512058,-7.15094846897775,0 111.2281547522804,-7.151078527228226,0 111.2281585519545,-7.151093606393349,0 111.2281585520707,-7.151099261101664,0 111.2281851484366,-7.151138843576431,0 111.2282060452138,-7.151152037484471,0 111.2282098446155,-7.151153922320544,0 111.2282820329053,-7.151170884999359,0 111.2282972303706,-7.151170884690412,0 111.2283200265755,-7.151170884226509,0 111.2283295249913,-7.151170884033044,0 111.2283409230737,-7.151170883800754,0 111.2284720011614,-7.151165226407414,0 111.2284795998962,-7.151165226251259,0 111.2285707846892,-7.151159569644211,0 111.2286391730659,-7.151144488977155,0 111.2286448720165,-7.151138834136955,0 111.2286771658658,-7.151101135316754,0 111.2287189576954,-7.151040817407865,0 111.2287626487935,-7.150961650356433,0 111.2288272355781,-7.150835360076655,0 111.2289146193109,-7.150735457850289,0 111.2289830063391,-7.150639325738738,0 111.2290001019284,-7.15055261930329,0 111.2289887031414,-7.150522460951026,0 111.2288937178452,-7.150490419764449,0 111.2288823195903,-7.150486650230673,0 111.2288709213373,-7.150482880696424,0 111.2287626387561,-7.150471573822105,0 111.2287512406378,-7.15047157409475,0 111.2286923507358,-7.150494194417883,0 111.2286030667084,-7.150556398592324,0 111.2285973677142,-7.150560168528561,0 111.2285536800354,-7.150539434500929,0 111.228547980899,-7.150537549730368,0 111.2284738923472,-7.150513047644953,0 111.2284643937882,-7.150509277996296,0 111.2282801234339,-7.150490433148913,0 111.2282706250133,-7.150490433364364,0 111.228177540617,-7.150507399650743,0 111.228169941898,-7.150507399818127,0 111.2280977549689,-7.150565833641194,0 111.2280217677159,-7.150571489961125,0 111.2279362825649,-7.150601650287171,0 111.2278469968841,-7.150569608648494,0 111.2278317981203,-7.150501752221109,0 111.2276874221537,-7.150492330482436,0 111.2275201547098,-7.150499873012273,0 111.2274080733725,-7.150501760163233,0 111.2273928759163,-7.150501760462265,0 111.2273757787746,-7.150501760797083,0 111.2273738790875,-7.150501760834179,0 111.2272826943225,-7.150501762590307,0 111.2272674968758,-7.150501762878313,0 111.2272636975482,-7.150503647853365,0 111.227106023989,-7.150503650758938,0 111.2270414354116,-7.150535695374102,0 111.2269331539181,-7.150554546332563,0 111.2268818625793,-7.150558317033631,0 111.2268533677292,-7.150579051492892,0 111.2268514680773,-7.150580936456376,0 111.2268001779105,-7.150648793999071,0 111.226796378571,-7.150650678992691,0 111.2267716820074,-7.150612981220572,0 111.2267507848242,-7.150577168270116,0 111.2268138662627,-7.150509310502902,0 111.2266941870235,-7.150552665582944,0 111.2265175165774,-7.150547013853401,0 111.2261810694237,-7.150548904276769,0 111.2259820411697,-7.150545137317367,0 111.2256097034907,-7.15054702810623,0 111.2254227664549,-7.150562109766181,0 111.225348678884,-7.150571535463883,0 111.2253334822716,-7.150635622635781,0 111.225333482322,-7.150639392438807,0 111.2253258847129,-7.150724213420176,0 111.2253258848409,-7.150733637951237,0 111.2253277855353,-7.150807149299179,0 111.2252973912743,-7.150856157314021,0 111.2251319216151,-7.150882548003995,0 111.2249704481159,-7.150907054111995,0 111.2249533509614,-7.150910824165051,0 111.224949551574,-7.150910824217481,0 111.224658900273,-7.150965490372607,0 111.2244860292233,-7.150973032170329,0 111.2239332225738,-7.151046549946128,0 111.2238724322684,-7.151012622311964,0 111.2238705325366,-7.151008852519947,0 111.2238249379973,-7.150824132154685,0 111.2237755457548,-7.150792089227162,0 111.2235494861697,-7.150803711631451,0 111.2234829972451,-7.150852720487758,0 111.2234412043357,-7.150888534448048,0 111.2234393050961,-7.150948851795227,0 111.223439305125,-7.150952621611257,0 111.2234241082996,-7.151044982588875,0 111.2234336072771,-7.15110718457983,0 111.2234943977011,-7.151146766990649,0 111.2234943978121,-7.151159961348687,0 111.223494397828,-7.151161846282461,0 111.223490599071,-7.151235357823322,0 111.2234905992037,-7.151250437103613,0 111.2234905993038,-7.151261746547794,0 111.2234886998279,-7.151286250416987,0 111.2234830008796,-7.151301329726741,0 111.2234773019925,-7.151318293995508,0 111.2234735027069,-7.15132960347667,0 111.22348110195,-7.151384265733808,0 111.2234868010521,-7.151386150586893,0 111.2234925001724,-7.151389920340876,0 111.2236406765003,-7.151421962123808,0 111.2236482753154,-7.15142384693927,0 111.2236520747508,-7.151427616715076,0 111.2236691722223,-7.151454005254925,0 111.223669172241,-7.151455890157024,0 111.2236691723349,-7.151465314712193,0 111.2236558751517,-7.151527516851516,0 111.2235817872428,-7.151548251642081,0 111.2235741884758,-7.151546366814073,0 111.2235114985569,-7.151540712748266,0 111.2235057994505,-7.151538827899965,0 111.2233956174311,-7.151538829033482,0 111.2233956181685,-7.151612340391958,0 111.223395618226,-7.151617995110666,0 111.2233956190436,-7.151697161190862,0 111.2233956191424,-7.151706585726251,0 111.2233424285236,-7.151770673060502,0 111.2232645414501,-7.151785753034019,0 111.2231353627786,-7.151789524023146,0 111.2231106673829,-7.151844186526331,0 111.2230840728923,-7.151957281171673,0 111.2230726754758,-7.152028907781773,0 111.2229833901664,-7.152028908560824,0 111.2228029198949,-7.15202891015669,0 111.2226490452569,-7.152036451177156,0 111.2224780732442,-7.152036452740973,0 111.2224552763295,-7.151945977324299,0 111.2224305801097,-7.151912049173648,0 111.2224191815756,-7.151853617141642,0 111.2224153821337,-7.151846077543022,0 111.2223849869221,-7.151819689094928,0 111.2223792877983,-7.151814034427669,0 111.2223469928442,-7.151781991276219,0 111.222345093109,-7.151776336561432,0 111.2223222964993,-7.151732983881094,0 111.2222862019032,-7.151668897326932,0 111.2222767030163,-7.151614235083741,0 111.2222672035301,-7.1514804067248,0 111.2222408485438,-7.151355780088217,0 111.2221838570034,-7.151221952234212,0 111.2221800571673,-7.151159750364864,0 111.222083172685,-7.151084354738511,0 111.2219197992456,-7.151027808488823,0 111.2218894038135,-7.150973146281282,0 111.2217927401077,-7.150988699632148,0 111.2217870410294,-7.150988699671935,0 111.221705354521,-7.151000009674043,0 111.2216882573467,-7.15100000978796,0 111.2215989721396,-7.151000010368997,0 111.2215932730726,-7.151000010405295,0 111.2215552792219,-7.150971737058095,0 111.2215514795998,-7.150924614427506,0 111.221617968238,-7.150868066776519,0 111.221669259411,-7.150809634294151,0 111.2216311520531,-7.150635472793786,0 111.2213613235529,-7.150585793127594,0 111.2212595116818,-7.150443575576579,0 111.221009475358,-7.15002170158037,0 111.2207235599555,-7.149378646452923,0 111.2202268225239,-7.148533327134552,0 111.2196884406343,-7.147265880053678,0 111.218839242693,-7.145684885686667,0 111.2188704707473,-7.145501441878871,0 111.2190517707612,-7.145050909773344,0 111.2192466209912,-7.144988409981623,0 111.2202414757001,-7.145016186222328,0 111.220548746635,-7.144863166484305,0 111.2206806101167,-7.144527688109032,0 111.2206931672805,-7.144147591633372,0 111.2206923768227,-7.143949375179808,0 111.2204867674236,-7.143885500216111,0 111.2203228711595,-7.143750385368783,0 111.2202715024734,-7.143536310118538,0 111.2203412319059,-7.143357223134773,0 111.220291519231,-7.142981094336944,0 111.2203535080451,-7.142776270117713,0 111.2203593925452,-7.142613233130866,0 111.2205194500148,-7.142120958579785,0 111.220533599831,-7.142106618498345,0 111.220704095692,-7.142034856076478,0 111.2216222344528,-7.142113773713097,0 111.2224326895227,-7.14216392306684,0 111.2229381267779,-7.142135251474839,0 111.2235029731173,-7.142013251550539,0 111.2236638115992,-7.141847743284188,0 111.2236696104791,-7.141616582604279,0 111.2237497238369,-7.14128245000522,0 111.2239439757919,-7.140740333171979,0 111.2239843352265,-7.140326270338918,0 111.2236599189238,-7.139976198047345,0 111.2227969801667,-7.139901381037116,0 111.2225095827152,-7.140006073725985,0 111.2222432790697,-7.14035597212277,0 111.2222357846537,-7.140363391474502,0 111.2219434653584,-7.140452346292412,0 111.2216497805515,-7.140355995394637,0 111.2213737721214,-7.140393088557361,0 111.2207298485966,-7.140393108383052,0 111.2206792031999,-7.140393109781318,0 111.2203298765325,-7.140519003526381,0 111.2201420712425,-7.14101217946815,0 111.2200054784519,-7.141551449502088,0 111.2200051906006,-7.14157319275448,0 111.2198971941749,-7.142214075814609,0 111.2197197191815,-7.142192606285236,0 111.2193148515739,-7.142135308455939,0 111.2181827938175,-7.141912658012909,0 111.217304503449,-7.141782926538887,0 111.2167127424634,-7.141696260202833,0 111.2164993734026,-7.141536980662571,0 111.216106684773,-7.141143911274049,0 111.2157548213543,-7.140666622251535,0 111.215519850632,-7.140513622403004,0 111.2152842363212,-7.140352847157454,0 111.2150552468592,-7.140162190176074,0 111.2148906067594,-7.13990441832098,0 111.2148762780028,-7.139874876785526,0 111.2146961755732,-7.139652775590434,0 111.2145878446098,-7.139414814486911,0 111.2144466795096,-7.139139294941364,0 111.214345714435,-7.138776152329527,0 111.2143538736145,-7.138323958917802,0 111.2140651414914,-7.138201253781982,0 111.2138975995077,-7.138029137857646,0 111.2137137170945,-7.137853074736272,0 111.2137956095725,-7.137721114699304,0 111.2141331434613,-7.137519030615981,0 111.2141699631559,-7.137477118588498,0 111.2145162091058,-7.137112412968613,0 111.2145171412734,-7.137091291769245,0 111.2144530548092,-7.13678049805393,0 111.2140778573281,-7.136610171727051,0 111.2140566029979,-7.136610171954878,0 111.2136484912766,-7.136730885124511,0 111.2136424180695,-7.136702508805505,0 111.2135064024122,-7.136539037421581,0 111.2134851334602,-7.136539037597687,0 111.2131780877391,-7.13661017936656,0 111.2127315277665,-7.136886676205306,0 111.2124611945799,-7.136964390403301,0 111.2124188346829,-7.136964390440578,0 111.2121707030183,-7.137013782557895,0 111.2119311748788,-7.136992620210515,0 111.2116199191647,-7.136605786820254,0 111.2113918855479,-7.136459268647595,0 111.211389251023,-7.136270260995084,0 111.2114387904879,-7.135960724236778,0 111.2110439819567,-7.13557823269416,0 111.2108131076745,-7.135325561596993,0 111.2106094232087,-7.135005014416709,0 111.2103683704536,-7.134655990573298,0 111.2103277349563,-7.134606933765774,0 111.2099003967527,-7.134283369363846,0 111.2098935316857,-7.134276312324702,0 111.2092214442369,-7.134007412100166,0 111.2091723314084,-7.133986122245348,0 111.2091442980841,-7.133971924090739,0 111.2088354147698,-7.133815481842729,0 111.2082774185406,-7.133622822433454,0 111.2074610152239,-7.133443776922193,0 111.2074183773921,-7.133422249680206,0 111.2069067414868,-7.133168214671547,0 111.2065943143354,-7.133068461109198,0 111.2062985598743,-7.132465831709141,0 111.2062984443673,-7.132451396440128,0 111.206281217624,-7.132089187592483,0 111.2053205761651,-7.132052801068942,0 111.2049206349473,-7.132118221983506,0 111.204432515538,-7.132350183974014,0 111.2037454516748,-7.132433450398237,0 111.2037944749273,-7.132609971064299,0 111.2037851084088,-7.132721184779871,0 111.2037874195898,-7.132734057946367,0 111.2038249299961,-7.132847982626933,0 111.2038271364041,-7.132860430408883,0 111.2038931724149,-7.132964581492572,0 111.2039003082769,-7.132973631772064,0 111.203934133408,-7.133042287050629,0 111.2039631570554,-7.133234131734072,0 111.2040682647958,-7.13337816504519,0 111.2040720208099,-7.133384440830758,0 111.2042016113846,-7.133483437090035,0 111.2042256455122,-7.133495627247162,0 111.2043761715131,-7.133537970793163,0 111.2043848633742,-7.133540977019782,0 111.204474172281,-7.133570903778552,0 111.2044861058543,-7.133579835956041,0 111.2045629433879,-7.133670878165724,0 111.2045762213829,-7.133699765667409,0 111.2045896172222,-7.133731275904146,0 111.204635992779,-7.133917391778013,0 111.2046371887724,-7.133933587778406,0 111.2046304704407,-7.133949709499476,0 111.2046197812873,-7.134016084106372,0 111.2046286133125,-7.134029205626732,0 111.2047814555505,-7.134060479795498,0 111.2048077880771,-7.134068254982085,0 111.2049274069582,-7.134081166268313,0 111.204948250647,-7.134086319929659,0 111.2049560773079,-7.134088894110027,0 111.2050388715911,-7.134096598573056,0 111.2050492698816,-7.134101730068665,0 111.2050828412734,-7.134106851226799,0 111.2051498315007,-7.134109403468418,0 111.2051627001005,-7.134114515262509,0 111.2051781209831,-7.134119619149746,0 111.2052365556041,-7.134175269212576,0 111.2052390398822,-7.134180283223994,0 111.2053325627716,-7.134313484099112,0 111.2053441770324,-7.134316678036405,0 111.2054599317807,-7.134357959474688,0 111.2054687469452,-7.134373721595986,0 111.2054848979645,-7.134521753782066,0 111.2054849743253,-7.134527795353618,0 111.2055384657432,-7.134590632208264,0 111.205566225015,-7.134605433678322,0 111.2057486307286,-7.134617212490186,0 111.2057569210669,-7.134617211490855,0 111.205863653866,-7.134643610790043,0 111.205882558896,-7.134652369989629,0 111.2059587936749,-7.134666916199101,0 111.2059963757105,-7.134681408642991,0 111.2060714838256,-7.134704474053246,0 111.2060874576446,-7.134710217651647,0 111.2061327260271,-7.134724535955986,0 111.2063399244353,-7.134772786779415,0 111.2063558420497,-7.134775604337587,0 111.2064721732964,-7.134817616295274,0 111.2064795247888,-7.134823181367183,0 111.2065129599533,-7.134834283013322,0 111.206586348284,-7.134864635553681,0 111.2065985355785,-7.13498085297165,0 111.2065957930592,-7.134999409513305,0 111.2065734731519,-7.13508040488681,0 111.2065682558975,-7.135098431137636,0 111.2065490979968,-7.135124019415207,0 111.2063518371455,-7.135072675940321,0 111.2063414757764,-7.135072677135961,0 111.2063213177657,-7.135067499920793,0 111.2063060407158,-7.135064908959103,0 111.2061372236577,-7.135036277716261,0 111.2061244115624,-7.135033662571388,0 111.2061218064069,-7.135033662870237,0 111.2060594969395,-7.135067529880919,0 111.2060480557921,-7.135083046211657,0 111.2060273947415,-7.135121528912523,0 111.2060239820939,-7.135134259473187,0 111.2059873766209,-7.13518721138863,0 111.2059819813536,-7.135192211332823,0 111.20584914291,-7.135204691680061,0 111.2058337117829,-7.135209666751338,0 111.2057406412544,-7.135540801498911,0 111.2057328543165,-7.135647651942637,0 111.205732611436,-7.135658713955936,0 111.2057498582456,-7.135718937608334,0 111.2057521724017,-7.135732481458296,0 111.2057596921534,-7.13574866437846,0 111.2057802546973,-7.135857269389062,0 111.2057798700387,-7.135870282416579,0 111.2058680540446,-7.135932051756551,0 111.2058885108107,-7.135934599350313,0 111.2059424967573,-7.135934593340369,0 111.2059503493885,-7.135932042594098,0 111.205999181265,-7.135890975876871,0 111.2060699229679,-7.135949838062056,0 111.206069368659,-7.135957441900609,0 111.2060727805252,-7.136015172164109,0 111.2060742119731,-7.136030069906582,0 111.2060740276717,-7.136032546440489,0 111.2060749001935,-7.136054752521838,0 111.2060739821777,-7.13606702559289,0 111.2060712483819,-7.136103574084468,0 111.2060707052385,-7.136110835447669,0 111.2060745301112,-7.136238735702614,0 111.2061394489558,-7.136255964557204,0 111.2061528482614,-7.136261690112089,0 111.2062715558222,-7.136281649165977,0 111.2062844680675,-7.136293011031775,0 111.2064521873815,-7.13636320141865,0 111.206460008562,-7.136365980157277,0 111.2064992714342,-7.136377072354296,0 111.2066121580317,-7.136399148297015,0 111.2066302589463,-7.136404646914434,0 111.206653357857,-7.136412879139568,0 111.2067465870146,-7.1364347338793,0 111.2067644917206,-7.136440176956077,0 111.2067899701912,-7.136448325835059,0 111.2069417401893,-7.136512844668427,0 111.2069518345869,-7.136515506596806,0 111.2069619212162,-7.136518166475653,0 111.2070850553924,-7.136578796523739,0 111.2070945297016,-7.136584018557141,0 111.2071122629076,-7.136586625028604,0 111.2071361784553,-7.136694086939406,0 111.2071554288209,-7.136697059967021,0 111.2073190384895,-7.136761892161442,0 111.2073322681669,-7.136767729181987,0 111.2074367520801,-7.136793873860722,0 111.2075031127333,-7.136764789218017,0 111.2075151370732,-7.136756019052699,0 111.2075479116899,-7.136735471731162,0 111.2075765995956,-7.136682104052425,0 111.2075853200583,-7.136679115215429,0 111.207683888569,-7.136691038312171,0 111.2077012486518,-7.136705901526102,0 111.2077078860293,-7.13671774956847,0 111.2077339765437,-7.136785137390902,0 111.2077309971002,-7.136805401343161,0 111.2077039242224,-7.136916250472873,0 111.2077084936417,-7.136921842331902,0 111.2077854048062,-7.136980024415923,0 111.2078000981726,-7.136988257659745,0 111.2078480025092,-7.13700466411329,0 111.2078581807174,-7.137007390769592,0 111.2080014614219,-7.137050732476091,0 111.208023152281,-7.137061485781397,0 111.2080337064425,-7.137061484460545,0 111.208066390122,-7.137069525655722,0 111.2081551956444,-7.137085549210247,0 111.2081724451702,-7.137090875448781,0 111.2083534279018,-7.137146293568535,0 111.2084370156308,-7.137143663071676,0 111.2085652464939,-7.137138400586643,0 111.208652992092,-7.137122600295832,0 111.208724610283,-7.137090793264133,0 111.2088340563183,-7.137077443457899,0 111.2088735416748,-7.137077438555362,0 111.2089727722255,-7.137082766864968,0 111.2089974400115,-7.137093420556281,0 111.2090093327656,-7.137101390071803,0 111.2090401191437,-7.137138342498703,0 111.2091207035176,-7.137265400097133,0 111.2091652959121,-7.137299442651499,0 111.2092118238704,-7.137348411029921,0 111.2092313762246,-7.137351447950683,0 111.2093269456155,-7.137348395908978,0 111.2093839325349,-7.137280880318499,0 111.2093876079937,-7.137265364618675,0 111.2094026004871,-7.137148510793463,0 111.2094034909518,-7.137132438832895,0 111.20941402718,-7.137047753680742,0 111.2094260961041,-7.137041159642155,0 111.2095113653984,-7.13703454401241,0 111.2095282255928,-7.137044442927805,0 111.2095620642055,-7.137060883850143,0 111.2095671481146,-7.137070716824984,0 111.209539667496,-7.13720579221474,0 111.2095358761841,-7.137218408738045,0 111.2095301383919,-7.137296311577228,0 111.2095294578425,-7.137305551506025,0 111.2095499393072,-7.137369590413334,0 111.2095604265446,-7.137378647804028,0 111.2097248042708,-7.137384652536244,0 111.2097359807117,-7.137384651026846,0 111.2097741249954,-7.137393667649854,0 111.2098327362342,-7.137417609859197,0 111.2098490722731,-7.137420590421923,0 111.2099146628785,-7.137429515331317,0 111.2100372262675,-7.13745616456593,0 111.2100611007257,-7.137372539826673,0 111.2100670898138,-7.137354369471901,0 111.2101115176375,-7.137268372388604,0 111.2101971457975,-7.137255912506388,0 111.2102312613833,-7.137255907884803,0 111.2103165505406,-7.137255896278137,0 111.2103341414272,-7.137246530313099,0 111.210387334921,-7.137170761592646,0 111.2103875371267,-7.13716757154989,0 111.2104007397558,-7.137096702132614,0 111.210509792092,-7.137112909336532,0 111.2105150709448,-7.137119378360971,0 111.2105868799593,-7.137157957333899,0 111.2105949404021,-7.137164349726471,0 111.2106082878958,-7.137237105265115,0 111.21059317809,-7.137246494499402,0 111.2105036911618,-7.137262099952535,0 111.2104980098821,-7.13726210073822,0 111.2104594735852,-7.137283827470866,0 111.2104503007786,-7.137293099272922,0 111.2104372290153,-7.137317710108326,0 111.210430294348,-7.137336061269992,0 111.2104270536699,-7.137342158284526,0 111.2104173170203,-7.137441321711546,0 111.2103156842361,-7.137473800533065,0 111.2103074038452,-7.137473801624339,0 111.2102458603932,-7.137491396534211,0 111.2102343195542,-7.13750307530973,0 111.2102081265647,-7.137537885653135,0 111.2101994515024,-7.137549414734089,0 111.2101908042242,-7.137560906929088,0 111.210144149666,-7.137651534803888,0 111.2101409052443,-7.137668272521727,0 111.2101348179731,-7.137690466993091,0 111.2101338422944,-7.137720756743804,0 111.210136240758,-7.137728972110005,0 111.2101439536153,-7.137737167587098,0 111.2103318222468,-7.137753479492861,0 111.2103507435095,-7.137748040438635,0 111.2104167443151,-7.137753468770111,0 111.2104830582052,-7.137785903719296,0 111.2104854760177,-7.137788593408757,0 111.210508775024,-7.13779396421188,0 111.2106126767112,-7.137810022628329,0 111.2106202987864,-7.137812693011963,0 111.210641349346,-7.137812690340856,0 111.2106834505319,-7.137812684988711,0 111.210693975872,-7.137812683648604,0 111.2107465165168,-7.13776968614314,0 111.2107534531068,-7.137756140933991,0 111.2107844886647,-7.137698670440608,0 111.2107915707491,-7.137684847244016,0 111.2108416441951,-7.137670963957361,0 111.2108523851093,-7.137670962540175,0 111.2108684964319,-7.137670960412628,0 111.2109828231011,-7.137643027182043,0 111.2109855189637,-7.137643026821432,0 111.2109989982826,-7.137643025017466,0 111.2110237020073,-7.13764021771776,0 111.2110637442595,-7.137626159224429,0 111.2110754786038,-7.137620520808573,0 111.2111184924369,-7.137557914195782,0 111.2111348617305,-7.137557911950879,0 111.2111924726743,-7.137586495054098,0 111.2111943196574,-7.137606373329311,0 111.2111848530662,-7.137673697931592,0 111.211182845995,-7.137684795303754,0 111.2111808452242,-7.137695857843436,0 111.2111744624303,-7.137775033486795,0 111.2111777834281,-7.137785814079369,0 111.2111774747171,-7.13780192326074,0 111.21118359933,-7.137868247429719,0 111.2111899581308,-7.13787612038089,0 111.2113034913805,-7.137959887040178,0 111.2114254445204,-7.138005689026422,0 111.2114442148447,-7.138008530779734,0 111.2115299904029,-7.138019873793811,0 111.2115454070059,-7.138028363924153,0 111.211553244253,-7.138031189099995,0 111.2115804317874,-7.138106654878514,0 111.2115588413818,-7.138134204828018,0 111.2115366782365,-7.138142429906647,0 111.2114504604837,-7.138153374080467,0 111.2114424803298,-7.138153375115996,0 111.2114105598044,-7.138153379253126,0 111.2113441327574,-7.138188685316747,0 111.2113325790238,-7.138202168151746,0 111.2113025353729,-7.138255579055377,0 111.2112962272771,-7.138271442265213,0 111.211208029634,-7.138404022821608,0 111.2111888097965,-7.138514781075985,0 111.2111156659013,-7.1385259575284,0 111.211099535995,-7.138525959603511,0 111.2109730212579,-7.13853432795759,0 111.2109649143889,-7.138537108642637,0 111.2109111119065,-7.138548212274644,0 111.2109057522144,-7.138548212953008,0 111.2108809167567,-7.138654609218618,0 111.2108805752901,-7.138705286874298,0 111.2108883523579,-7.138715860703967,0 111.2110169837764,-7.138796712556021,0 111.2110321207922,-7.138809576169861,0 111.2110494510023,-7.138832609804769,0 111.211049369842,-7.13883515967675,0 111.2110018319294,-7.138885762142905,0 111.2109941773738,-7.138885763064938,0 111.2108845943108,-7.138868153758473,0 111.2108667112824,-7.138863103928449,0 111.2108539180662,-7.138860576630573,0 111.2108334285645,-7.138852981102414,0 111.2107511943885,-7.138837743631097,0 111.2107383094641,-7.138835197249189,0 111.2107098909272,-7.13882754525998,0 111.2105907690869,-7.138807060280292,0 111.2105779589491,-7.138809630982883,0 111.2105634638969,-7.138995770995472,0 111.2104779113424,-7.139012611496917,0 111.2104617499585,-7.139012613495036,0 111.2104487388797,-7.13902100017352,0 111.2103773604165,-7.139040497109406,0 111.2103244276418,-7.139087387966567,0 111.2103147820804,-7.139101060325022,0 111.2102832634525,-7.139205896823426,0 111.2102745033984,-7.139227014887556,0 111.2102679684575,-7.13924276863378,0 111.2102681742195,-7.139276653624413,0 111.2102728192685,-7.139406797688771,0 111.2103321413654,-7.139438223999643,0 111.2103697583875,-7.139447598169734,0 111.2104245024409,-7.13946006001702,0 111.2104250138912,-7.139469384447909,0 111.2104315595253,-7.139639265730554,0 111.2104271733418,-7.13965995918624,0 111.2104257338308,-7.139683465096152,0 111.2104263931389,-7.139695160980812,0 111.2104269288736,-7.13975307907763,0 111.2104275799482,-7.139764551551158,0 111.2104285526682,-7.139781691691444,0 111.2104291985664,-7.139793072962908,0 111.2104316230522,-7.13992960976309,0 111.210431937182,-7.139935071833941,0 111.2104325639707,-7.139945970407262,0 111.210441921669,-7.140298801132355,0 111.2104398266506,-7.140416377727317,0 111.2104378595165,-7.14043118265153,0 111.2104305579964,-7.140498518303084,0 111.2104279791222,-7.140501418016687,0 111.2104144419091,-7.140504316727524,0 111.2103649218586,-7.140584504878598,0 111.2103432449192,-7.140584507553224,0 111.2103351160898,-7.140584508555169,0 111.2102829761473,-7.140576009482023,0 111.2101813021069,-7.140561800975163,0 111.210159017785,-7.140556099404448,0 111.2101173536009,-7.140547530988544,0 111.2099709305166,-7.140530340054409,0 111.2099237881129,-7.140524591100098,0 111.2097467371878,-7.140510185373694,0 111.2097412614687,-7.140510186026423,0 111.2097151474419,-7.140553297258416,0 111.2097100069702,-7.140640772455481,0 111.2096574955047,-7.140734306377755,0 111.2095660363514,-7.140750563652021,0 111.2095369246771,-7.14075056709127,0 111.2095183990411,-7.140750569276491,0 111.2093887201595,-7.140750584499197,0 111.2093784373191,-7.140753286159327,0 111.209357584627,-7.140755986870415,0 111.2092075895817,-7.140761394539515,0 111.209199662456,-7.140761395453603,0 111.2091754996268,-7.140758704147547,0 111.2091618958973,-7.140756009534917,0 111.2091351274608,-7.140814861559715,0 111.2091164049506,-7.140809556051393,0 111.2089270098785,-7.14077755954573,0 111.2088311739515,-7.140774756212349,0 111.208665618402,-7.140763022798004,0 111.2085118879125,-7.140754222803825,0 111.2084852806793,-7.140754222848082,0 111.2084261533806,-7.14076302318901,0 111.2084231962666,-7.140865693087092,0 111.2084231962224,-7.140871559920749,0 111.2084231955373,-7.140959562852037,0 111.2084143256075,-7.141056366194719,0 111.2084113687944,-7.14110623463069,0 111.2083965868784,-7.141109168112499,0 111.2083167646782,-7.141129702517008,0 111.2083019827338,-7.141132636007816,0 111.2082960696138,-7.141167837390675,0 111.208301986427,-7.141316965504876,0 111.2083049425712,-7.14139616765416,0 111.2083138116785,-7.141402034495714,0 111.2084291098773,-7.141419635226334,0 111.2084468480923,-7.141419635263194,0 111.2084971061426,-7.141419635364556,0 111.2085207570706,-7.141419635410686,0 111.2085710150708,-7.141443102777728,0 111.2085769277576,-7.141457769821514,0 111.2085857966209,-7.141513504609176,0 111.2085857965944,-7.141522304837111,0 111.2085828401946,-7.141534038470826,0 111.2085473637455,-7.141595640026847,0 111.2085414509612,-7.141610307062281,0 111.2085325817862,-7.141630840941926,0 111.2085177996156,-7.141730576911556,0 111.2085177995779,-7.141739377161382,0 111.2085148431064,-7.141762844464518,0 111.2085118866314,-7.141786311771501,0 111.2085148428098,-7.141827379544994,0 111.208624228072,-7.141844979996881,0 111.2086390098865,-7.14184791344332,0 111.2087779583208,-7.141921248724492,0 111.2088902996682,-7.141935915735191,0 111.2089080377291,-7.141941782530089,0 111.2089967282092,-7.141947649345687,0 111.2090174225854,-7.141985783683727,0 111.2090174225505,-7.141997517334461,0 111.2090026405197,-7.142076719485375,0 111.20900264051,-7.142079652935461,0 111.2090115094763,-7.142111920466848,0 111.2090262911693,-7.14212072071591,0 111.2090410729377,-7.142126587514103,0 111.209091330828,-7.142141254593955,0 111.2090972435324,-7.142144187994594,0 111.2091208942998,-7.14215005478771,0 111.2091770648804,-7.142167655273405,0 111.209182977584,-7.142170588674841,0 111.2092243663965,-7.142196989392212,0 111.2092332354555,-7.14219992279272,0 111.2092539298558,-7.142208723091663,0 111.2093307948839,-7.142223390082259,0 111.2093485329553,-7.14222632348055,0 111.2093662710387,-7.142232190379021,0 111.2094135725961,-7.142238057174454,0 111.2094283543291,-7.142240990576419,0 111.2094520050904,-7.142243923976369,0 111.2094667868388,-7.142238057159131,0 111.2095052193903,-7.142150054628109,0 111.2095052193964,-7.142138321014631,0 111.2095052194039,-7.142123653906873,0 111.2095140884804,-7.142035651539002,0 111.2095200011671,-7.142026851292143,0 111.2095406955753,-7.142006317447557,0 111.2096441675759,-7.142029784737164,0 111.2096500802588,-7.142029784737457,0 111.2096678183223,-7.142035651538563,0 111.20968260004,-7.142038584939873,0 111.2097565086329,-7.142044451796258,0 111.2097712903578,-7.142050318599969,0 111.2098008538087,-7.142059118854967,0 111.2098451989974,-7.142073785919103,0 111.2098540680401,-7.142076719323318,0 111.209886587843,-7.142085519585947,0 111.209942758439,-7.142100186666468,0 111.2099516275108,-7.142106053522649,0 111.2099664092579,-7.142111920335807,0 111.2100166672032,-7.142135387732194,0 111.2100255362904,-7.142144187950752,0 111.2100462307987,-7.142176455514154,0 111.2100048416954,-7.142408561743579,0 111.2100048417605,-7.142443762642818,0 111.2100344053248,-7.142484830351489,0 111.2100491870759,-7.142487763798749,0 111.2101024014352,-7.142520031290297,0 111.2100994453631,-7.142616833878957,0 111.2102709139854,-7.142646168153382,0 111.2102975208941,-7.142566965963956,0 111.2102975208414,-7.142552298908147,0 111.2103004769595,-7.142481897010405,0 111.2103123022976,-7.142449629523126,0 111.2103211712284,-7.142423228792069,0 111.210332996431,-7.142346960157351,0 111.2103359527648,-7.142338159917561,0 111.2103418651552,-7.142247224287969,0 111.2103418651471,-7.142244290868523,0 111.2103802976978,-7.142220823607051,0 111.2103980358633,-7.142220823595794,0 111.2105606355864,-7.142250157559235,0 111.210604981176,-7.142285358463989,0 111.2106049811874,-7.142288291887054,0 111.2105872433917,-7.142390961306173,0 111.2105872434426,-7.142402694958449,0 111.2105842871628,-7.142423228816933,0 111.2105813308978,-7.142446696126638,0 111.2105754183713,-7.142478963693976,0 111.210563593068,-7.142517098072044,0 111.2105635931102,-7.142525898330065,0 111.2105606369836,-7.142575766391488,0 111.2105458556916,-7.142672569160923,0 111.2105872451719,-7.142740037903377,0 111.2106877620715,-7.142781105931307,0 111.2107114131108,-7.142789906310119,0 111.2108385374597,-7.142801640237503,0 111.2108651448207,-7.142801640297997,0 111.2109183597362,-7.142804573840409,0 111.2109360981382,-7.142810440812597,0 111.210939055453,-7.142916044318318,0 111.2109183615004,-7.143004047336089,0 111.2108740163177,-7.143068582741612,0 111.2107764556381,-7.143068582380656,0 111.2107705434336,-7.143133118043717,0 111.2107705435138,-7.143141918331485,0 111.2107882825868,-7.143218187903738,0 111.2107971517224,-7.14322698833777,0 111.2108503669984,-7.143241655758176,0 111.2109360974715,-7.14326925499961,0 111.2109124469188,-7.143351390663022,0 111.2109124469518,-7.143357257521429,0 111.210912447275,-7.143412992431622,0 111.2109360987243,-7.143483394513586,0 111.2109390551568,-7.143489261333777,0 111.210950880774,-7.143495128207175,0 111.2110573110685,-7.143527395909404,0 111.2110720931216,-7.143533262795745,0 111.2111282647345,-7.143542063142569,0 111.2111341775697,-7.143544996563474,0 111.211166697917,-7.143544996600998,0 111.2112701720826,-7.143547930142851,0 111.2112819972242,-7.143486328173263,0 111.2112819971047,-7.143471661047538,0 111.2112760838382,-7.143415925927325,0 111.2112760837492,-7.143404192223992,0 111.2112760836831,-7.143395391981998,0 111.211252432056,-7.143330856619081,0 111.211249475605,-7.143324989796005,0 111.2112258241513,-7.143298589010888,0 111.2112139984423,-7.143286855328447,0 111.2112110419971,-7.143280988486123,0 111.2112051289916,-7.14322818690149,0 111.2112139979584,-7.143207652954329,0 111.2112169543145,-7.143198852675484,0 111.2112228667712,-7.143134317408177,0 111.2111726077687,-7.143084449392459,0 111.2111548692847,-7.143069782336061,0 111.2111519128694,-7.143066848923937,0 111.2111134795933,-7.143019914325283,0 111.211113479557,-7.143011114084547,0 111.2111134792753,-7.142937778657696,0 111.211116435632,-7.142926044982629,0 111.2111223483582,-7.142905511044868,0 111.211140086341,-7.142764706954591,0 111.2111400863339,-7.142761773536498,0 111.2111459991042,-7.14275003983808,0 111.2111578244108,-7.142673770908837,0 111.2111637371947,-7.142664970633319,0 111.2112287778859,-7.142653236616247,0 111.2112406035038,-7.142653236553016,0 111.2112494727192,-7.142653236505295,0 111.2113352083465,-7.142679636826463,0 111.2113440775937,-7.142685503624024,0 111.2113647724953,-7.142691370357612,0 111.2113765981572,-7.142694303704869,0 111.2114386828202,-7.142714837334703,0 111.2115575545637,-7.142783349771039,0 111.2115752926882,-7.142783349685453,0 111.211681721769,-7.142798016194529,0 111.2116905908891,-7.142800949557605,0 111.2117260673821,-7.142844950493387,0 111.2118354530524,-7.14285668357052,0 111.2118443221405,-7.142862550344351,0 111.2118591040502,-7.142868417087574,0 111.2119389262276,-7.142886017125574,0 111.2119537080143,-7.142888950458227,0 111.2120394430341,-7.142894816816849,0 111.2120571813664,-7.142897750131977,0 111.2120808323473,-7.142900683414001,0 111.2121429164127,-7.142903616477774,0 111.2121517855875,-7.142903616427033,0 111.2122966485802,-7.14290068215453,0 111.212356715326,-7.142880148153696,0 111.212371496663,-7.142812679768703,0 111.2124335799334,-7.1427862787226,0 111.2124513180978,-7.14278627860554,0 111.212578441367,-7.142786277740478,0 111.2125902668269,-7.142786277657676,0 111.2126907829637,-7.142774543305169,0 111.2127203463763,-7.142739342182183,0 111.2127410405553,-7.142668940221971,0 111.2127399844198,-7.142592919417767,0 111.2127343273825,-7.142504525739354,0 111.2127345519636,-7.14249645802421,0 111.2127692769584,-7.142423607396402,0 111.2127803362849,-7.14241819365184,0 111.2128804571686,-7.142358484118023,0 111.2128832809302,-7.142355763138501,0 111.2129686943122,-7.142262889338511,0 111.2129743842659,-7.142257404256588,0 111.2130138573985,-7.142229942021043,0 111.2130805659841,-7.142144419105159,0 111.2130866544828,-7.14213056954416,0 111.2131304221215,-7.142075015621208,0 111.2131698496306,-7.141996820130366,0 111.2131726157328,-7.141935034512021,0 111.2130907587052,-7.141898381583225,0 111.2130825249408,-7.141895557679453,0 111.2130493466062,-7.141889908225543,0 111.2129382777401,-7.141881429992787,0 111.2129272356924,-7.141878602308158,0 111.2128993810735,-7.141878602659887,0 111.2128161613432,-7.141867285941683,0 111.2127967381882,-7.141864455127783,0 111.2127471193768,-7.141844620520679,0 111.2127184646321,-7.141767818136171,0 111.2126190883258,-7.141707757319432,0 111.2125967140904,-7.141704890321739,0 111.2124286384407,-7.141690545964415,0 111.2123921936495,-7.141687675153902,0 111.2122884778746,-7.141673310410154,0 111.2122744612562,-7.141670435435824,0 111.2122464184291,-7.141664683469776,0 111.2121004230601,-7.141615684881175,0 111.2120947980755,-7.141612796663957,0 111.2120807285528,-7.14160701822286,0 111.2119652745882,-7.141604128800955,0 111.211959642542,-7.141604128838411,0 111.2119455624383,-7.141604128931013,0 111.2119314823343,-7.141604129022123,0 111.211863897828,-7.141604129438741,0 111.2118470017096,-7.141604129537536,0 111.2118103653896,-7.141601238840718,0 111.2117115966834,-7.141586774857289,0 111.2116805562493,-7.141583880125206,0 111.2115672662772,-7.141554895200958,0 111.2115348576066,-7.14148797627578,0 111.211537508053,-7.141479221601139,0 111.2115666711643,-7.141376636073549,0 111.2116026683657,-7.141323554428884,0 111.2116139553582,-7.141317642728017,0 111.2117246038412,-7.141285079630801,0 111.2117766820572,-7.1411605590617,0 111.2117765873507,-7.141152062129862,0 111.2117861533625,-7.141003859274242,0 111.2117993295941,-7.140920442704517,0 111.211804842543,-7.140908893545949,0 111.2118123424754,-7.140810297840629,0 111.2118122587182,-7.140801561257524,0 111.21178289314,-7.140699188325269,0 111.2117051251496,-7.140616693483705,0 111.2116993475579,-7.140610780572747,0 111.2115762070696,-7.140575245775421,0 111.211570446432,-7.140572280070394,0 111.2115385293762,-7.140545557611225,0 111.2115384094477,-7.14053961161726,0 111.2115248303445,-7.140435109630498,0 111.2114377161544,-7.140390061902175,0 111.2113201007307,-7.140396077538939,0 111.2112799126696,-7.140491945048623,0 111.2112800027832,-7.140494929412119,0 111.211272560689,-7.140625558870937,0 111.211267231906,-7.140637368362729,0 111.2112220395063,-7.140734382106259,0 111.211210798692,-7.140737310451892,0 111.2111995604613,-7.140740238076334,0 111.2111374270296,-7.140746091299512,0 111.2111286074956,-7.140737310452308,0 111.2109067477512,-7.140719730214061,0 111.2106942072629,-7.140669787333002,0 111.2106573639765,-7.140619648606611,0 111.2106570405976,-7.140613736917386,0 111.2106364003157,-7.140497911234589,0 111.2106354104767,-7.140479998645929,0 111.2106378400938,-7.14042010917411,0 111.2106375096358,-7.140414104893948,0 111.2106698428508,-7.140271474669041,0 111.2106688177347,-7.140248920870151,0 111.2106564409181,-7.140038349243372,0 111.2106556558792,-7.140021120117579,0 111.2106403335721,-7.139870807946813,0 111.2106395322003,-7.139853348752591,0 111.2106298326333,-7.139703969217265,0 111.2106290186896,-7.139686279395217,0 111.210643541258,-7.13963009964254,0 111.21065209489,-7.139630099673635,0 111.2107973918188,-7.139627136433212,0 111.2108028630339,-7.139621207050941,0 111.210841902731,-7.139597461966769,0 111.2108475015945,-7.139594490746648,0 111.2108760034608,-7.139514005910456,0 111.2108981718273,-7.139441189447729,0 111.2109005354129,-7.139429996137863,0 111.2109358167632,-7.139328801063733,0 111.2109408943518,-7.13931468105535,0 111.2109793939784,-7.139215392190119,0 111.2109792067252,-7.139209694688505,0 111.2109788319647,-7.139198291964796,0 111.2109946425404,-7.139080813897192,0 111.2110221202442,-7.13906064666979,0 111.2110277452162,-7.139060646663722,0 111.2111268779933,-7.139086569822406,0 111.2111409259694,-7.139086569794832,0 111.2111466201692,-7.139089446854167,0 111.211250752392,-7.139098073918777,0 111.2112591773243,-7.139098073894622,0 111.2113430057323,-7.139075054349327,0 111.2113597187666,-7.139066411208546,0 111.211454402502,-7.138999950106062,0 111.2114600015801,-7.138997052555318,0 111.2114683448914,-7.138988355909484,0 111.2115188201652,-7.138962230006206,0 111.2115696150386,-7.138959323545906,0 111.211586582518,-7.138962229678056,0 111.2116064145378,-7.138970944092593,0 111.2116912048264,-7.138997051385676,0 111.2116940243759,-7.138997051368889,0 111.2117109523595,-7.138999948793533,0 111.2117222480193,-7.139005741787758,0 111.2117786284457,-7.139014426096846,0 111.2117927191412,-7.139020212440721,0 111.2119052130506,-7.139066408181639,0 111.2119136235357,-7.139072170843228,0 111.2119388780593,-7.139080809781956,0 111.2120174912299,-7.139089442322632,0 111.2120259190143,-7.139089442252057,0 111.2120567920716,-7.139092318401277,0 111.2120849455242,-7.139086564674835,0 111.2120905973441,-7.139083686899628,0 111.2121082199496,-7.13902020994409,0 111.2121144928227,-7.138968036235446,0 111.2121146707678,-7.138953505326645,0 111.2120785198578,-7.138901056092363,0 111.2120757832818,-7.13889229340174,0 111.2121018460331,-7.138842523400541,0 111.2121218497427,-7.138830784391247,0 111.2121677617323,-7.138795502262176,0 111.2121734457531,-7.138795502205404,0 111.212233127854,-7.13879550159244,0 111.2122471845073,-7.138804331071307,0 111.2122612841519,-7.138810213882144,0 111.2122775619608,-7.138851318746799,0 111.2122772351308,-7.138868894616958,0 111.2122836950923,-7.138976745134671,0 111.2122892275549,-7.138982548768094,0 111.2122974085813,-7.138997046374285,0 111.2123913911449,-7.139077926431003,0 111.2124359993978,-7.139092314613776,0 111.2124527791449,-7.139095190226433,0 111.2125115183502,-7.139103812883592,0 111.2125308406514,-7.139115301318094,0 111.2126126371814,-7.139189722136642,0 111.2126179560367,-7.139198280882897,0 111.2127158578346,-7.139275047631164,0 111.2127266989134,-7.139283548292035,0 111.2127376381899,-7.139289212153265,0 111.2128362194178,-7.139331609294159,0 111.2128471129712,-7.13933725142083,0 111.2128581206759,-7.13934007146668,0 111.2128716658816,-7.13934852799346,0 111.2129787764714,-7.139376674295381,0 111.2129923948709,-7.139382296042036,0 111.2129951715447,-7.139382296004075,0 111.2130307152098,-7.139393531779237,0 111.2130389023464,-7.139396339138522,0 111.213163068383,-7.139494204420695,0 111.2131828062384,-7.139574711440521,0 111.2131825613665,-7.13958300997709,0 111.2132367201581,-7.139698606874631,0 111.213239461584,-7.139698606843102,0 111.2133275919693,-7.13976417759002,0 111.2133383318347,-7.139769626013,0 111.2133703040438,-7.139864585181535,0 111.2133702026352,-7.139867287526686,0 111.2133725186666,-7.139878090861952,0 111.2134154860362,-7.13996149374648,0 111.2134230883521,-7.13997489251385,0 111.2134888027482,-7.14002300582851,0 111.2135151556528,-7.140039001334926,0 111.2136093979892,-7.140046990257459,0 111.2136202085403,-7.140046990137354,0 111.2136308782143,-7.140105422983295,0 111.2136302338726,-7.140118663966478,0 111.2136326547528,-7.140179386382503,0 111.2136322686673,-7.140187284207641,0 111.2136344401196,-7.1401978066174,0 111.2137196390528,-7.140321323490779,0 111.2138286277362,-7.140354232239505,0 111.2138368510952,-7.140354232137575,0 111.2139244892697,-7.140356969573627,0 111.2139273078394,-7.140354230997456,0 111.2139692489081,-7.140326811487114,0 111.2139802255564,-7.140326811343352,0 111.2140528489042,-7.140370651468823,0 111.214052573983,-7.140378854300623,0 111.2140494705405,-7.140389782951658,0 111.2140315306312,-7.140436121582171,0 111.2140255363033,-7.140452434689098,0 111.2139867663794,-7.140557943177169,0 111.2139662719188,-7.140606333688146,0 111.2139660282371,-7.140614380095215,0 111.2139643269713,-7.140670556350239,0 111.2139746587147,-7.140686558985839,0 111.213985392067,-7.140689223971462,0 111.2140935895696,-7.14076360809327,0 111.2141714503006,-7.140771550025421,0 111.2141741449503,-7.140771549993375,0 111.2142359013477,-7.140776841568329,0 111.2142412894736,-7.140776841503615,0 111.2142840090224,-7.140723813246565,0 111.2142899906901,-7.140710519844654,0 111.2143125533724,-7.140689219975737,0 111.2143206648474,-7.140689219873137,0 111.2143340625046,-7.140691884192354,0 111.2143969060395,-7.140790060362504,0 111.2144019064565,-7.140797985769166,0 111.2144122852609,-7.140805905957496,0 111.2144807421834,-7.140834901894068,0 111.2144992780247,-7.140840166310474,0 111.2145392972797,-7.140845428210259,0 111.2145849667369,-7.140845427650173,0 111.2146064581398,-7.140845427385279,0 111.2146172039051,-7.140845427252511,0 111.2146467546512,-7.140845426886312,0 111.2146866891694,-7.140824362868812,0 111.2146868167833,-7.140816454677734,0 111.2147204791246,-7.140737086558884,0 111.2147505099615,-7.140718491893797,0 111.2147855098952,-7.140723807007982,0 111.2148869441886,-7.140771540982174,0 111.2149027806799,-7.140784767234606,0 111.2150633773218,-7.140900537491658,0 111.215071165478,-7.140908390616494,0 111.2150841343917,-7.14092146774714,0 111.2151770963142,-7.141015205133377,0 111.2151844261716,-7.141033347190983,0 111.21518956401,-7.141038525526345,0 111.2152633966282,-7.14112364616766,0 111.2152682887346,-7.141133922699486,0 111.2152784829182,-7.141144190391991,0 111.2153159756118,-7.141197950899814,0 111.2153184032749,-7.141203058295133,0 111.2153203901113,-7.141218367465391,0 111.2152443331174,-7.141320033115284,0 111.2151595350306,-7.141349537798731,0 111.2151567647442,-7.141352216416213,0 111.2151258291591,-7.141405665080637,0 111.2151173858535,-7.141421653894992,0 111.2151173310239,-7.141424316624438,0 111.2151170570547,-7.141437621595658,0 111.2151032704448,-7.141585646256157,0 111.2151030059602,-7.141598774899065,0 111.2151080518105,-7.141614510365118,0 111.2151130911055,-7.141630225247306,0 111.2151540986594,-7.141713692551828,0 111.2151644245415,-7.141729278234056,0 111.2152192930745,-7.141775913543906,0 111.2152217605843,-7.141783668596062,0 111.2152683510093,-7.141832666606359,0 111.2152814219535,-7.141840384680117,0 111.2152892459194,-7.141845527382369,0 111.2153443107909,-7.141868641581619,0 111.215352270221,-7.141868641477613,0 111.2153628025399,-7.141871206889792,0 111.2154610489324,-7.14186864005377,0 111.2154716615204,-7.141868639914614,0 111.2155063437571,-7.141863506617159,0 111.2155734073979,-7.141845523633808,0 111.2155842386568,-7.141840380678972,0 111.2156352569388,-7.141827513462542,0 111.2156458877531,-7.14182751332024,0 111.2157473703297,-7.141812052708306,0 111.2159756027903,-7.142116886608234,0 111.2159245615416,-7.142174234061107,0 111.2158924155052,-7.142231308296684,0 111.2157938823392,-7.142254579924221,0 111.2157832493073,-7.142259745058395,0 111.215764657315,-7.142270068673399,0 111.2156690257108,-7.142288114460881,0 111.215647781564,-7.142290690309537,0 111.2156345151343,-7.142293265480044,0 111.2155981940437,-7.142398372050672,0 111.2155650393692,-7.14244856724494,0 111.2155595762012,-7.142453838890166,0 111.2154972389456,-7.142490676234817,0 111.2154891160073,-7.142495929548777,0 111.215392178773,-7.142530020838587,0 111.2153840919673,-7.142535256974898,0 111.2153706504762,-7.142540490951029,0 111.2153220369071,-7.142603119650117,0 111.2153193170867,-7.142610925235762,0 111.2153079137669,-7.142737701339883,0 111.2153052423438,-7.142740274678284,0 111.2152863258435,-7.142806986709482,0 111.2152836644917,-7.142809545123959,0 111.2152536068401,-7.142999257903292,0 111.2152775876851,-7.143087070355136,0 111.2153743706415,-7.143124131434775,0 111.215446718789,-7.143155808053125,0 111.2155243643471,-7.143179510740083,0 111.2156288474438,-7.143195285939649,0 111.2156341670334,-7.143197913297552,0 111.2156898685901,-7.143229397223236,0 111.2156924365566,-7.143234636669901,0 111.2157003060546,-7.143242491443165,0 111.2157503405846,-7.143279079333252,0 111.2158543936871,-7.14328951124912,0 111.2158677660264,-7.143289511049898,0 111.2159618005674,-7.143276466362583,0 111.2159698283382,-7.143276466241469,0 111.216039402204,-7.143276465188083,0 111.2160527818353,-7.143276464984744,0 111.2161248248499,-7.143281682909446,0 111.2161354216871,-7.143284291388605,0 111.2162310521995,-7.143281680792708,0 111.216346019952,-7.143297322270825,0 111.2163540407006,-7.143297322139061,0 111.2164448070349,-7.143312943680744,0 111.2165565735377,-7.143346721986272,0 111.2166282301568,-7.14337005149365,0 111.2166656139811,-7.143514204228805,0 111.2167130081557,-7.143597098203962,0 111.2166878856715,-7.14373391833093,0 111.2166850833734,-7.143755241337834,0 111.2166900587644,-7.143845447676331,0 111.2167245419026,-7.143929736785659,0 111.2167320950649,-7.144005618139398,0 111.2167320608832,-7.144010833752549,0 111.2167584264136,-7.144060268647614,0 111.2167717071299,-7.144068055373867,0 111.216899669598,-7.144075835142038,0 111.216902336823,-7.144075835095803,0 111.2169850206397,-7.144075833659026,0 111.2170090256184,-7.144075833240618,0 111.2170223617226,-7.144075833007919,0 111.2171078282874,-7.144070644140666,0 111.2172086554467,-7.144091378468613,0 111.2172272432709,-7.144093967620109,0 111.2172458997517,-7.144093967291572,0 111.2173118120966,-7.144117246333229,0 111.2173142349015,-7.144124996269061,0 111.2173174715939,-7.144191953047129,0 111.2173173915655,-7.144194520810315,0 111.2174808908371,-7.144368395869124,0 111.2176361121719,-7.144397175498665,0 111.2177003132092,-7.144402400048126,0 111.2177523155837,-7.144588849797331,0 111.217711148543,-7.144607838212869,0 111.2177056297024,-7.14461325794733,0 111.2176426443799,-7.144643024274453,0 111.2176317282422,-7.144645726827236,0 111.2175661626646,-7.144680804065618,0 111.2175579257154,-7.144694268182382,0 111.2175669277455,-7.144984134949224,0 111.2175583133898,-7.145075756159797,0 111.2175626627144,-7.145233784847388,0 111.2175689292572,-7.145349080672254,0 111.21765027258,-7.145373314225813,0 111.2176719770556,-7.145376003635217,0 111.2177532791583,-7.14538944224662,0 111.217785733686,-7.145397498640324,0 111.2179153931119,-7.14542699294873,0 111.2179234124865,-7.145432348172426,0 111.2179466847625,-7.145483106775756,0 111.2179465085991,-7.145491102025648,0 111.2179462738955,-7.145501754157577,0 111.2179405543925,-7.145639385906376,0 111.2180477575848,-7.145649906178842,0 111.218071858228,-7.145652534854285,0 111.2181251804049,-7.145665671062218,0 111.2181385217047,-7.14566829651571,0 111.2181919427188,-7.145676169215914,0 111.2181884738466,-7.145783263922436,0 111.2181878846841,-7.14580145330564,0 111.2181860388434,-7.145858440721851,0 111.2181855369592,-7.145873935667407,0 111.218214259983,-7.145969045558132,0 111.2183083509833,-7.146120009845195,0 111.218405368598,-7.146085992070314,0 111.2185052269288,-7.146057132102471,0 111.218518771082,-7.14605187751648,0 111.2185915414601,-7.146041360460195,0 111.2186210167533,-7.146043989566681,0 111.2213292175137,-7.151067868569198,0 
					</coordinates>
				</LinearRing>
			</outerBoundaryIs>
		</Polygon>
	</Placemark>
	<Placemark>
		<name>Gabus</name>
		<open>1</open>
		<description>Gabus,Kec Kradenan</description>
		<styleUrl>#m_ylw-pushpin</styleUrl>
		<Polygon>
			<tessellate>1</tessellate>
			<outerBoundaryIs>
				<LinearRing>
					<coordinates>
						111.1867263970114,-7.165557600056585,0 111.1862682282067,-7.165400077922914,0 111.1862187589224,-7.16540007739779,0 111.1860159345713,-7.165404983343515,0 111.1860010941166,-7.165439341416974,0 111.1859763619913,-7.165674939959997,0 111.1859763622887,-7.165704389637224,0 111.1859862570599,-7.165802555704937,0 111.1860753026334,-7.165871272651652,0 111.1861000374106,-7.165890905935814,0 111.1861989771983,-7.166043063334611,0 111.1861989772738,-7.166052879833568,0 111.1861989776807,-7.166106870712177,0 111.1861989778966,-7.166136320338192,0 111.1861940314972,-7.166205036005757,0 111.1861940316323,-7.166224668965298,0 111.1861791910876,-7.166259026687606,0 111.1861594044408,-7.166420998899785,0 111.1861495107204,-7.166450448371888,0 111.1861445639994,-7.166479897790349,0 111.1860901487968,-7.166661502492815,0 111.1860852019029,-7.166686043650808,0 111.1860753082719,-7.166720401297748,0 111.1860505742968,-7.166872556471684,0 111.186050574384,-7.166897097625675,0 111.1860456274568,-7.166921638833068,0 111.1860307870498,-7.167054160986811,0 111.1860307871254,-7.167083610369688,0 111.1860307871848,-7.167108151538621,0 111.1860208935573,-7.167186683132795,0 111.1860109998051,-7.167211224265293,0 111.1860011058159,-7.1672357653591,0 111.185961530478,-7.167314296905405,0 111.1859466896893,-7.167353562675001,0 111.1859219550813,-7.167407553129927,0 111.1858873263915,-7.167471360012289,0 111.1858774325701,-7.16749590113827,0 111.1858675387428,-7.167520442266052,0 111.185852697882,-7.167535166930391,0 111.1856726796916,-7.167932731710207,0 111.1856380508321,-7.168237040466954,0 111.1856380508183,-7.168241948696395,0 111.18573204111,-7.16839410320423,0 111.1857419348197,-7.168408827858224,0 111.1858111908634,-7.168506992027083,0 111.1858260314791,-7.168521716683387,0 111.1859051813147,-7.168610064490321,0 111.1859299155897,-7.168664054900286,0 111.1858507659107,-7.168913562547587,0 111.1858210837567,-7.169252229185354,0 111.1858210837291,-7.169262045661225,0 111.1857716134214,-7.170154147368506,0 111.1857815068139,-7.170267036608365,0 111.1859150730087,-7.170325935216415,0 111.1859249668502,-7.170330843417552,0 111.1860239047724,-7.170370109162196,0 111.186414710148,-7.170349608362285,0 111.1865433291948,-7.170285801577601,0 111.1867164702309,-7.170290709683212,0 111.1869390802118,-7.170300525882376,0 111.1870429648188,-7.17027107658947,0 111.1870578055054,-7.170271076575775,0 111.1872111593868,-7.170339791311485,0 111.1872309469834,-7.170349607752557,0 111.187379354097,-7.170383965042659,0 111.1873991417238,-7.170393781490007,0 111.1874238763029,-7.170408506128657,0 111.1875030269592,-7.170452679980311,0 111.1875524961997,-7.17047231281119,0 111.187562389975,-7.170477221002255,0 111.1875920716685,-7.170516486729486,0 111.1876118593755,-7.17053121139636,0 111.1876464879556,-7.17056556886586,0 111.1877058509178,-7.170550844233015,0 111.1877058510339,-7.170570477043724,0 111.1877652153468,-7.170776622606209,0 111.1877652155842,-7.170810980173892,0 111.1877652162475,-7.170904236662323,0 111.1877652164626,-7.170933686052238,0 111.187765216938,-7.170997493158954,0 111.187775111074,-7.17102694266534,0 111.1878146871736,-7.171110382881755,0 111.1878344750663,-7.171130015830641,0 111.1878542629688,-7.171149648942849,0 111.1881560278408,-7.171247814617197,0 111.1881906566668,-7.171257631349215,0 111.1882401264773,-7.171272356219123,0 111.1882945432068,-7.171282172868463,0 111.1883390659856,-7.171282172999485,0 111.1883588539177,-7.17128708130946,0 111.188507263246,-7.17128217353125,0 111.1885418914183,-7.171228182709873,0 111.1885517851266,-7.171213457832057,0 111.1886062007241,-7.17112020095499,0 111.1886309351588,-7.171085843142771,0 111.1886655617651,-7.17089442112891,0 111.1886655615276,-7.17087478810799,0 111.1886804023188,-7.170860063423689,0 111.188734818556,-7.170810980914052,0 111.1887546063119,-7.170786439688479,0 111.1887991281576,-7.170712815924707,0 111.1888139690891,-7.170707907702501,0 111.1888782799861,-7.170693182966574,0 111.1889376439362,-7.170702999550972,0 111.1889574320486,-7.170702999564633,0 111.1890563725141,-7.170722632671948,0 111.1890811076052,-7.170727540934606,0 111.189155313806,-7.17078644017241,0 111.1891800490982,-7.17080116502494,0 111.1892394136794,-7.170810981613271,0 111.189264148953,-7.170820798232331,0 111.1893086724305,-7.17082570656092,0 111.189363090133,-7.170840431500683,0 111.1894372963087,-7.170860064756683,0 111.1894768730664,-7.170879697962492,0 111.1895263437727,-7.170889514604775,0 111.1896846513672,-7.170948414489836,0 111.1897093871213,-7.17096804766217,0 111.1897341226237,-7.170972956174545,0 111.1898775897435,-7.171026947934527,0 111.1900442729603,-7.171056377199225,0 111.1901333173172,-7.171051468455132,0 111.1901629988346,-7.171051468282658,0 111.1902372021349,-7.171012201945734,0 111.190261936492,-7.170997476993124,0 111.1902965645566,-7.170963119117126,0 111.1903410860911,-7.170904220118565,0 111.1903559265615,-7.170879678885424,0 111.1903806605015,-7.170830596383887,0 111.1904004477328,-7.170791330426129,0 111.1904004474978,-7.17077169751185,0 111.1904350742629,-7.170639175261391,0 111.1904400208545,-7.170604817652078,0 111.1904400202831,-7.170555735480729,0 111.1904400196057,-7.170496836851103,0 111.1904400193819,-7.170477203979802,0 111.1904400190482,-7.17044775463865,0 111.1904400183876,-7.170388856128208,0 111.1904449649887,-7.170364314962042,0 111.190504327338,-7.170320140626277,0 111.1905241149618,-7.170310324092705,0 111.1905785306203,-7.170280874407426,0 111.1906032649585,-7.170266149561472,0 111.1906279994723,-7.170256332947404,0 111.1906675742915,-7.17021706693508,0 111.1906923085315,-7.170182709268001,0 111.1907071489495,-7.170163076298272,0 111.1907417767351,-7.170109085698217,0 111.1907566172739,-7.170089452726567,0 111.1907714578704,-7.170074727947171,0 111.1907961920724,-7.170035462040799,0 111.1908060855621,-7.170010920914861,0 111.1908159791693,-7.169986379788827,0 111.1908258727174,-7.169966746855053,0 111.1908456598314,-7.16990784813876,0 111.1908654471081,-7.16987349047853,0 111.1908703938857,-7.169863674010021,0 111.1909000747374,-7.169799867001449,0 111.1909050213597,-7.1697753258958,0 111.1909149150381,-7.169755692953919,0 111.1909297544157,-7.16963298753334,0 111.1909396468868,-7.169490649297549,0 111.1909396463703,-7.169436658977738,0 111.1909396460933,-7.16940720969987,0 111.1909396457746,-7.16937285220698,0 111.1909396445461,-7.169235422226715,0 111.1909396443346,-7.169210881169029,0 111.1909396437957,-7.169147074339173,0 111.1909396435121,-7.169112716838908,0 111.1909099614004,-7.169039093952856,0 111.1908951203763,-7.169004736585783,0 111.1908753322959,-7.16894583823658,0 111.1908703852711,-7.168926205417201,0 111.1908604912186,-7.168901664457264,0 111.1908357563987,-7.168857490796593,0 111.1908209154464,-7.168828041612896,0 111.1908060745681,-7.168808408911087,0 111.1907516578826,-7.168700428712933,0 111.1907467108818,-7.168680795872498,0 111.190736816706,-7.168631713689722,0 111.1906873468101,-7.168494283964985,0 111.1906131424291,-7.168337221399334,0 111.1906131422677,-7.168307771920134,0 111.1906527167784,-7.168180157057702,0 111.1906626105127,-7.168155615769781,0 111.1906725041348,-7.168131074317088,0 111.1907318660357,-7.16789056874823,0 111.1907318658499,-7.167841486096007,0 111.1907318658318,-7.167836577844493,0 111.1907318653103,-7.167684421251147,0 111.1907318652185,-7.167654971512569,0 111.190311618718,-7.167468455682029,0 111.190281936965,-7.167497905975559,0 111.1901829979966,-7.167758047445888,0 111.1901829979987,-7.167767863975295,0 111.1901285818116,-7.167861122124035,0 111.1890316456633,-7.167506348013271,0 111.1886655773876,-7.167422910803387,0 111.1886556836332,-7.167413094473943,0 111.1883143498866,-7.167300207284648,0 111.188190677518,-7.167098970809385,0 111.1882055179821,-7.167074429560744,0 111.1882846666327,-7.166833925904933,0 111.1882846665215,-7.166809384644487,0 111.1882747724192,-7.166725944565179,0 111.1882648786537,-7.166716128152775,0 111.1882500380012,-7.166701403530721,0 111.188329185104,-7.166117141110319,0 111.1883044504634,-7.166028793041508,0 111.1882797161517,-7.166014068509256,0 111.1877454554998,-7.165881547600733,0 111.1877058805721,-7.165871731035627,0 111.1867263970114,-7.165557600056585,0 
					</coordinates>
				</LinearRing>
			</outerBoundaryIs>
		</Polygon>
	</Placemark>
	<Placemark id="polygon_kelurahan.7065">
		<name>SENDANGREJO</name>
		<open>1</open>
		<styleUrl>#m_ylw-pushpin</styleUrl>
		<ExtendedData>
			<SchemaData schemaUrl="#polygon_kelurahan111">
				<SimpleData name="id">61558</SimpleData>
				<SimpleData name="provinsi">JAWA TENGAH</SimpleData>
				<SimpleData name="kota">GROBOGAN</SimpleData>
				<SimpleData name="kecamatan">NGARINGAN</SimpleData>
				<SimpleData name="NUM_FIELD">61557</SimpleData>
			</SchemaData>
		</ExtendedData>
		<MultiGeometry>
			<Polygon>
				<outerBoundaryIs>
					<LinearRing>
						<coordinates>
							111.14267,-7.095999999999999,0 111.14284,-7.09606,0 111.14313,-7.09611,0 111.14342,-7.096149999999999,0 111.1436,-7.096149999999999,0 111.14374,-7.096089999999999,0 111.14397,-7.095930000000001,0 111.14438,-7.09565,0 111.14458,-7.09568,0 111.14475,-7.09572,0 111.14488,-7.09583,0 111.14507,-7.096089999999999,0 111.14517,-7.09631,0 111.14528,-7.09662,0 111.14559,-7.09712,0 111.14557,-7.09726,0 111.14544,-7.09783,0 111.14548,-7.098230000000001,0 111.14563,-7.09855,0 111.14582,-7.09883,0 111.14601,-7.098980000000001,0 111.14611,-7.09897,0 111.14624,-7.09891,0 111.14647,-7.098800000000001,0 111.1466,-7.09882,0 111.14672,-7.09893,0 111.14697,-7.09926,0 111.14728,-7.09981,0 111.14734,-7.100040000000001,0 111.14746,-7.10043,0 111.14763,-7.10067,0 111.14847,-7.101610000000001,0 111.14872,-7.1018,0 111.14901,-7.101940000000001,0 111.14922,-7.10197,0 111.14957,-7.102,0 111.15002,-7.10214,0 111.15059,-7.1023,0 111.15102,-7.10226,0 111.15119,-7.10239,0 111.15126,-7.10253,0 111.15133,-7.10283,0 111.15139,-7.10296,0 111.1515,-7.10302,0 111.152,-7.103009999999999,0 111.15208,-7.103030000000001,0 111.15216,-7.103030000000001,0 111.15259,-7.1029,0 111.15303,-7.10279,0 111.15294,-7.103030000000001,0 111.15279,-7.10331,0 111.15265,-7.10355,0 111.15257,-7.103669999999999,0 111.15213,-7.10396,0 111.1518,-7.104159999999999,0 111.15168,-7.104239999999999,0 111.15152,-7.10434,0 111.15115,-7.104660000000001,0 111.15098,-7.1048,0 111.15086,-7.10496,0 111.15072,-7.10531,0 111.15059,-7.10575,0 111.15051,-7.10589,0 111.15022,-7.10697,0 111.14981,-7.10867,0 111.1497,-7.10914,0 111.14964,-7.10949,0 111.14958,-7.10984,0 111.14946,-7.110280000000001,0 111.1492,-7.11126,0 111.14907,-7.11188,0 111.14899,-7.1121,0 111.14895,-7.1122,0 111.1491,-7.112240000000001,0 111.14904,-7.11251,0 111.14879,-7.11334,0 111.14866,-7.11368,0 111.1485,-7.11394,0 111.14831,-7.114150000000001,0 111.14784,-7.11449,0 111.14764,-7.1146,0 111.14654,-7.114629999999999,0 111.14605,-7.11467,0 111.14589,-7.1147,0 111.1456,-7.114789999999999,0 111.14531,-7.11497,0 111.14505,-7.115109999999999,0 111.14468,-7.11533,0 111.14427,-7.11557,0 111.14368,-7.11567,0 111.14362,-7.11551,0 111.14343,-7.11526,0 111.14316,-7.115050000000001,0 111.14274,-7.114720000000001,0 111.14188,-7.11392,0 111.14106,-7.113149999999999,0 111.14082,-7.11309,0 111.14065,-7.11311,0 111.14033,-7.113230000000001,0 111.13992,-7.113330000000001,0 111.13975,-7.113309999999999,0 111.13965,-7.113230000000001,0 111.13961,-7.1131,0 111.13966,-7.11301,0 111.13979,-7.112910000000001,0 111.14056,-7.11244,0 111.14067,-7.11227,0 111.14067,-7.112149999999999,0 111.14059,-7.11196,0 111.14044,-7.11178,0 111.1402,-7.11162,0 111.13993,-7.11154,0 111.13972,-7.11153,0 111.13956,-7.1116,0 111.13929,-7.11181,0 111.13907,-7.11205,0 111.13884,-7.11225,0 111.13866,-7.11232,0 111.13834,-7.112330000000001,0 111.13747,-7.11235,0 111.13714,-7.11229,0 111.13694,-7.112180000000001,0 111.13634,-7.11179,0 111.1361,-7.11179,0 111.13572,-7.11185,0 111.13514,-7.11199,0 111.13499,-7.11181,0 111.13495,-7.11162,0 111.13499,-7.111420000000001,0 111.13526,-7.11063,0 111.13527,-7.11031,0 111.13521,-7.10997,0 111.13509,-7.10989,0 111.13484,-7.10981,0 111.13336,-7.109429999999999,0 111.13293,-7.109190000000001,0 111.13288,-7.10912,0 111.13283,-7.10905,0 111.13271,-7.10876,0 111.13267,-7.10851,0 111.1327,-7.10818,0 111.13282,-7.107710000000001,0 111.13298,-7.10717,0 111.13295,-7.10706,0 111.13278,-7.106869999999999,0 111.13255,-7.106710000000001,0 111.13243,-7.10668,0 111.13224,-7.10673,0 111.13186,-7.10692,0 111.13131,-7.1073,0 111.13119,-7.1074,0 111.13067,-7.10784,0 111.13024,-7.108280000000001,0 111.12979,-7.10873,0 111.12952,-7.10885,0 111.12928,-7.1089,0 111.12899,-7.10891,0 111.12877,-7.108859999999999,0 111.12851,-7.10872,0 111.12817,-7.10848,0 111.12801,-7.108280000000001,0 111.12771,-7.10777,0 111.12756,-7.10743,0 111.12758,-7.107289999999999,0 111.12766,-7.10717,0 111.12787,-7.10701,0 111.12819,-7.10685,0 111.12957,-7.10628,0 111.12997,-7.10612,0 111.1304,-7.10576,0 111.13049,-7.10558,0 111.1305,-7.10529,0 111.13045,-7.10497,0 111.13026,-7.10404,0 111.13026,-7.1038,0 111.13036,-7.10368,0 111.13051,-7.10361,0 111.13076,-7.10359,0 111.13117,-7.10362,0 111.13174,-7.10369,0 111.13263,-7.1038,0 111.13297,-7.10394,0 111.1341,-7.10435,0 111.13417,-7.10432,0 111.13425,-7.104180000000001,0 111.13432,-7.10393,0 111.1343,-7.103750000000001,0 111.13422,-7.10361,0 111.13396,-7.10335,0 111.13352,-7.102999999999999,0 111.13298,-7.102520000000001,0 111.1329,-7.102339999999999,0 111.13281,-7.10191,0 111.13272,-7.10149,0 111.13252,-7.10102,0 111.13234,-7.10082,0 111.13218,-7.10072,0 111.13201,-7.100700000000001,0 111.13187,-7.10075,0 111.13175,-7.10087,0 111.13147,-7.101109999999999,0 111.13109,-7.10133,0 111.13098,-7.10135,0 111.13082,-7.10126,0 111.13064,-7.10108,0 111.13054,-7.1009,0 111.13053,-7.10069,0 111.13058,-7.10043,0 111.1307,-7.100109999999999,0 111.13095,-7.09967,0 111.13129,-7.099070000000001,0 111.13169,-7.09844,0 111.13188,-7.0983,0 111.13198,-7.098310000000001,0 111.13215,-7.098410000000001,0 111.13237,-7.098629999999999,0 111.13302,-7.099220000000001,0 111.13323,-7.09928,0 111.13352,-7.09928,0 111.13382,-7.099220000000001,0 111.134,-7.0991,0 111.13454,-7.098629999999999,0 111.13466,-7.09843,0 111.13471,-7.098230000000001,0 111.13471,-7.09794,0 111.13464,-7.097569999999999,0 111.13448,-7.097170000000001,0 111.13435,-7.097,0 111.13422,-7.09692,0 111.13405,-7.09688,0 111.13386,-7.096909999999999,0 111.13362,-7.09703,0 111.13292,-7.09738,0 111.13272,-7.0974,0 111.13256,-7.09734,0 111.1323,-7.097160000000001,0 111.13202,-7.097,0 111.13163,-7.09686,0 111.13105,-7.096659999999999,0 111.13086,-7.09654,0 111.13115,-7.09645,0 111.1314,-7.09627,0 111.13176,-7.09588,0 111.13234,-7.09532,0 111.13241,-7.09529,0 111.13265,-7.09521,0 111.13299,-7.09516,0 111.13336,-7.09519,0 111.13363,-7.09525,0 111.13398,-7.095429999999999,0 111.13425,-7.095600000000001,0 111.13459,-7.09578,0 111.13483,-7.09586,0 111.13516,-7.09592,0 111.1356,-7.095930000000001,0 111.13593,-7.095930000000001,0 111.13621,-7.09587,0 111.13663,-7.09581,0 111.13723,-7.09583,0 111.13795,-7.09595,0 111.13837,-7.09612,0 111.13864,-7.0963,0 111.13885,-7.09662,0 111.13903,-7.09697,0 111.13919,-7.09718,0 111.13947,-7.09736,0 111.13971,-7.09743,0 111.14038,-7.09746,0 111.14098,-7.09745,0 111.14154,-7.09746,0 111.14176,-7.09744,0 111.14208,-7.097229999999999,0 111.14235,-7.09692,0 111.14262,-7.096420000000001,0 111.14267,-7.095999999999999,0 
						</coordinates>
					</LinearRing>
				</outerBoundaryIs>
			</Polygon>
		</MultiGeometry>
	</Placemark>
	<Placemark id="polygon_kelurahan.4398">
		<name>KUWU</name>
		<open>1</open>
		<styleUrl>#m_ylw-pushpin</styleUrl>
		<ExtendedData>
			<SchemaData schemaUrl="#polygon_kelurahan111">
				<SimpleData name="id">32787</SimpleData>
				<SimpleData name="provinsi">JAWA TENGAH</SimpleData>
				<SimpleData name="kota">GROBOGAN</SimpleData>
				<SimpleData name="kecamatan">KRADENAN</SimpleData>
				<SimpleData name="NUM_FIELD">32786</SimpleData>
			</SchemaData>
		</ExtendedData>
		<MultiGeometry>
			<Polygon>
				<outerBoundaryIs>
					<LinearRing>
						<coordinates>
							111.12713,-7.10686,0 111.1273,-7.10657,0 111.12757,-7.10634,0 111.12765,-7.10628,0 111.128,-7.106049999999999,0 111.12872,-7.10562,0 111.12884,-7.10547,0 111.12896,-7.10521,0 111.12903,-7.10496,0 111.12895,-7.10494,0 111.12673,-7.10438,0 111.12643,-7.10423,0 111.12604,-7.104090000000001,0 111.125,-7.1038,0 111.12424,-7.103579999999999,0 111.12376,-7.10341,0 111.12358,-7.103260000000001,0 111.12327,-7.10313,0 111.12286,-7.10304,0 111.12271,-7.103090000000001,0 111.12204,-7.10337,0 111.12187,-7.10338,0 111.1219,-7.10353,0 111.12167,-7.104660000000001,0 111.1216,-7.10485,0 111.1211,-7.105059999999999,0 111.12073,-7.10516,0 111.11997,-7.105570000000001,0 111.11897,-7.10591,0 111.11789,-7.10628,0 111.11711,-7.10659,0 111.11597,-7.10698,0 111.11503,-7.107220000000001,0 111.11427,-7.10741,0 111.11354,-7.10761,0 111.11303,-7.10775,0 111.11276,-7.10779,0 111.11312,-7.108189999999999,0 111.11347,-7.1086,0 111.11446,-7.109700000000001,0 111.11462,-7.10988,0 111.115,-7.110339999999999,0 111.11536,-7.110760000000001,0 111.11567,-7.11108,0 111.1159,-7.11141,0 111.11632,-7.11188,0 111.11638,-7.11194,0 111.11652,-7.112090000000001,0 111.11661,-7.11204,0 111.11679,-7.11196,0 111.11685,-7.11192,0 111.11702,-7.11186,0 111.11765,-7.1117,0 111.11825,-7.11165,0 111.11908,-7.111750000000001,0 111.12034,-7.11211,0 111.12036,-7.112330000000001,0 111.12038,-7.11254,0 111.12033,-7.11274,0 111.12022,-7.11298,0 111.12004,-7.11347,0 111.11989,-7.11402,0 111.11974,-7.11449,0 111.11966,-7.114890000000001,0 111.11963,-7.11533,0 111.11961,-7.11568,0 111.11972,-7.11608,0 111.12001,-7.116610000000001,0 111.1205,-7.11721,0 111.12108,-7.11791,0 111.12154,-7.118409999999999,0 111.12185,-7.11878,0 111.12226,-7.1193,0 111.12269,-7.11971,0 111.12301,-7.11989,0 111.12324,-7.11992,0 111.12353,-7.119910000000001,0 111.1238326955715,-7.119909026147016,0 111.1238017659118,-7.120416447753801,0 111.1236514718673,-7.121575238774142,0 111.123447623013,-7.122251115126195,0 111.1229509676698,-7.124488106494429,0 111.1228323305826,-7.126120389621412,0 111.1222946003665,-7.12840211985232,0 111.1217980234928,-7.12830665604664,0 111.1216320593194,-7.129104207173731,0 111.1196554233471,-7.128761524780152,0 111.1195590076552,-7.129991081002533,0 111.1190487749645,-7.130850573490511,0 111.1190617924168,-7.131980461032765,0 111.1181382084373,-7.134211751005267,0 111.1174924759937,-7.13419514535358,0 111.1155721338718,-7.133914053652049,0 111.1155126258787,-7.134721626534511,0 111.1177619635972,-7.135061617900346,0 111.1176499874725,-7.135874437600773,0 111.117567206342,-7.136981097064153,0 111.1186210959116,-7.137216850330956,0 111.1182193090808,-7.137981164835857,0 111.1187481016081,-7.138119061644292,0 111.1185944787101,-7.138400651958234,0 111.1190487772673,-7.138601661062314,0 111.1191933527213,-7.138413241708268,0 111.1197493805755,-7.138406956538766,0 111.1226131440556,-7.139250161996942,0 111.1239186942121,-7.13930558619564,0 111.1241401755968,-7.138028591138515,0 111.1243639826073,-7.13721193957606,0 111.1246702532316,-7.137319869986722,0 111.1247990701293,-7.136845562841513,0 111.1245128360564,-7.136785915372202,0 111.1246674151327,-7.136192324469307,0 111.1249794083689,-7.136294575260349,0 111.1250595628263,-7.135752107794827,0 111.1248906859746,-7.135706662155905,0 111.1254745684318,-7.135016897714579,0 111.1256454029485,-7.134541853779932,0 111.1263599746465,-7.132265346012498,0 111.1278664755591,-7.127092218561488,0 111.1295986163056,-7.127693521631463,0 111.1304270211025,-7.127936252783439,0 111.13131,-7.128060000000001,0 111.1313338504653,-7.127947596266347,0 111.1320269142582,-7.127874126198112,0 111.132148253876,-7.127179730353537,0 111.1324388970475,-7.126709336138929,0 111.1326082032437,-7.126126943610773,0 111.1333364779628,-7.126668586061155,0 111.1337145930654,-7.125864995356226,0 111.1338161761907,-7.125528998954919,0 111.1323606944824,-7.125098125092046,0 111.13242,-7.1245,0 111.13248,-7.123929999999999,0 111.13249,-7.12337,0 111.13241,-7.12319,0 111.13227,-7.12299,0 111.1321,-7.12289,0 111.13186,-7.12266,0 111.13159,-7.122299999999999,0 111.13152,-7.12211,0 111.13152,-7.12195,0 111.13154,-7.12116,0 111.13141,-7.121059999999999,0 111.13127,-7.12103,0 111.13113,-7.12108,0 111.13086,-7.12118,0 111.13067,-7.12114,0 111.13047,-7.12103,0 111.13039,-7.120900000000001,0 111.13038,-7.12077,0 111.13039,-7.12034,0 111.13027,-7.12019,0 111.12989,-7.119739999999999,0 111.12995,-7.11968,0 111.13007,-7.11964,0 111.1303,-7.11965,0 111.13074,-7.119739999999999,0 111.13119,-7.11984,0 111.13169,-7.119819999999999,0 111.13184,-7.11971,0 111.1321,-7.119399999999999,0 111.13226,-7.119090000000001,0 111.13255,-7.1186,0 111.1328,-7.11811,0 111.13285,-7.1178,0 111.13281,-7.11756,0 111.13276,-7.117200000000001,0 111.13279,-7.11617,0 111.1327,-7.116050000000001,0 111.13251,-7.11591,0 111.13223,-7.115689999999999,0 111.13217,-7.11555,0 111.13219,-7.11542,0 111.13228,-7.11526,0 111.13238,-7.11515,0 111.13248,-7.11504,0 111.13266,-7.114810000000001,0 111.13263,-7.1147,0 111.13253,-7.11458,0 111.13233,-7.11446,0 111.13214,-7.11443,0 111.1317,-7.11441,0 111.13154,-7.114320000000001,0 111.13138,-7.114150000000001,0 111.13128,-7.113959999999999,0 111.1313,-7.11385,0 111.13138,-7.1137,0 111.13157,-7.11351,0 111.13187,-7.11329,0 111.1324,-7.112990000000001,0 111.13264,-7.11298,0 111.13319,-7.11294,0 111.13335,-7.11287,0 111.13344,-7.112750000000001,0 111.13342,-7.112639999999999,0 111.13331,-7.11232,0 111.13318,-7.1119,0 111.13322,-7.11177,0 111.1333,-7.111729999999999,0 111.13345,-7.111760000000001,0 111.13363,-7.11188,0 111.13411,-7.11221,0 111.13458,-7.11234,0 111.1347,-7.11225,0 111.13514,-7.11199,0 111.13499,-7.11181,0 111.13495,-7.11162,0 111.13499,-7.111420000000001,0 111.13526,-7.11063,0 111.13527,-7.11031,0 111.13521,-7.10997,0 111.13509,-7.10989,0 111.13484,-7.10981,0 111.13336,-7.109429999999999,0 111.13293,-7.109190000000001,0 111.13288,-7.10912,0 111.13283,-7.10905,0 111.13271,-7.10876,0 111.13267,-7.10851,0 111.1327,-7.10818,0 111.13282,-7.107710000000001,0 111.13298,-7.10717,0 111.13295,-7.10706,0 111.13278,-7.106869999999999,0 111.13255,-7.106710000000001,0 111.13243,-7.10668,0 111.13224,-7.10673,0 111.13186,-7.10692,0 111.13131,-7.1073,0 111.13119,-7.1074,0 111.13067,-7.10784,0 111.13024,-7.108280000000001,0 111.12979,-7.10873,0 111.12952,-7.10885,0 111.12928,-7.1089,0 111.12899,-7.10891,0 111.12877,-7.108859999999999,0 111.12851,-7.10872,0 111.12817,-7.10848,0 111.12801,-7.108280000000001,0 111.12771,-7.10777,0 111.12756,-7.10743,0 111.12713,-7.10686,0 
						</coordinates>
					</LinearRing>
				</outerBoundaryIs>
			</Polygon>
		</MultiGeometry>
	</Placemark>
</Document>
</kml>
